[{"id":10074,"name":"Acauã","latitude":-8.31552,"longitude":-40.91283},{"id":10092,"name":"Agricolândia","latitude":-5.74819,"longitude":-42.67458},{"id":15651,"name":"Água Branca","latitude":-5.89222,"longitude":-42.63611},{"id":10112,"name":"Alagoinha do Piauí","latitude":-6.98016,"longitude":-40.91814},{"id":10125,"name":"Alegrete do Piauí","latitude":-7.16226,"longitude":-40.82488},{"id":10173,"name":"Alto Longá","latitude":-5.40788,"longitude":-42.06612},{"id":10186,"name":"Altos","latitude":-5.03806,"longitude":-42.46},{"id":10198,"name":"Alvorada do Gurguéia","latitude":-8.38553,"longitude":-43.83237},{"id":10209,"name":"Amarante","latitude":-6.3702,"longitude":-42.78806},{"id":10254,"name":"Angical do Piauí","latitude":-6.09884,"longitude":-42.72022},{"id":10283,"name":"Anísio de Abreu","latitude":-9.24779,"longitude":-43.05238},{"id":10271,"name":"Antônio Almeida","latitude":-7.12211,"longitude":-44.25307},{"id":10404,"name":"Aroazes","latitude":-6.20348,"longitude":-41.86926},{"id":10406,"name":"Aroeiras do Itaim","latitude":-7.27,"longitude":-41.56},{"id":10407,"name":"Arraial","latitude":-6.62721,"longitude":-42.49393},{"id":10431,"name":"Assunção do Piauí","latitude":-5.85575,"longitude":-40.94796},{"id":10459,"name":"Avelino Lopes","latitude":-10.11463,"longitude":-43.89286},{"id":10477,"name":"Baixa Grande do Ribeiro","latitude":-8.69171,"longitude":-45.12583},{"id":10522,"name":"Barra d'Alcântara","latitude":-6.54095,"longitude":-42.11504},{"id":10549,"name":"Barras","latitude":-4.24444,"longitude":-42.29444},{"id":10552,"name":"Barreiras do Piauí","latitude":-9.99042,"longitude":-45.69329},{"id":10562,"name":"Barro Duro","latitude":-5.85063,"longitude":-42.45878},{"id":10582,"name":"Batalha","latitude":-3.99736,"longitude":-42.10645},{"id":10600,"name":"Bela Vista do Piauí","latitude":-7.91606,"longitude":-41.90091},{"id":10620,"name":"Belém do Piauí","latitude":-7.40657,"longitude":-40.98873},{"id":10622,"name":"Beneditinos","latitude":-5.45,"longitude":-42.36667},{"id":10639,"name":"Bertolínia","latitude":-7.75477,"longitude":-43.79588},{"id":10644,"name":"Betânia do Piauí","latitude":-8.0643,"longitude":-40.85924},{"id":10662,"name":"Boa Hora","latitude":-4.35576,"longitude":-42.14109},{"id":10679,"name":"Bocaina","latitude":-6.89508,"longitude":-41.32746},{"id":10698,"name":"Bom Jesus","latitude":-9.07444,"longitude":-44.35861},{"id":10720,"name":"Bom Princípio do Piauí","latitude":-3.23751,"longitude":-41.64572},{"id":10732,"name":"Bonfim do Piauí","latitude":-9.16462,"longitude":-42.88253},{"id":10745,"name":"Boqueirão do Piauí","latitude":-4.5665,"longitude":-42.13601},{"id":10769,"name":"Brasileira","latitude":-4.13325,"longitude":-41.58774},{"id":10796,"name":"Brejo do Piauí","latitude":-8.26858,"longitude":-42.78801},{"id":10828,"name":"Buriti dos Lopes","latitude":-3.175,"longitude":-41.86694},{"id":10829,"name":"Buriti dos Montes","latitude":-5.20888,"longitude":-41.25078},{"id":10849,"name":"Cabeceiras do Piauí","latitude":-4.43347,"longitude":-42.2306},{"id":10916,"name":"Cajazeiras do Piauí","latitude":-6.78182,"longitude":-42.39243},{"id":10920,"name":"Cajueiro da Praia","latitude":-2.98747,"longitude":-41.35439},{"id":10928,"name":"Caldeirão Grande do Piauí","latitude":-7.34361,"longitude":-40.58774},{"id":10971,"name":"Campinas do Piauí","latitude":-7.67905,"longitude":-41.87938},{"id":10980,"name":"Campo Alegre do Fidalgo","latitude":-8.31452,"longitude":-41.79184},{"id":10991,"name":"Campo Grande do Piauí","latitude":-7.2207,"longitude":-41.04511},{"id":10993,"name":"Campo Largo do Piauí","latitude":-3.85518,"longitude":-42.60317},{"id":10997,"name":"Campo Maior","latitude":-4.82778,"longitude":-42.16861},{"id":11028,"name":"Canavieira","latitude":-7.50756,"longitude":-43.6863},{"id":11056,"name":"Canto do Buriti","latitude":-8.11,"longitude":-42.94444},{"id":11086,"name":"Capitão de Campos","latitude":-4.47203,"longitude":-41.88512},{"id":11083,"name":"Capitão Gervásio Oliveira","latitude":-8.52938,"longitude":-41.90126},{"id":11101,"name":"Caracol","latitude":-9.34943,"longitude":-43.27078},{"id":11119,"name":"Caraúbas do Piauí","latitude":-3.53699,"longitude":-41.84588},{"id":11130,"name":"Caridade do Piauí","latitude":-7.70139,"longitude":-40.89597},{"id":11188,"name":"Castelo do Piauí","latitude":-5.2158,"longitude":-41.55735},{"id":11220,"name":"Caxingó","latitude":-3.40863,"longitude":-41.88771},{"id":11306,"name":"Cocal","latitude":-3.43751,"longitude":-41.54594},{"id":11307,"name":"Cocal de Telha","latitude":-4.64857,"longitude":-41.99568},{"id":11309,"name":"Cocal dos Alves","latitude":-3.57383,"longitude":-41.45183},{"id":11318,"name":"Coivaras","latitude":-5.11661,"longitude":-42.26583},{"id":11337,"name":"Colônia do Gurguéia","latitude":-8.14465,"longitude":-43.77459},{"id":11338,"name":"Colônia do Piauí","latitude":-7.22638,"longitude":-42.21262},{"id":11355,"name":"Conceição do Canindé","latitude":-7.98695,"longitude":-41.57544},{"id":11421,"name":"Coronel José Dias","latitude":-9.07216,"longitude":-42.27241},{"id":11434,"name":"Corrente","latitude":-10.47219,"longitude":-45.04691},{"id":11473,"name":"Cristalândia do Piauí","latitude":-10.82007,"longitude":-45.11052},{"id":11477,"name":"Cristino Castro","latitude":-8.69043,"longitude":-44.04806},{"id":11522,"name":"Curimatá","latitude":-9.86209,"longitude":-44.38994},{"id":11527,"name":"Currais","latitude":-8.73985,"longitude":-44.86466},{"id":11529,"name":"Curral Novo do Piauí","latitude":-7.88978,"longitude":-40.76427},{"id":11534,"name":"Curralinhos","latitude":-5.58488,"longitude":-42.86082},{"id":11571,"name":"Demerval Lobão","latitude":-5.35833,"longitude":-42.67639},{"id":11598,"name":"Dirceu Arcoverde","latitude":-9.3323,"longitude":-42.43422},{"id":11627,"name":"Dom Expedito Lopes","latitude":-6.95806,"longitude":-41.71629},{"id":11629,"name":"Dom Inocêncio","latitude":-8.8848,"longitude":-41.72},{"id":11638,"name":"Domingos Mourão","latitude":-4.19141,"longitude":-41.34833},{"id":11681,"name":"Elesbão Veloso","latitude":-6.19359,"longitude":-42.16607},{"id":11683,"name":"Eliseu Martins","latitude":-7.90155,"longitude":-43.77769},{"id":11729,"name":"Esperantina","latitude":-3.84898,"longitude":-42.17102},{"id":11780,"name":"Fartura do Piauí","latitude":-9.52033,"longitude":-42.78927},{"id":11833,"name":"Flores do Piauí","latitude":-7.64121,"longitude":-42.84551},{"id":11838,"name":"Floresta do Piauí","latitude":-7.47628,"longitude":-41.84428},{"id":11841,"name":"Floriano","latitude":-6.76694,"longitude":-43.0225},{"id":11875,"name":"Francinópolis","latitude":-6.41032,"longitude":-42.24638},{"id":11877,"name":"Francisco Ayres","latitude":-6.6913,"longitude":-42.69202},{"id":11882,"name":"Francisco Macedo","latitude":-7.35845,"longitude":-40.77056},{"id":11884,"name":"Francisco Santos","latitude":-7.10293,"longitude":-41.145},{"id":11900,"name":"Fronteiras","latitude":-7.0125,"longitude":-40.56213},{"id":11933,"name":"Geminiano","latitude":-7.16595,"longitude":-41.38802},{"id":11944,"name":"Gilbués","latitude":-9.72737,"longitude":-45.52017},{"id":12013,"name":"Guadalupe","latitude":-6.82297,"longitude":-43.77762},{"id":12066,"name":"Guaribas","latitude":-9.2887,"longitude":-43.58188},{"id":12108,"name":"Hugo Napoleão","latitude":-6.03293,"longitude":-42.46773},{"id":12208,"name":"Ilha Grande","latitude":-2.84022,"longitude":-41.82881},{"id":12252,"name":"Inhuma","latitude":-6.66187,"longitude":-41.68135},{"id":12278,"name":"Ipiranga do Piauí","latitude":-6.84634,"longitude":-41.74687},{"id":12292,"name":"Ipueiras","latitude":-7.03333,"longitude":-40.45},{"id":12322,"name":"Isaías Coelho","latitude":-7.54521,"longitude":-41.64289},{"id":12358,"name":"Itainópolis","latitude":-7.45524,"longitude":-41.54165},{"id":12463,"name":"Itaueira","latitude":-7.60333,"longitude":-43.02556},{"id":12528,"name":"Jacobina do Piauí","latitude":-7.96488,"longitude":-41.17396},{"id":12551,"name":"Jaicós","latitude":-7.45645,"longitude":-41.22016},{"id":12590,"name":"Jardim do Mulato","latitude":-6.15734,"longitude":-42.47763},{"id":12604,"name":"Jatobá do Piauí","latitude":-4.80296,"longitude":-41.89545},{"id":12623,"name":"Jerumenha","latitude":-7.09885,"longitude":-43.54675},{"id":12658,"name":"João Costa","latitude":-8.54315,"longitude":-42.41513},{"id":12639,"name":"Joaquim Pires","latitude":-3.53692,"longitude":-42.0775},{"id":12644,"name":"Joca Marques","latitude":-3.54211,"longitude":-42.43579},{"id":12655,"name":"José de Freitas","latitude":-4.72992,"longitude":-42.61373},{"id":12675,"name":"Juazeiro do Piauí","latitude":-5.02486,"longitude":-41.52841},{"id":12717,"name":"Júlio Borges","latitude":-10.5158,"longitude":-44.19178},{"id":12696,"name":"Jurema","latitude":-9.29862,"longitude":-43.15301},{"id":12734,"name":"Lagoa Alegre","latitude":-4.4951,"longitude":-42.56555},{"id":12755,"name":"Lagoa de São Francisco","latitude":-4.35468,"longitude":-41.59168},{"id":12757,"name":"Lagoa do Barro do Piauí","latitude":-8.73535,"longitude":-41.54813},{"id":12762,"name":"Lagoa do Piauí","latitude":-5.47513,"longitude":-42.54814},{"id":12763,"name":"Lagoa do Sítio","latitude":-6.51918,"longitude":-41.42058},{"id":12769,"name":"Lagoinha do Piauí","latitude":-5.80702,"longitude":-42.62796},{"id":12791,"name":"Landri Sales","latitude":-7.23268,"longitude":-43.86456},{"id":12879,"name":"Luís Correia","latitude":-3.03117,"longitude":-41.51665},{"id":12875,"name":"Luzilândia","latitude":-3.60743,"longitude":-42.36456},{"id":12906,"name":"Madeiro","latitude":-3.54658,"longitude":-42.51114},{"id":12952,"name":"Manoel Emídio","latitude":-8.16469,"longitude":-43.8336},{"id":12996,"name":"Marcolândia","latitude":-7.40891,"longitude":-40.74945},{"id":12997,"name":"Marcos Parente","latitude":-7.05412,"longitude":-43.91664},{"id":13042,"name":"Massapê do Piauí","latitude":-7.53879,"longitude":-41.01755},{"id":13058,"name":"Matias Olímpio","latitude":-3.68774,"longitude":-42.60695},{"id":13109,"name":"Miguel Alves","latitude":-4.1579,"longitude":-42.77263},{"id":13111,"name":"Miguel Leão","latitude":-5.72867,"longitude":-42.68942},{"id":13118,"name":"Milton Brandão","latitude":-4.74021,"longitude":-41.59457},{"id":13177,"name":"Monsenhor Gil","latitude":-5.64162,"longitude":-42.54879},{"id":13178,"name":"Monsenhor Hipólito","latitude":-6.94982,"longitude":-41.03155},{"id":13191,"name":"Monte Alegre do Piauí","latitude":-9.74213,"longitude":-44.98266},{"id":13241,"name":"Morro Cabeça no Tempo","latitude":-9.87713,"longitude":-43.90657},{"id":13249,"name":"Morro do Chapéu do Piauí","latitude":-3.68694,"longitude":-42.22185},{"id":13281,"name":"Murici dos Portelas","latitude":-3.36504,"longitude":-42.00218},{"id":13314,"name":"Nazaré do Piauí","latitude":-7.03279,"longitude":-42.73216},{"id":13315,"name":"Nazária","latitude":-5.44546,"longitude":-42.8684},{"id":13341,"name":"Nossa Senhora de Nazaré","latitude":-4.63841,"longitude":-42.19017},{"id":13344,"name":"Nossa Senhora dos Remédios","latitude":-4.05765,"longitude":-42.60651},{"id":13433,"name":"Nova Santa Rita","latitude":-8.11204,"longitude":-42.01361},{"id":13473,"name":"Novo Oriente do Piauí","latitude":-6.55034,"longitude":-41.98555},{"id":13477,"name":"Novo Santo Antônio","latitude":-5.32848,"longitude":-41.96256},{"id":13490,"name":"Oeiras","latitude":-6.90686,"longitude":-42.17529},{"id":13499,"name":"Olho d'Água do Piauí","latitude":-5.84854,"longitude":-42.53937},{"id":13563,"name":"Padre Marcos","latitude":-7.36533,"longitude":-40.93416},{"id":13565,"name":"Paes Landim","latitude":-7.77461,"longitude":-42.35087},{"id":13574,"name":"Pajeú do Piauí","latitude":-8.05364,"longitude":-42.86625},{"id":13593,"name":"Palmeira do Piauí","latitude":-8.51549,"longitude":-44.43642},{"id":13595,"name":"Palmeirais","latitude":-5.78548,"longitude":-43.02434},{"id":13622,"name":"Paquetá","latitude":-7.10746,"longitude":-41.64719},{"id":13678,"name":"Parnaguá","latitude":-10.12155,"longitude":-44.56012},{"id":13682,"name":"Parnaíba","latitude":-2.92278,"longitude":-41.73536},{"id":13694,"name":"Passagem Franca do Piauí","latitude":-5.82734,"longitude":-42.40584},{"id":13708,"name":"Patos do Piauí","latitude":-7.60918,"longitude":-41.29464},{"id":13715,"name":"Pau D'arco do Piauí","latitude":-5.24511,"longitude":-42.45473},{"id":13728,"name":"Paulistana","latitude":-8.22526,"longitude":-41.22746},{"id":13740,"name":"Pavussu","latitude":-7.88646,"longitude":-43.19694},{"id":13777,"name":"Pedro II","latitude":-4.49028,"longitude":-41.39962},{"id":13778,"name":"Pedro Laurentino","latitude":-8.11766,"longitude":-42.23542},{"id":13829,"name":"Picos","latitude":-7.10697,"longitude":-41.51271},{"id":13846,"name":"Pimenteiras","latitude":-6.24528,"longitude":-41.41917},{"id":13878,"name":"Pio IX","latitude":-6.86982,"longitude":-40.59717},{"id":13887,"name":"Piracuruca","latitude":-3.86656,"longitude":-41.74153},{"id":13917,"name":"Piripiri","latitude":-4.39488,"longitude":-41.78819},{"id":13992,"name":"Porto","latitude":-3.94558,"longitude":-42.68879},{"id":13996,"name":"Porto Alegre do Piauí","latitude":-6.95931,"longitude":-44.07411},{"id":14070,"name":"Prata do Piauí","latitude":-5.71099,"longitude":-42.15331},{"id":14138,"name":"Queimada Nova","latitude":-8.53997,"longitude":-41.24753},{"id":14186,"name":"Redenção do Gurguéia","latitude":-9.58205,"longitude":-44.53802},{"id":14188,"name":"Regeneração","latitude":-6.27844,"longitude":-42.48165},{"id":14210,"name":"Riacho Frio","latitude":-9.8366,"longitude":-44.67899},{"id":14233,"name":"Ribeira do Piauí","latitude":-8.09706,"longitude":-42.57609},{"id":14235,"name":"Ribeiro Gonçalves","latitude":-8.08721,"longitude":-45.47197},{"id":14278,"name":"Rio Grande do Piauí","latitude":-7.86062,"longitude":-43.14551},{"id":14454,"name":"Santa Cruz do Piauí","latitude":-7.2649,"longitude":-41.7638},{"id":14458,"name":"Santa Cruz dos Milagres","latitude":-5.83227,"longitude":-41.95795},{"id":14461,"name":"Santa Filomena","latitude":-8.89582,"longitude":-45.66715},{"id":14488,"name":"Santa Luz","latitude":-8.97437,"longitude":-44.27778},{"id":14546,"name":"Santa Rosa do Piauí","latitude":-6.82877,"longitude":-42.24627},{"id":14591,"name":"Santana do Piauí","latitude":-6.95247,"longitude":-41.46185},{"id":14618,"name":"Santo Antônio de Lisboa","latitude":-6.87642,"longitude":-41.18103},{"id":14643,"name":"Santo Antônio dos Milagres","latitude":-6.05399,"longitude":-42.70083},{"id":14651,"name":"Santo Inácio do Piauí","latitude":-7.46906,"longitude":-41.91794},{"id":14849,"name":"São Braz do Piauí","latitude":-8.9738,"longitude":-42.97568},{"id":14904,"name":"São Félix do Piauí","latitude":-5.88422,"longitude":-42.1083},{"id":14884,"name":"São Francisco de Assis do Piauí","latitude":-8.12334,"longitude":-41.48056},{"id":14897,"name":"São Francisco do Piauí","latitude":-7.16899,"longitude":-42.55086},{"id":14920,"name":"São Gonçalo do Gurguéia","latitude":-10.0763,"longitude":-45.42387},{"id":14922,"name":"São Gonçalo do Piauí","latitude":-6.02033,"longitude":-42.6702},{"id":15008,"name":"São João da Canabrava","latitude":-6.72756,"longitude":-41.38226},{"id":15009,"name":"São João da Fronteira","latitude":-4.09363,"longitude":-41.21552},{"id":15015,"name":"São João da Serra","latitude":-5.44173,"longitude":-41.85793},{"id":15017,"name":"São João da Varjota","latitude":-6.94733,"longitude":-41.92917},{"id":15025,"name":"São João do Arraial","latitude":-3.80325,"longitude":-42.46973},{"id":15040,"name":"São João do Piauí","latitude":-8.27575,"longitude":-42.34005},{"id":14968,"name":"São José do Divino","latitude":-3.74297,"longitude":-41.90119},{"id":14980,"name":"São José do Peixe","latitude":-7.49544,"longitude":-42.49355},{"id":14981,"name":"São José do Piauí","latitude":-6.84096,"longitude":-41.51702},{"id":15050,"name":"São Julião","latitude":-7.05987,"longitude":-40.79725},{"id":15056,"name":"São Lourenço do Piauí","latitude":-9.13336,"longitude":-42.40297},{"id":15059,"name":"São Luis do Piauí","latitude":-6.77801,"longitude":-41.2765},{"id":15080,"name":"São Miguel da Baixa Grande","latitude":-5.81791,"longitude":-42.27077},{"id":15088,"name":"São Miguel do Fidalgo","latitude":-7.59935,"longitude":-42.38796},{"id":15095,"name":"São Miguel do Tapuio","latitude":-5.70486,"longitude":-41.61634},{"id":15119,"name":"São Pedro do Piauí","latitude":-5.82135,"longitude":-42.77168},{"id":15126,"name":"São Raimundo Nonato","latitude":-9.0522,"longitude":-42.60836},{"id":14683,"name":"Sebastião Barros","latitude":-10.59755,"longitude":-44.83609},{"id":14685,"name":"Sebastião Leal","latitude":-7.51324,"longitude":-44.02545},{"id":14774,"name":"Sigefredo Pacheco","latitude":-4.79886,"longitude":-41.78459},{"id":14788,"name":"Simões","latitude":-7.59889,"longitude":-40.81778},{"id":14785,"name":"Simplício Mendes","latitude":-7.85389,"longitude":-41.91028},{"id":14801,"name":"Socorro do Piauí","latitude":-7.8982,"longitude":-42.50745},{"id":14827,"name":"Sussuapara","latitude":-7.00335,"longitude":-41.39182},{"id":15213,"name":"Tamboril do Piauí","latitude":-8.40278,"longitude":-43.09084},{"id":15222,"name":"Tanque do Piauí","latitude":-6.69614,"longitude":-42.1831},{"id":15284,"name":"Teresina","latitude":-5.10252,"longitude":-42.7407},{"id":15456,"name":"União","latitude":-4.59646,"longitude":-42.86468},{"id":15487,"name":"Uruçuí","latitude":-7.34206,"longitude":-44.58334},{"id":15501,"name":"Valença do Piauí","latitude":-6.2787,"longitude":-41.81385},{"id":15616,"name":"Várzea Branca","latitude":-9.34411,"longitude":-42.95158},{"id":15617,"name":"Várzea Grande","latitude":-6.56374,"longitude":-42.17729},{"id":15537,"name":"Vera Mendes","latitude":-7.5548,"longitude":-41.50596},{"id":15571,"name":"Vila Nova do Piauí","latitude":-7.18671,"longitude":-40.93621},{"id":15625,"name":"Wall Ferraz","latitude":-7.29532,"longitude":-41.8373}]