[{"id":17385,"name":"Alle","latitude":47.42542,"longitude":7.13018},{"id":17442,"name":"Bassecourt","latitude":47.33808,"longitude":7.24373},{"id":17548,"name":"Boncourt","latitude":47.49493,"longitude":7.01297},{"id":17659,"name":"Courfaivre","latitude":47.33461,"longitude":7.28186},{"id":17660,"name":"Courgenay","latitude":47.40483,"longitude":7.12522},{"id":17662,"name":"Courrendlin","latitude":47.33853,"longitude":7.37243},{"id":17663,"name":"Courroux","latitude":47.36069,"longitude":7.37371},{"id":17666,"name":"Courtételle","latitude":47.34074,"longitude":7.31827},{"id":17680,"name":"Delémont","latitude":47.36493,"longitude":7.34453},{"id":17681,"name":"Delémont District","latitude":47.35434,"longitude":7.33053},{"id":17799,"name":"Fontenais","latitude":47.40292,"longitude":7.08108},{"id":17801,"name":"Franches-Montagnes District","latitude":47.24935,"longitude":7.04562},{"id":17844,"name":"Glovelier","latitude":47.33534,"longitude":7.20556},{"id":18060,"name":"Le Noirmont","latitude":47.22464,"longitude":6.95784},{"id":18069,"name":"Les Bois","latitude":47.17715,"longitude":6.90498},{"id":18071,"name":"Les Breuleux","latitude":47.21099,"longitude":7.00792},{"id":18319,"name":"Porrentruy","latitude":47.41728,"longitude":7.07573},{"id":18320,"name":"Porrentruy District","latitude":47.41475,"longitude":7.07638},{"id":18420,"name":"Saignelégier","latitude":47.25619,"longitude":6.99648},{"id":18677,"name":"Vicques","latitude":47.35,"longitude":7.41342}]