[{"id":9179,"name":"Gourcy","latitude":13.20776,"longitude":-2.35893},{"id":9194,"name":"Ouahigouya","latitude":13.58278,"longitude":-2.42158},{"id":9220,"name":"Province du Loroum","latitude":13.91667,"longitude":-2.16667},{"id":9225,"name":"Province du Passoré","latitude":12.91667,"longitude":-2.16667},{"id":9234,"name":"Province du Yatenga","latitude":13.58333,"longitude":-2.41667},{"id":9236,"name":"Province du Zondoma","latitude":13.18333,"longitude":-2.36667},{"id":9243,"name":"Titao","latitude":13.76667,"longitude":-2.06667},{"id":9246,"name":"Yako","latitude":12.9591,"longitude":-2.26075}]