[{"id":664,"name":"Apolinario Saravia","latitude":-24.43276,"longitude":-63.99535},{"id":707,"name":"Cachí","latitude":-25.12033,"longitude":-66.16519},{"id":708,"name":"Cafayate","latitude":-26.08333,"longitude":-65.83333},{"id":720,"name":"Campo Quijano","latitude":-24.90982,"longitude":-65.63656},{"id":760,"name":"Chicoana","latitude":-25.10502,"longitude":-65.53473},{"id":819,"name":"Departamento Capital","latitude":-24.83333,"longitude":-65.33333},{"id":828,"name":"Departamento de Anta","latitude":-24.91667,"longitude":-64.0},{"id":857,"name":"Departamento de Cerrillos","latitude":-25.0,"longitude":-65.41667},{"id":858,"name":"Departamento de Chicoana","latitude":-25.11583,"longitude":-65.59466},{"id":891,"name":"Departamento de General Güemes","latitude":-24.79464,"longitude":-64.94393},{"id":901,"name":"Departamento de Guachipas","latitude":-25.66667,"longitude":-65.5},{"id":911,"name":"Departamento de Iruya","latitude":-22.8,"longitude":-64.91667},{"id":920,"name":"Departamento de La Poma","latitude":-24.16667,"longitude":-66.16667},{"id":921,"name":"Departamento de La Viña","latitude":-25.5,"longitude":-65.66667},{"id":931,"name":"Departamento de Los Andes","latitude":-24.5,"longitude":-67.33333},{"id":942,"name":"Departamento de Metán","latitude":-25.5,"longitude":-64.66667},{"id":968,"name":"Departamento de Rivadavia","latitude":-23.66667,"longitude":-62.91667},{"id":971,"name":"Departamento de Rosario de la Frontera","latitude":-25.91667,"longitude":-64.83333},{"id":970,"name":"Departamento de Rosario de Lerma","latitude":-24.58333,"longitude":-65.83333},{"id":982,"name":"Departamento de San Carlos","latitude":-25.75,"longitude":-66.08333},{"id":1052,"name":"El Carril","latitude":-25.0741,"longitude":-65.49174},{"id":1055,"name":"El Galpón","latitude":-25.38069,"longitude":-64.65259},{"id":1059,"name":"El Quebrachal","latitude":-25.28333,"longitude":-64.06667},{"id":1067,"name":"Embarcación","latitude":-23.21003,"longitude":-64.09965},{"id":1101,"name":"General Enrique Mosconi","latitude":-22.59588,"longitude":-63.81255},{"id":1168,"name":"Joaquín V. González","latitude":-25.11364,"longitude":-64.12628},{"id":1177,"name":"La Caldera","latitude":-24.58333,"longitude":-65.41667},{"id":1224,"name":"Las Lajitas","latitude":-24.72762,"longitude":-64.19335},{"id":1403,"name":"Salta","latitude":-24.7859,"longitude":-65.41166},{"id":1411,"name":"San Antonio de los Cobres","latitude":-24.21804,"longitude":-66.31877},{"id":1449,"name":"San Ramón de la Nueva Orán","latitude":-23.13705,"longitude":-64.32426},{"id":1469,"name":"Santa Rosa de Tastil","latitude":-24.45166,"longitude":-65.97452},{"id":1498,"name":"Tartagal","latitude":-22.51637,"longitude":-63.80131}]