[{"id":9262,"name":"Balchik","latitude":43.42166,"longitude":28.15848},{"id":9310,"name":"Dobrich","latitude":43.56667,"longitude":27.83333},{"id":9330,"name":"General Toshevo","latitude":43.70123,"longitude":28.03787},{"id":9357,"name":"Kavarna","latitude":43.43601,"longitude":28.33953},{"id":9378,"name":"Krushari","latitude":43.81675,"longitude":27.75552},{"id":9420,"name":"Obshtina Balchik","latitude":43.5,"longitude":28.13333},{"id":9457,"name":"Obshtina Dobrich","latitude":43.57763,"longitude":27.80628},{"id":9458,"name":"Obshtina Dobrich-Selska","latitude":43.63333,"longitude":27.73333},{"id":9477,"name":"Obshtina General Toshevo","latitude":43.73333,"longitude":28.08333},{"id":9499,"name":"Obshtina Kavarna","latitude":43.5,"longitude":28.38333},{"id":9514,"name":"Obshtina Krushari","latitude":43.88333,"longitude":27.75},{"id":9587,"name":"Obshtina Shabla","latitude":43.61667,"longitude":28.51667},{"id":9611,"name":"Obshtina Tervel","latitude":43.75,"longitude":27.4},{"id":9690,"name":"Shabla","latitude":43.53983,"longitude":28.53429},{"id":9720,"name":"Tervel","latitude":43.74789,"longitude":27.40911}]