[{"id":296,"name":"Akunk’","latitude":40.15886,"longitude":45.72568},{"id":336,"name":"Astghadzor","latitude":40.12231,"longitude":45.35553},{"id":364,"name":"Chambarak","latitude":40.59655,"longitude":45.35498},{"id":371,"name":"Ddmashen","latitude":40.57028,"longitude":44.82295},{"id":375,"name":"Drakhtik","latitude":40.56497,"longitude":45.2367},{"id":380,"name":"Dzoragyugh","latitude":40.16957,"longitude":45.18337},{"id":384,"name":"Gagarin","latitude":40.54026,"longitude":44.86962},{"id":385,"name":"Gandzak","latitude":40.31472,"longitude":45.11139},{"id":387,"name":"Gavarr","latitude":40.35398,"longitude":45.12386},{"id":390,"name":"Geghamasar","latitude":40.31091,"longitude":45.67924},{"id":391,"name":"Geghamavan","latitude":40.5625,"longitude":44.88892},{"id":427,"name":"Karanlukh","latitude":40.10444,"longitude":45.28972},{"id":429,"name":"Karchaghbyur","latitude":40.17048,"longitude":45.57785},{"id":437,"name":"Lanjaghbyur","latitude":40.26947,"longitude":45.14447},{"id":438,"name":"Lchap’","latitude":40.45569,"longitude":45.07507},{"id":439,"name":"Lchashen","latitude":40.51947,"longitude":44.93048},{"id":446,"name":"Lichk’","latitude":40.15933,"longitude":45.23467},{"id":450,"name":"Madina","latitude":40.07637,"longitude":45.25507},{"id":457,"name":"Martuni","latitude":40.08333,"longitude":45.25},{"id":467,"name":"Mets Masrik","latitude":40.21948,"longitude":45.76391},{"id":481,"name":"Nerk’in Getashen","latitude":40.14172,"longitude":45.27087},{"id":492,"name":"Noratus","latitude":40.37793,"longitude":45.18048},{"id":511,"name":"Sarukhan","latitude":40.29169,"longitude":45.13068},{"id":514,"name":"Sevan","latitude":40.5473,"longitude":44.94171},{"id":541,"name":"Tsovagyugh","latitude":40.63348,"longitude":44.96112},{"id":542,"name":"Tsovak","latitude":40.18254,"longitude":45.63286},{"id":543,"name":"Tsovasar","latitude":40.1382,"longitude":45.19096},{"id":544,"name":"Tsovazard","latitude":40.4751,"longitude":45.05011},{"id":545,"name":"Tsovinar","latitude":40.15959,"longitude":45.46786},{"id":550,"name":"Vaghashen","latitude":40.13611,"longitude":45.33069},{"id":552,"name":"Vahan","latitude":40.57549,"longitude":45.39769},{"id":556,"name":"Vardenik","latitude":40.13348,"longitude":45.44311},{"id":557,"name":"Vardenis","latitude":40.18329,"longitude":45.73053},{"id":558,"name":"Varser","latitude":40.55548,"longitude":44.90832},{"id":563,"name":"Verin Getashen","latitude":40.13068,"longitude":45.25293},{"id":578,"name":"Yeranos","latitude":40.20428,"longitude":45.19209}]