[{"id":10075,"name":"Aceguá","latitude":-31.64597,"longitude":-54.10715},{"id":15664,"name":"Água Santa","latitude":-28.18543,"longitude":-52.01286},{"id":10097,"name":"Agudo","latitude":-29.62631,"longitude":-53.22404},{"id":10106,"name":"Ajuricaba","latitude":-28.20723,"longitude":-53.74458},{"id":10122,"name":"Alecrim","latitude":-27.65897,"longitude":-54.75943},{"id":10124,"name":"Alegrete","latitude":-29.78306,"longitude":-55.79194},{"id":10126,"name":"Alegria","latitude":-27.79967,"longitude":-54.05855},{"id":10145,"name":"Almirante Tamandaré do Sul","latitude":-28.15104,"longitude":-52.91142},{"id":10148,"name":"Alpestre","latitude":-27.22135,"longitude":-53.05749},{"id":10161,"name":"Alto Alegre","latitude":-28.79752,"longitude":-52.98177},{"id":10169,"name":"Alto Feliz","latitude":-29.36438,"longitude":-51.30068},{"id":10195,"name":"Alvorada","latitude":-29.98897,"longitude":-51.03717},{"id":10207,"name":"Amaral Ferrador","latitude":-30.80769,"longitude":-52.29964},{"id":10215,"name":"Ametista do Sul","latitude":-27.36698,"longitude":-53.18701},{"id":10248,"name":"André da Rocha","latitude":-28.58832,"longitude":-51.49976},{"id":10267,"name":"Anta Gorda","latitude":-28.96836,"longitude":-51.97107},{"id":10280,"name":"Antônio Prado","latitude":-28.87322,"longitude":-51.31744},{"id":10331,"name":"Arambaré","latitude":-30.91331,"longitude":-51.55614},{"id":10353,"name":"Araricá","latitude":-29.64987,"longitude":-50.9335},{"id":10360,"name":"Aratiba","latitude":-27.37708,"longitude":-52.29009},{"id":10412,"name":"Arroio do Meio","latitude":-29.40111,"longitude":-51.945},{"id":10413,"name":"Arroio do Padre","latitude":-31.43927,"longitude":-52.39642},{"id":10414,"name":"Arroio do Sal","latitude":-29.5293,"longitude":-49.89148},{"id":10415,"name":"Arroio do Tigre","latitude":-29.26209,"longitude":-53.0606},{"id":10416,"name":"Arroio dos Ratos","latitude":-30.07722,"longitude":-51.72917},{"id":10410,"name":"Arroio Grande","latitude":-32.17945,"longitude":-52.86652},{"id":10421,"name":"Arvorezinha","latitude":-28.86971,"longitude":-52.19631},{"id":10444,"name":"Augusto Pestana","latitude":-28.54034,"longitude":-53.97927},{"id":15680,"name":"Áurea","latitude":-27.69538,"longitude":-52.0656},{"id":10474,"name":"Bagé","latitude":-31.33139,"longitude":-54.10694},{"id":10488,"name":"Balneário Pinhal","latitude":-30.21275,"longitude":-50.29309},{"id":10570,"name":"Barão","latitude":-29.39636,"longitude":-51.5462},{"id":10573,"name":"Barão de Cotegipe","latitude":-27.55108,"longitude":-52.44751},{"id":10577,"name":"Barão do Triunfo","latitude":-30.39257,"longitude":-51.79493},{"id":10536,"name":"Barra do Guarita","latitude":-27.21739,"longitude":-53.76461},{"id":10541,"name":"Barra do Quaraí","latitude":-30.17445,"longitude":-57.31007},{"id":10542,"name":"Barra do Ribeiro","latitude":-30.34435,"longitude":-51.36125},{"id":10543,"name":"Barra do Rio Azul","latitude":-27.39848,"longitude":-52.40887},{"id":10518,"name":"Barra Funda","latitude":-27.91562,"longitude":-53.03286},{"id":10548,"name":"Barracão","latitude":-27.73726,"longitude":-51.44229},{"id":10567,"name":"Barros Cassal","latitude":-29.13534,"longitude":-52.57508},{"id":10627,"name":"Benjamin Constant do Sul","latitude":-27.48726,"longitude":-52.6547},{"id":10629,"name":"Bento Gonçalves","latitude":-29.09958,"longitude":-51.54344},{"id":10669,"name":"Boa Vista das Missões","latitude":-27.69239,"longitude":-53.35253},{"id":10670,"name":"Boa Vista do Buricá","latitude":-27.68021,"longitude":-54.10928},{"id":10671,"name":"Boa Vista do Cadeado","latitude":-28.62211,"longitude":-53.81616},{"id":10673,"name":"Boa Vista do Incra","latitude":-28.84193,"longitude":-53.45649},{"id":10675,"name":"Boa Vista do Sul","latitude":-29.34197,"longitude":-51.68079},{"id":10701,"name":"Bom Jesus","latitude":-28.59981,"longitude":-50.46197},{"id":10719,"name":"Bom Princípio","latitude":-29.46171,"longitude":-51.36405},{"id":10721,"name":"Bom Progresso","latitude":-27.54223,"longitude":-53.82889},{"id":10724,"name":"Bom Retiro do Sul","latitude":-29.63558,"longitude":-51.91097},{"id":10744,"name":"Boqueirão do Leão","latitude":-29.31252,"longitude":-52.39841},{"id":10756,"name":"Bossoroca","latitude":-28.67113,"longitude":-54.96188},{"id":10762,"name":"Bozano","latitude":-28.3658,"longitude":-53.76893},{"id":10763,"name":"Braga","latitude":-27.57218,"longitude":-53.76214},{"id":10804,"name":"Brochier","latitude":-29.55754,"longitude":-51.59193},{"id":10838,"name":"Butiá","latitude":-30.11972,"longitude":-51.96222},{"id":11223,"name":"Caçapava do Sul","latitude":-30.61002,"longitude":-53.47227},{"id":10860,"name":"Cacequi","latitude":-29.88361,"longitude":-54.825},{"id":10873,"name":"Cachoeira do Sul","latitude":-30.20808,"longitude":-52.97067},{"id":10877,"name":"Cachoeirinha","latitude":-29.95111,"longitude":-51.09389},{"id":10884,"name":"Cacique Doble","latitude":-27.8173,"longitude":-51.68271},{"id":10901,"name":"Caibaté","latitude":-28.30429,"longitude":-54.65585},{"id":10908,"name":"Caiçara","latitude":-27.24828,"longitude":-53.45824},{"id":10940,"name":"Camaquã","latitude":-30.91965,"longitude":-51.85302},{"id":10942,"name":"Camargo","latitude":-28.61437,"longitude":-52.21986},{"id":10945,"name":"Cambará do Sul","latitude":-29.06727,"longitude":-50.11848},{"id":10959,"name":"Campestre da Serra","latitude":-28.70645,"longitude":-51.11921},{"id":10966,"name":"Campina das Missões","latitude":-27.98729,"longitude":-54.8302},{"id":10972,"name":"Campinas do Sul","latitude":-27.70629,"longitude":-52.63937},{"id":10984,"name":"Campo Bom","latitude":-29.66716,"longitude":-51.05054},{"id":10999,"name":"Campo Novo","latitude":-27.67313,"longitude":-53.81745},{"id":11010,"name":"Campos Borges","latitude":-28.89387,"longitude":-53.02543},{"id":11036,"name":"Candelária","latitude":-29.71623,"longitude":-52.80968},{"id":11545,"name":"Cândido Godói","latitude":-27.89509,"longitude":-54.74128},{"id":11038,"name":"Candiota","latitude":-31.49089,"longitude":-53.70274},{"id":11040,"name":"Canela","latitude":-29.34715,"longitude":-50.77536},{"id":11043,"name":"Canguçu","latitude":-31.395,"longitude":-52.67556},{"id":11049,"name":"Canoas","latitude":-29.91778,"longitude":-51.18361},{"id":11058,"name":"Canudos do Vale","latitude":-29.32055,"longitude":-52.22476},{"id":11097,"name":"Capão Bonito do Sul","latitude":-28.17432,"longitude":-51.42298},{"id":11098,"name":"Capão da Canoa","latitude":-29.66118,"longitude":-50.01422},{"id":11099,"name":"Capão do Cipó","latitude":-28.94987,"longitude":-54.60368},{"id":11100,"name":"Capão do Leão","latitude":-31.84324,"longitude":-52.55323},{"id":11068,"name":"Capela de Santana","latitude":-29.71236,"longitude":-51.38078},{"id":11080,"name":"Capitão","latitude":-29.2802,"longitude":-51.98317},{"id":11090,"name":"Capivari do Sul","latitude":-30.17289,"longitude":-50.48702},{"id":11114,"name":"Caraá","latitude":-29.77397,"longitude":-50.35369},{"id":11113,"name":"Carazinho","latitude":-28.28389,"longitude":-52.78639},{"id":11138,"name":"Carlos Barbosa","latitude":-29.2975,"longitude":-51.50361},{"id":11140,"name":"Carlos Gomes","latitude":-27.71183,"longitude":-51.90645},{"id":11174,"name":"Casca","latitude":-28.5759,"longitude":-51.9198},{"id":11179,"name":"Caseiros","latitude":-28.23222,"longitude":-51.78157},{"id":11213,"name":"Catuípe","latitude":-28.19806,"longitude":-54.05868},{"id":11219,"name":"Caxias do Sul","latitude":-29.16806,"longitude":-51.17944},{"id":11236,"name":"Centenário","latitude":-27.78654,"longitude":-52.00905},{"id":11248,"name":"Cerrito","latitude":-31.73952,"longitude":-52.78378},{"id":11250,"name":"Cerro Branco","latitude":-29.63374,"longitude":-52.98725},{"id":11252,"name":"Cerro Grande","latitude":-27.62261,"longitude":-53.16028},{"id":11253,"name":"Cerro Grande do Sul","latitude":-30.58623,"longitude":-51.74239},{"id":11254,"name":"Cerro Largo","latitude":-28.1349,"longitude":-54.73667},{"id":11259,"name":"Chapada","latitude":-28.10434,"longitude":-53.08861},{"id":11271,"name":"Charqueadas","latitude":-29.95472,"longitude":-51.62528},{"id":11272,"name":"Charrua","latitude":-27.94543,"longitude":-51.99053},{"id":11277,"name":"Chiapetta","latitude":-27.9763,"longitude":-53.92051},{"id":11284,"name":"Chuí","latitude":-33.69111,"longitude":-53.45667},{"id":11283,"name":"Chuvisca","latitude":-30.77649,"longitude":-52.00221},{"id":11293,"name":"Cidreira","latitude":-30.09103,"longitude":-50.26938},{"id":11296,"name":"Ciríaco","latitude":-28.37066,"longitude":-51.91242},{"id":11323,"name":"Colinas","latitude":-29.39282,"longitude":-51.86831},{"id":11330,"name":"Colorado","latitude":-28.4832,"longitude":-52.99088},{"id":11374,"name":"Condor","latitude":-28.19261,"longitude":-53.49261},{"id":11388,"name":"Constantina","latitude":-27.70625,"longitude":-53.00221},{"id":11393,"name":"Coqueiro Baixo","latitude":-29.17479,"longitude":-52.10209},{"id":11395,"name":"Coqueiros do Sul","latitude":-28.13683,"longitude":-52.76136},{"id":11415,"name":"Coronel Barros","latitude":-28.39445,"longitude":-54.06367},{"id":11416,"name":"Coronel Bicaco","latitude":-27.79949,"longitude":-53.6531},{"id":11428,"name":"Coronel Pilar","latitude":-29.25977,"longitude":-51.71821},{"id":11453,"name":"Cotiporã","latitude":-29.00719,"longitude":-51.69528},{"id":11457,"name":"Coxilha","latitude":-28.10327,"longitude":-52.36576},{"id":11466,"name":"Crissiumal","latitude":-27.48087,"longitude":-54.14173},{"id":11469,"name":"Cristal","latitude":-31.02454,"longitude":-52.02929},{"id":11470,"name":"Cristal do Sul","latitude":-27.42515,"longitude":-53.24362},{"id":11489,"name":"Cruz Alta","latitude":-28.64397,"longitude":-53.60633},{"id":11493,"name":"Cruzaltense","latitude":-27.64105,"longitude":-52.63264},{"id":11500,"name":"Cruzeiro do Sul","latitude":-29.56709,"longitude":-52.03042},{"id":11564,"name":"David Canabarro","latitude":-28.41776,"longitude":-51.8168},{"id":11575,"name":"Derrubadas","latitude":-27.25025,"longitude":-53.88415},{"id":11582,"name":"Dezesseis de Novembro","latitude":-28.19125,"longitude":-55.07548},{"id":11592,"name":"Dilermando de Aguiar","latitude":-29.80603,"longitude":-54.15398},{"id":11614,"name":"Dois Irmãos","latitude":-29.61158,"longitude":-51.09333},{"id":11615,"name":"Dois Irmãos das Missões","latitude":-27.68117,"longitude":-53.51477},{"id":11618,"name":"Dois Lajeados","latitude":-28.97092,"longitude":-51.8497},{"id":11628,"name":"Dom Feliciano","latitude":-30.6139,"longitude":-52.19315},{"id":11632,"name":"Dom Pedrito","latitude":-30.98278,"longitude":-54.67306},{"id":11634,"name":"Dom Pedro de Alcântara","latitude":-29.35681,"longitude":-49.87288},{"id":11641,"name":"Dona Francisca","latitude":-29.58683,"longitude":-53.33964},{"id":11656,"name":"Doutor Maurício Cardoso","latitude":-27.4954,"longitude":-54.364},{"id":11658,"name":"Doutor Ricardo","latitude":-29.10117,"longitude":-51.9744},{"id":11680,"name":"Eldorado do Sul","latitude":-30.08896,"longitude":-51.534},{"id":11694,"name":"Encantado","latitude":-29.23611,"longitude":-51.86972},{"id":11697,"name":"Encruzilhada do Sul","latitude":-30.60368,"longitude":-52.6828},{"id":11703,"name":"Engenho Velho","latitude":-27.67698,"longitude":-52.9104},{"id":11709,"name":"Entre Rios do Sul","latitude":-27.50821,"longitude":-52.72855},{"id":11710,"name":"Entre-Ijuís","latitude":-28.46066,"longitude":-54.30321},{"id":11715,"name":"Erebango","latitude":-27.82558,"longitude":-52.31909},{"id":11716,"name":"Erechim","latitude":-27.63461,"longitude":-52.2754},{"id":11719,"name":"Ernestina","latitude":-28.42323,"longitude":-52.57365},{"id":11720,"name":"Erval Grande","latitude":-27.36138,"longitude":-52.57486},{"id":11721,"name":"Erval Seco","latitude":-27.49433,"longitude":-53.52792},{"id":11725,"name":"Esmeralda","latitude":-27.98347,"longitude":-51.19413},{"id":11733,"name":"Esperança do Sul","latitude":-27.321,"longitude":-54.01108},{"id":11738,"name":"Espumoso","latitude":-28.72472,"longitude":-52.84972},{"id":11743,"name":"Estação","latitude":-27.93562,"longitude":-52.29516},{"id":11758,"name":"Estância Velha","latitude":-29.64833,"longitude":-51.17389},{"id":11744,"name":"Esteio","latitude":-29.86139,"longitude":-51.17917},{"id":11748,"name":"Estrela","latitude":-28.06111,"longitude":-50.93833},{"id":11750,"name":"Estrela Velha","latitude":-29.2236,"longitude":-53.17076},{"id":11762,"name":"Eugênio de Castro","latitude":-28.57179,"longitude":-54.26582},{"id":11771,"name":"Fagundes Varela","latitude":-28.88133,"longitude":-51.72861},{"id":11778,"name":"Farroupilha","latitude":-29.225,"longitude":-51.34778},{"id":11782,"name":"Faxinal do Soturno","latitude":-29.57197,"longitude":-53.47332},{"id":11784,"name":"Faxinalzinho","latitude":-27.37178,"longitude":-52.66899},{"id":11787,"name":"Fazenda Vilanova","latitude":-29.59817,"longitude":-51.84244},{"id":11798,"name":"Feliz","latitude":-29.45459,"longitude":-51.27775},{"id":11831,"name":"Flores da Cunha","latitude":-29.02889,"longitude":-51.18167},{"id":11842,"name":"Floriano Peixoto","latitude":-27.85241,"longitude":-52.03361},{"id":11849,"name":"Fontoura Xavier","latitude":-29.01054,"longitude":-52.36771},{"id":11851,"name":"Formigueiro","latitude":-29.96944,"longitude":-53.46743},{"id":11860,"name":"Forquetinha","latitude":-29.39695,"longitude":-52.11762},{"id":11867,"name":"Fortaleza dos Valos","latitude":-28.91268,"longitude":-53.33891},{"id":11889,"name":"Frederico Westphalen","latitude":-27.35917,"longitude":-53.39444},{"id":11921,"name":"Garibaldi","latitude":-29.25611,"longitude":-51.53361},{"id":11924,"name":"Garruchos","latitude":-28.25602,"longitude":-55.51556},{"id":11929,"name":"Gaurama","latitude":-27.61693,"longitude":-52.10405},{"id":11936,"name":"General Câmara","latitude":-29.83922,"longitude":-51.94718},{"id":11940,"name":"Gentil","latitude":-28.38797,"longitude":-52.04926},{"id":11943,"name":"Getúlio Vargas","latitude":-27.87411,"longitude":-52.16526},{"id":11946,"name":"Giruá","latitude":-28.01046,"longitude":-54.30456},{"id":11949,"name":"Glorinha","latitude":-29.85685,"longitude":-50.75086},{"id":11993,"name":"Gramado","latitude":-29.36252,"longitude":-50.90318},{"id":11995,"name":"Gramado dos Loureiros","latitude":-27.45441,"longitude":-52.91705},{"id":11994,"name":"Gramado Xavier","latitude":-29.28655,"longitude":-52.61202},{"id":12001,"name":"Gravataí","latitude":-29.94218,"longitude":-50.99278},{"id":12010,"name":"Guabiju","latitude":-28.58817,"longitude":-51.64765},{"id":12076,"name":"Guaíba","latitude":-30.11389,"longitude":-51.325},{"id":12031,"name":"Guaporé","latitude":-28.84191,"longitude":-51.9188},{"id":12045,"name":"Guarani das Missões","latitude":-28.15071,"longitude":-54.60026},{"id":12092,"name":"Harmonia","latitude":-29.54904,"longitude":-51.42357},{"id":12097,"name":"Herval","latitude":-32.02361,"longitude":-53.39556},{"id":12099,"name":"Herveiras","latitude":-29.43864,"longitude":-52.67366},{"id":12106,"name":"Horizontina","latitude":-27.62583,"longitude":-54.30778},{"id":12109,"name":"Hulha Negra","latitude":-31.57199,"longitude":-53.86271},{"id":12111,"name":"Humaitá","latitude":-27.58561,"longitude":-53.99627},{"id":12121,"name":"Ibarama","latitude":-29.40889,"longitude":-53.18252},{"id":12132,"name":"Ibiaçá","latitude":-28.10474,"longitude":-51.80283},{"id":12146,"name":"Ibiraiaras","latitude":-28.38729,"longitude":-51.6271},{"id":12150,"name":"Ibirapuitã","latitude":-28.61696,"longitude":-52.47077},{"id":12156,"name":"Ibirubá","latitude":-28.6275,"longitude":-53.08972},{"id":12194,"name":"Igrejinha","latitude":-29.57444,"longitude":-50.79028},{"id":12205,"name":"Ijuí","latitude":-28.38778,"longitude":-53.91472},{"id":12216,"name":"Ilópolis","latitude":-28.9169,"longitude":-52.14813},{"id":12223,"name":"Imbé","latitude":-29.92719,"longitude":-50.12826},{"id":12225,"name":"Imigrante","latitude":-29.34023,"longitude":-51.75667},{"id":12235,"name":"Independência","latitude":-27.89333,"longitude":-54.19784},{"id":12246,"name":"Inhacorá","latitude":-27.91435,"longitude":-54.03786},{"id":12299,"name":"Ipê","latitude":-28.71616,"longitude":-51.27787},{"id":12279,"name":"Ipiranga do Sul","latitude":-27.94208,"longitude":-52.43068},{"id":12315,"name":"Iraí","latitude":-27.27078,"longitude":-53.23696},{"id":12324,"name":"Itaara","latitude":-29.56305,"longitude":-53.74584},{"id":12345,"name":"Itacurubi","latitude":-28.7854,"longitude":-55.26568},{"id":12436,"name":"Itapuca","latitude":-28.77178,"longitude":-52.20012},{"id":12444,"name":"Itaqui","latitude":-29.12528,"longitude":-56.55306},{"id":12453,"name":"Itati","latitude":-29.4284,"longitude":-50.17775},{"id":12457,"name":"Itatiba do Sul","latitude":-27.36303,"longitude":-52.49074},{"id":12504,"name":"Ivorá","latitude":-29.50743,"longitude":-53.56819},{"id":12505,"name":"Ivoti","latitude":-29.59111,"longitude":-51.16056},{"id":12514,"name":"Jaboticaba","latitude":-27.60969,"longitude":-53.27016},{"id":12529,"name":"Jacuizinho","latitude":-29.03095,"longitude":-53.06796},{"id":12532,"name":"Jacutinga","latitude":-27.77469,"longitude":-52.52224},{"id":12549,"name":"Jaguarão","latitude":-32.56611,"longitude":-53.37583},{"id":12541,"name":"Jaguari","latitude":-29.45245,"longitude":-54.64626},{"id":12578,"name":"Jaquirana","latitude":-28.9347,"longitude":-50.3643},{"id":12594,"name":"Jari","latitude":-29.28796,"longitude":-54.29784},{"id":12716,"name":"Jóia","latitude":-28.72932,"longitude":-54.12253},{"id":12719,"name":"Júlio de Castilhos","latitude":-29.26449,"longitude":-53.62459},{"id":12735,"name":"Lagoa Bonita do Sul","latitude":-29.49396,"longitude":-53.0347},{"id":12767,"name":"Lagoa dos Três Cantos","latitude":-28.56607,"longitude":-52.8465},{"id":12747,"name":"Lagoa Vermelha","latitude":-28.21995,"longitude":-51.47225},{"id":12770,"name":"Lagoão","latitude":-29.25902,"longitude":-52.76687},{"id":12775,"name":"Lajeado","latitude":-29.46694,"longitude":-51.96139},{"id":12779,"name":"Lajeado do Bugre","latitude":-27.70327,"longitude":-53.20742},{"id":12810,"name":"Lavras do Sul","latitude":-30.8498,"longitude":-54.0283},{"id":12823,"name":"Liberato Salzano","latitude":-27.53845,"longitude":-53.07401},{"id":12836,"name":"Lindolfo Collor","latitude":-29.57482,"longitude":-51.22786},{"id":12839,"name":"Linha Nova","latitude":-29.45535,"longitude":-51.21876},{"id":13089,"name":"Maçambará","latitude":-29.05822,"longitude":-55.61102},{"id":12898,"name":"Machadinho","latitude":-27.59183,"longitude":-51.68758},{"id":12935,"name":"Mampituba","latitude":-29.26145,"longitude":-50.0107},{"id":12955,"name":"Manoel Viana","latitude":-29.40696,"longitude":-55.5687},{"id":12960,"name":"Maquiné","latitude":-29.57608,"longitude":-50.25993},{"id":12983,"name":"Maratá","latitude":-29.54921,"longitude":-51.55693},{"id":12984,"name":"Marau","latitude":-28.44217,"longitude":-52.27411},{"id":12991,"name":"Marcelino Ramos","latitude":-27.47851,"longitude":-51.95065},{"id":13008,"name":"Mariana Pimentel","latitude":-30.3022,"longitude":-51.58133},{"id":13009,"name":"Mariano Moro","latitude":-27.35013,"longitude":-52.18363},{"id":13029,"name":"Marques de Souza","latitude":-29.27327,"longitude":-52.1572},{"id":13045,"name":"Mata","latitude":-29.54895,"longitude":-54.44545},{"id":13064,"name":"Mato Castelhano","latitude":-28.27248,"longitude":-52.17628},{"id":13066,"name":"Mato Leitão","latitude":-29.51457,"longitude":-52.13856},{"id":13067,"name":"Mato Queimado","latitude":-28.2568,"longitude":-54.67109},{"id":13087,"name":"Maximiliano de Almeida","latitude":-27.58802,"longitude":-51.80358},{"id":13123,"name":"Minas do Leão","latitude":-30.07189,"longitude":-52.11996},{"id":13137,"name":"Miraguaí","latitude":-27.48658,"longitude":-53.75549},{"id":13185,"name":"Montauri","latitude":-28.66498,"longitude":-52.05388},{"id":13193,"name":"Monte Alegre dos Campos","latitude":-28.70177,"longitude":-50.80405},{"id":13199,"name":"Monte Belo do Sul","latitude":-29.1318,"longitude":-51.64287},{"id":13218,"name":"Montenegro","latitude":-29.68861,"longitude":-51.46111},{"id":13233,"name":"Mormaço","latitude":-28.69004,"longitude":-52.66928},{"id":13238,"name":"Morrinhos do Sul","latitude":-29.34362,"longitude":-49.96435},{"id":13243,"name":"Morro Redondo","latitude":-31.63833,"longitude":-52.63569},{"id":13244,"name":"Morro Reuter","latitude":-29.51567,"longitude":-51.01861},{"id":13256,"name":"Mostardas","latitude":-30.92226,"longitude":-50.85421},{"id":13289,"name":"Muçum","latitude":-29.14017,"longitude":-51.8233},{"id":13264,"name":"Muitos Capões","latitude":-28.43447,"longitude":-51.24691},{"id":13265,"name":"Muliterno","latitude":-28.31235,"longitude":-51.78652},{"id":13485,"name":"Não Me Toque","latitude":-28.45917,"longitude":-52.82083},{"id":13486,"name":"Não-Me-Toque","latitude":-28.47423,"longitude":-52.80396},{"id":13323,"name":"Nicolau Vergueiro","latitude":-28.52442,"longitude":-52.44444},{"id":13333,"name":"Nonoai","latitude":-27.36903,"longitude":-52.8759},{"id":13347,"name":"Nova Alvorada","latitude":-28.70497,"longitude":-52.16616},{"id":13352,"name":"Nova Araçá","latitude":-28.64411,"longitude":-51.73489},{"id":13356,"name":"Nova Bassano","latitude":-28.70293,"longitude":-51.80542},{"id":13358,"name":"Nova Boa Vista","latitude":-28.00887,"longitude":-52.98206},{"id":13361,"name":"Nova Bréscia","latitude":-29.20206,"longitude":-52.04822},{"id":13366,"name":"Nova Candelária","latitude":-27.59344,"longitude":-54.12172},{"id":13377,"name":"Nova Esperança do Sul","latitude":-29.39225,"longitude":-54.8346},{"id":13387,"name":"Nova Hartz","latitude":-29.5964,"longitude":-50.90836},{"id":13423,"name":"Nova Pádua","latitude":-29.01222,"longitude":-51.31451},{"id":13416,"name":"Nova Palma","latitude":-29.4071,"longitude":-53.4324},{"id":13418,"name":"Nova Petrópolis","latitude":-29.37639,"longitude":-51.11444},{"id":13421,"name":"Nova Prata","latitude":-28.78389,"longitude":-51.61},{"id":13424,"name":"Nova Ramada","latitude":-28.09297,"longitude":-53.69502},{"id":13428,"name":"Nova Roma do Sul","latitude":-28.99091,"longitude":-51.41443},{"id":13434,"name":"Nova Santa Rita","latitude":-29.83265,"longitude":-51.27431},{"id":13454,"name":"Novo Barreiro","latitude":-27.89154,"longitude":-53.1122},{"id":13456,"name":"Novo Cabrais","latitude":-29.76161,"longitude":-52.98402},{"id":13459,"name":"Novo Hamburgo","latitude":-29.67833,"longitude":-51.13056},{"id":13469,"name":"Novo Machado","latitude":-27.55482,"longitude":-54.53613},{"id":13480,"name":"Novo Tiradentes","latitude":-27.55948,"longitude":-53.15567},{"id":13482,"name":"Novo Xingu","latitude":-27.74556,"longitude":-53.04043},{"id":13530,"name":"Osório","latitude":-29.89454,"longitude":-50.23467},{"id":13568,"name":"Paim Filho","latitude":-27.72984,"longitude":-51.78102},{"id":13585,"name":"Palmares do Sul","latitude":-30.25778,"longitude":-50.50972},{"id":13592,"name":"Palmeira das Missões","latitude":-27.89944,"longitude":-53.31361},{"id":13607,"name":"Palmitinho","latitude":-27.32268,"longitude":-53.5922},{"id":13612,"name":"Panambi","latitude":-28.2925,"longitude":-53.50167},{"id":13618,"name":"Pantano Grande","latitude":-30.25817,"longitude":-52.34168},{"id":13657,"name":"Paraí","latitude":-28.59575,"longitude":-51.79731},{"id":13663,"name":"Paraíso do Sul","latitude":-29.72404,"longitude":-53.11162},{"id":13668,"name":"Pareci Novo","latitude":-29.61153,"longitude":-51.42691},{"id":13683,"name":"Parobé","latitude":-29.62861,"longitude":-50.83472},{"id":13686,"name":"Passa Sete","latitude":-29.4306,"longitude":-52.86514},{"id":13699,"name":"Passo do Sobrado","latitude":-29.73133,"longitude":-52.23175},{"id":13696,"name":"Passo Fundo","latitude":-28.26278,"longitude":-52.40667},{"id":13732,"name":"Paulo Bento","latitude":-27.73673,"longitude":-52.39667},{"id":13739,"name":"Paverama","latitude":-29.59556,"longitude":-51.72344},{"id":13762,"name":"Pedras Altas","latitude":-31.83276,"longitude":-53.63272},{"id":13780,"name":"Pedro Osório","latitude":-31.9576,"longitude":-52.89419},{"id":13790,"name":"Pejuçara","latitude":-28.45442,"longitude":-53.61044},{"id":13791,"name":"Pelotas","latitude":-31.76997,"longitude":-52.34101},{"id":13828,"name":"Picada Café","latitude":-29.44757,"longitude":-51.11522},{"id":13859,"name":"Pinhal","latitude":-27.52636,"longitude":-53.23425},{"id":13861,"name":"Pinhal da Serra","latitude":-27.88164,"longitude":-51.2245},{"id":13860,"name":"Pinhal Grande","latitude":-29.27075,"longitude":-53.34587},{"id":13867,"name":"Pinheirinho do Vale","latitude":-27.22637,"longitude":-53.63352},{"id":13869,"name":"Pinheiro Machado","latitude":-31.57833,"longitude":-53.38111},{"id":13871,"name":"Pinheiros","latitude":-29.78333,"longitude":-52.73333},{"id":13876,"name":"Pinto Bandeira","latitude":-29.09289,"longitude":-51.4618},{"id":13903,"name":"Pirapó","latitude":-28.05287,"longitude":-55.2346},{"id":13907,"name":"Piratini","latitude":-31.41655,"longitude":-53.11163},{"id":13940,"name":"Planalto","latitude":-27.34391,"longitude":-53.08947},{"id":14050,"name":"Poço das Antas","latitude":-29.45339,"longitude":-51.66969},{"id":13979,"name":"Pontão","latitude":-28.04977,"longitude":-52.6374},{"id":13971,"name":"Ponte Preta","latitude":-27.67688,"longitude":-52.51736},{"id":14029,"name":"Portão","latitude":-29.70746,"longitude":-51.23572},{"id":13994,"name":"Porto Alegre","latitude":-30.03283,"longitude":-51.23019},{"id":14009,"name":"Porto Lucena","latitude":-27.84663,"longitude":-54.96059},{"id":14010,"name":"Porto Mauá","latitude":-27.59808,"longitude":-54.65773},{"id":14020,"name":"Porto Vera Cruz","latitude":-27.76244,"longitude":-54.90094},{"id":14023,"name":"Porto Xavier","latitude":-27.93317,"longitude":-55.15422},{"id":14040,"name":"Pouso Novo","latitude":-29.16777,"longitude":-52.22165},{"id":14090,"name":"Presidente Lucena","latitude":-29.52778,"longitude":-51.19285},{"id":14109,"name":"Progresso","latitude":-29.22873,"longitude":-52.3096},{"id":14112,"name":"Protásio Alves","latitude":-28.74413,"longitude":-51.4962},{"id":14117,"name":"Putinga","latitude":-29.04776,"longitude":-52.16503},{"id":14126,"name":"Quaraí","latitude":-30.3875,"longitude":-56.45139},{"id":14133,"name":"Quatro Irmãos","latitude":-27.81251,"longitude":-52.46069},{"id":14147,"name":"Quevedos","latitude":-29.3067,"longitude":-54.07002},{"id":14152,"name":"Quinze de Novembro","latitude":-28.74442,"longitude":-53.11648},{"id":14182,"name":"Redentora","latitude":-27.56833,"longitude":-53.60924},{"id":14192,"name":"Relvado","latitude":-29.12666,"longitude":-52.05393},{"id":14206,"name":"Restinga Sêca","latitude":-29.82715,"longitude":-53.34008},{"id":14319,"name":"Rio dos Índios","latitude":-27.25523,"longitude":-52.87641},{"id":14276,"name":"Rio Grande","latitude":-32.07811,"longitude":-52.35014},{"id":14288,"name":"Rio Pardo","latitude":-29.98972,"longitude":-52.37806},{"id":14321,"name":"Riozinho","latitude":-29.59847,"longitude":-50.39225},{"id":14325,"name":"Roca Sales","latitude":-29.22637,"longitude":-51.8244},{"id":14329,"name":"Rodeio Bonito","latitude":-27.46968,"longitude":-53.17038},{"id":14334,"name":"Rolador","latitude":-28.27096,"longitude":-54.85608},{"id":14335,"name":"Rolante","latitude":-29.65056,"longitude":-50.57583},{"id":14341,"name":"Ronda Alta","latitude":-27.82614,"longitude":-52.72873},{"id":14342,"name":"Rondinha","latitude":-27.83287,"longitude":-52.91661},{"id":14347,"name":"Roque Gonzales","latitude":-28.05673,"longitude":-55.12048},{"id":14355,"name":"Rosário do Sul","latitude":-30.25833,"longitude":-54.91417},{"id":14373,"name":"Sagrada Família","latitude":-27.71478,"longitude":-53.1285},{"id":14376,"name":"Saldanha Marinho","latitude":-28.38701,"longitude":-53.09584},{"id":14402,"name":"Salto do Jacuí","latitude":-29.04212,"longitude":-53.16909},{"id":14405,"name":"Salvador das Missões","latitude":-28.07697,"longitude":-54.8288},{"id":14406,"name":"Salvador do Sul","latitude":-29.48006,"longitude":-51.51407},{"id":14410,"name":"Sananduva","latitude":-27.94972,"longitude":-51.80667},{"id":14416,"name":"Sant'Ana do Livramento","latitude":-30.78069,"longitude":-55.48158},{"id":14429,"name":"Santa Bárbara do Sul","latitude":-28.37429,"longitude":-53.25738},{"id":14435,"name":"Santa Cecília do Sul","latitude":-28.17256,"longitude":-51.92401},{"id":14437,"name":"Santa Clara do Sul","latitude":-29.45575,"longitude":-52.14362},{"id":14456,"name":"Santa Cruz do Sul","latitude":-29.7175,"longitude":-52.42583},{"id":14501,"name":"Santa Margarida do Sul","latitude":-30.36744,"longitude":-54.10999},{"id":14502,"name":"Santa Maria","latitude":-29.68417,"longitude":-53.80694},{"id":14512,"name":"Santa Maria do Herval","latitude":-29.47954,"longitude":-50.98806},{"id":14540,"name":"Santa Rosa","latitude":-27.87083,"longitude":-54.48139},{"id":14553,"name":"Santa Tereza","latitude":-29.15063,"longitude":-51.7216},{"id":14566,"name":"Santa Vitória do Palmar","latitude":-33.51889,"longitude":-53.36806},{"id":14570,"name":"Santana da Boa Vista","latitude":-30.76195,"longitude":-53.18297},{"id":14585,"name":"Santana do Livramento","latitude":-30.89083,"longitude":-55.53278},{"id":14600,"name":"Santiago","latitude":-29.11368,"longitude":-54.73359},{"id":14652,"name":"Santo Ângelo","latitude":-28.29917,"longitude":-54.26306},{"id":14613,"name":"Santo Antônio da Patrulha","latitude":-29.82214,"longitude":-50.56024},{"id":14615,"name":"Santo Antônio das Missões","latitude":-28.47797,"longitude":-55.40876},{"id":14634,"name":"Santo Antônio do Palma","latitude":-28.4863,"longitude":-52.0193},{"id":14637,"name":"Santo Antônio do Planalto","latitude":-28.38607,"longitude":-52.66579},{"id":14644,"name":"Santo Augusto","latitude":-27.85083,"longitude":-53.77722},{"id":14645,"name":"Santo Cristo","latitude":-27.78844,"longitude":-54.70378},{"id":14648,"name":"Santo Expedito do Sul","latitude":-27.92306,"longitude":-51.67042},{"id":14848,"name":"São Borja","latitude":-28.66056,"longitude":-56.00444},{"id":14874,"name":"São Domingos do Sul","latitude":-28.54446,"longitude":-51.8733},{"id":14883,"name":"São Francisco de Assis","latitude":-29.55028,"longitude":-55.13111},{"id":14887,"name":"São Francisco de Paula","latitude":-29.24246,"longitude":-50.44928},{"id":14908,"name":"São Gabriel","latitude":-30.33369,"longitude":-54.33029},{"id":14928,"name":"São Jerônimo","latitude":-29.95917,"longitude":-51.72222},{"id":15016,"name":"São João da Urtiga","latitude":-27.79677,"longitude":-51.83882},{"id":15041,"name":"São João do Polêsine","latitude":-29.64559,"longitude":-53.47291},{"id":14934,"name":"São Jorge","latitude":-28.4989,"longitude":-51.73076},{"id":14950,"name":"São José das Missões","latitude":-27.79738,"longitude":-53.12963},{"id":14972,"name":"São José do Herval","latitude":-29.06441,"longitude":-52.27281},{"id":14973,"name":"São José do Hortêncio","latitude":-29.54364,"longitude":-51.24977},{"id":14974,"name":"São José do Inhacorá","latitude":-27.73525,"longitude":-54.12155},{"id":14978,"name":"São José do Norte","latitude":-31.80089,"longitude":-51.76198},{"id":14979,"name":"São José do Ouro","latitude":-27.7558,"longitude":-51.55722},{"id":14988,"name":"São José do Sul","latitude":-29.54416,"longitude":-51.49254},{"id":14991,"name":"São José dos Ausentes","latitude":-28.68307,"longitude":-49.94674},{"id":15051,"name":"São Leopoldo","latitude":-29.76028,"longitude":-51.14722},{"id":15057,"name":"São Lourenço do Sul","latitude":-31.36528,"longitude":-51.97833},{"id":15060,"name":"São Luiz Gonzaga","latitude":-28.40833,"longitude":-54.96083},{"id":15071,"name":"São Marcos","latitude":-28.96872,"longitude":-51.049},{"id":15072,"name":"São Martinho","latitude":-27.72779,"longitude":-53.96611},{"id":15074,"name":"São Martinho da Serra","latitude":-29.45793,"longitude":-53.88452},{"id":15083,"name":"São Miguel das Missões","latitude":-28.7243,"longitude":-54.50818},{"id":15099,"name":"São Nicolau","latitude":-28.22363,"longitude":-55.25589},{"id":15102,"name":"São Paulo das Missões","latitude":-27.96215,"longitude":-54.95513},{"id":15110,"name":"São Pedro da Serra","latitude":-29.42131,"longitude":-51.51442},{"id":15113,"name":"São Pedro das Missões","latitude":-27.79277,"longitude":-53.24444},{"id":15115,"name":"São Pedro do Butiá","latitude":-28.15561,"longitude":-54.90336},{"id":15121,"name":"São Pedro do Sul","latitude":-29.62056,"longitude":-54.17889},{"id":15145,"name":"São Sebastião do Caí","latitude":-29.58667,"longitude":-51.37556},{"id":15155,"name":"São Sepé","latitude":-30.16056,"longitude":-53.56528},{"id":15163,"name":"São Valentim","latitude":-27.55106,"longitude":-52.58722},{"id":15164,"name":"São Valentim do Sul","latitude":-29.06303,"longitude":-51.73687},{"id":15166,"name":"São Valério do Sul","latitude":-27.81235,"longitude":-53.9205},{"id":15167,"name":"São Vendelino","latitude":-29.38319,"longitude":-51.37289},{"id":15174,"name":"São Vicente do Sul","latitude":-29.71725,"longitude":-54.76241},{"id":14658,"name":"Sapiranga","latitude":-29.63806,"longitude":-51.00694},{"id":14660,"name":"Sapucaia","latitude":-29.83333,"longitude":-51.15},{"id":14663,"name":"Sapucaia do Sul","latitude":-29.81826,"longitude":-51.15527},{"id":14667,"name":"Sarandi","latitude":-27.94389,"longitude":-52.92306},{"id":14686,"name":"Seberi","latitude":-27.50884,"longitude":-53.36482},{"id":14687,"name":"Sede Nova","latitude":-27.6449,"longitude":-53.96149},{"id":14688,"name":"Segredo","latitude":-29.29705,"longitude":-52.92281},{"id":14689,"name":"Selbach","latitude":-28.67641,"longitude":-52.98236},{"id":14707,"name":"Senador Salgado Filho","latitude":-28.02951,"longitude":-54.52396},{"id":14714,"name":"Sentinela do Sul","latitude":-30.60341,"longitude":-51.62096},{"id":14716,"name":"Serafina Corrêa","latitude":-28.69115,"longitude":-51.92671},{"id":15175,"name":"Sério","latitude":-29.40642,"longitude":-52.24358},{"id":14760,"name":"Sertão","latitude":-28.00412,"longitude":-52.35664},{"id":14761,"name":"Sertão Santana","latitude":-30.49105,"longitude":-51.66541},{"id":14767,"name":"Sete de Setembro","latitude":-28.12546,"longitude":-54.47905},{"id":14770,"name":"Severiano de Almeida","latitude":-27.40649,"longitude":-52.10747},{"id":14777,"name":"Silveira Martins","latitude":-29.63635,"longitude":-53.54609},{"id":14790,"name":"Sinimbu","latitude":-29.41512,"longitude":-52.60499},{"id":14796,"name":"Sobradinho","latitude":-29.41325,"longitude":-53.02018},{"id":14803,"name":"Soledade","latitude":-28.84047,"longitude":-52.51015},{"id":15186,"name":"Tabaí","latitude":-29.66719,"longitude":-51.72796},{"id":15227,"name":"Tapejara","latitude":-28.06426,"longitude":-52.00823},{"id":15229,"name":"Tapera","latitude":-28.66758,"longitude":-52.8662},{"id":15232,"name":"Tapes","latitude":-30.67333,"longitude":-51.39583},{"id":15240,"name":"Taquara","latitude":-29.66336,"longitude":-50.76365},{"id":15245,"name":"Taquari","latitude":-29.79972,"longitude":-51.86444},{"id":15251,"name":"Taquaruçu do Sul","latitude":-27.40719,"longitude":-53.49914},{"id":15263,"name":"Tavares","latitude":-31.27291,"longitude":-51.07758},{"id":15276,"name":"Tenente Portela","latitude":-27.36291,"longitude":-53.77115},{"id":15298,"name":"Terra de Areia","latitude":-29.58443,"longitude":-50.06135},{"id":15300,"name":"Teutônia","latitude":-29.46814,"longitude":-51.77144},{"id":15320,"name":"Tio Hugo","latitude":-28.5818,"longitude":-52.59736},{"id":15322,"name":"Tiradentes do Sul","latitude":-27.38183,"longitude":-54.11303},{"id":15339,"name":"Toropi","latitude":-29.47869,"longitude":-54.29307},{"id":15341,"name":"Torres","latitude":-29.29667,"longitude":-49.81982},{"id":15351,"name":"Tramandaí","latitude":-30.03977,"longitude":-50.23016},{"id":15352,"name":"Travesseiro","latitude":-29.28808,"longitude":-52.09974},{"id":15369,"name":"Três Arroios","latitude":-27.48222,"longitude":-52.1837},{"id":15372,"name":"Três Cachoeiras","latitude":-29.47525,"longitude":-49.98487},{"id":15374,"name":"Três Coroas","latitude":-29.46604,"longitude":-50.77684},{"id":15384,"name":"Três de Maio","latitude":-27.73449,"longitude":-54.26018},{"id":15375,"name":"Três Forquilhas","latitude":-29.43246,"longitude":-50.08341},{"id":15379,"name":"Três Palmeiras","latitude":-27.61276,"longitude":-52.86635},{"id":15380,"name":"Três Passos","latitude":-27.43083,"longitude":-53.92238},{"id":15361,"name":"Trindade do Sul","latitude":-27.52679,"longitude":-52.91351},{"id":15364,"name":"Triunfo","latitude":-29.82246,"longitude":-51.56027},{"id":15388,"name":"Tucunduva","latitude":-27.64923,"longitude":-54.43972},{"id":15393,"name":"Tunas","latitude":-29.10586,"longitude":-52.89867},{"id":15400,"name":"Tupanci do Sul","latitude":-27.9264,"longitude":-51.5445},{"id":15401,"name":"Tupanciretã","latitude":-29.0219,"longitude":-53.97471},{"id":15402,"name":"Tupandi","latitude":-29.48,"longitude":-51.43044},{"id":15403,"name":"Tuparendi","latitude":-27.68918,"longitude":-54.55912},{"id":15416,"name":"Turuçu","latitude":-31.52317,"longitude":-52.1287},{"id":15437,"name":"Ubiretama","latitude":-28.05186,"longitude":-54.66252},{"id":15458,"name":"União da Serra","latitude":-28.78526,"longitude":-52.03971},{"id":15455,"name":"Unistalda","latitude":-29.08248,"longitude":-55.19194},{"id":15479,"name":"Uruguaiana","latitude":-29.82797,"longitude":-56.63224},{"id":15490,"name":"Vacaria","latitude":-28.41223,"longitude":-50.94431},{"id":15496,"name":"Vale do Sol","latitude":-29.5816,"longitude":-52.68161},{"id":15491,"name":"Vale Real","latitude":-29.34986,"longitude":-51.23013},{"id":15492,"name":"Vale Verde","latitude":-29.83509,"longitude":-52.10562},{"id":15505,"name":"Vanini","latitude":-28.48831,"longitude":-51.83316},{"id":15530,"name":"Venâncio Aires","latitude":-29.54206,"longitude":-52.21959},{"id":15534,"name":"Vera Cruz","latitude":-29.77275,"longitude":-52.52818},{"id":15538,"name":"Veranópolis","latitude":-28.97791,"longitude":-51.55656},{"id":15549,"name":"Vespasiano Corrêa","latitude":-29.07064,"longitude":-51.86646},{"id":15550,"name":"Viadutos","latitude":-27.57743,"longitude":-51.98735},{"id":15551,"name":"Viamão","latitude":-30.08111,"longitude":-51.02333},{"id":15555,"name":"Vicente Dutra","latitude":-27.17975,"longitude":-53.39966},{"id":15558,"name":"Victor Graeff","latitude":-28.54502,"longitude":-52.68069},{"id":15568,"name":"Vila Flores","latitude":-28.86838,"longitude":-51.52935},{"id":15569,"name":"Vila Lângaro","latitude":-28.12778,"longitude":-52.14152},{"id":15570,"name":"Vila Maria","latitude":-28.55505,"longitude":-52.1638},{"id":15572,"name":"Vila Nova do Sul","latitude":-30.33711,"longitude":-53.88004},{"id":15589,"name":"Vista Alegre","latitude":-27.31083,"longitude":-53.51572},{"id":15591,"name":"Vista Alegre do Prata","latitude":-28.83075,"longitude":-51.79221},{"id":15592,"name":"Vista Gaúcha","latitude":-27.26738,"longitude":-53.69737},{"id":15600,"name":"Vitória das Missões","latitude":-28.35473,"longitude":-54.48174},{"id":15631,"name":"Westfália","latitude":-29.42302,"longitude":-51.75617},{"id":15635,"name":"Xangri-lá","latitude":-29.81049,"longitude":-50.09223}]