[{"id":284,"name":"Agarak","latitude":39.20684,"longitude":46.5446},{"id":294,"name":"Akner","latitude":39.53491,"longitude":46.30732},{"id":300,"name":"Angeghakot’","latitude":39.56952,"longitude":45.94452},{"id":358,"name":"Brrnakot’","latitude":39.49742,"longitude":45.97241},{"id":381,"name":"Dzorastan","latitude":39.27059,"longitude":46.3572},{"id":402,"name":"Goris","latitude":39.51111,"longitude":46.34168},{"id":408,"name":"Hats’avan","latitude":39.46405,"longitude":45.97047},{"id":425,"name":"Kapan","latitude":39.20755,"longitude":46.40576},{"id":432,"name":"Khndzoresk","latitude":39.50568,"longitude":46.4361},{"id":464,"name":"Meghri","latitude":38.90292,"longitude":46.24458},{"id":515,"name":"Shaghat","latitude":39.55698,"longitude":45.90727},{"id":521,"name":"Shinuhayr","latitude":39.4367,"longitude":46.31787},{"id":535,"name":"Tegh","latitude":39.55826,"longitude":46.48054},{"id":564,"name":"Verishen","latitude":39.53543,"longitude":46.32063}]