[{"id":18871,"name":"Arrah","latitude":6.67342,"longitude":-3.96938},{"id":18886,"name":"Bélier","latitude":7.02582,"longitude":-5.06744},{"id":18877,"name":"Bocanda","latitude":7.06264,"longitude":-4.49948},{"id":18879,"name":"Bongouanou","latitude":6.65175,"longitude":-4.20406},{"id":18894,"name":"Daoukro","latitude":7.0591,"longitude":-3.9631},{"id":18895,"name":"Dimbokro","latitude":6.64678,"longitude":-4.70519},{"id":18912,"name":"Iffou","latitude":7.11509,"longitude":-3.95027},{"id":18922,"name":"Moronou","latitude":6.6683,"longitude":-4.13155},{"id":18923,"name":"N'Zi","latitude":6.82803,"longitude":-4.5813},{"id":18939,"name":"Toumodi","latitude":6.55799,"longitude":-5.01769},{"id":18942,"name":"Yamoussoukro","latitude":6.82055,"longitude":-5.27674}]