[{"id":10067,"name":"Abreulândia","latitude":-9.43672,"longitude":-49.31733},{"id":10101,"name":"Aguiarnópolis","latitude":-6.48176,"longitude":-47.51435},{"id":10138,"name":"Aliança do Tocantins","latitude":-11.32864,"longitude":-48.95855},{"id":10140,"name":"Almas","latitude":-11.43527,"longitude":-47.23635},{"id":10194,"name":"Alvorada","latitude":-12.48,"longitude":-49.12472},{"id":10235,"name":"Ananás","latitude":-6.14621,"longitude":-48.21505},{"id":10255,"name":"Angico","latitude":-6.34335,"longitude":-47.93112},{"id":10289,"name":"Aparecida do Rio Negro","latitude":-10.06183,"longitude":-47.96514},{"id":10317,"name":"Aragominas","latitude":-6.89259,"longitude":-48.61589},{"id":10318,"name":"Araguacema","latitude":-8.91352,"longitude":-49.40915},{"id":10326,"name":"Araguaçu","latitude":-12.72579,"longitude":-49.74942},{"id":10327,"name":"Araguaína","latitude":-7.31139,"longitude":-48.62113},{"id":10322,"name":"Araguanã","latitude":-6.76634,"longitude":-48.52702},{"id":10325,"name":"Araguatins","latitude":-5.64071,"longitude":-48.08859},{"id":10338,"name":"Arapoema","latitude":-7.71941,"longitude":-49.03285},{"id":10409,"name":"Arraias","latitude":-12.8411,"longitude":-46.90868},{"id":10442,"name":"Augustinópolis","latitude":-5.5108,"longitude":-47.91538},{"id":10453,"name":"Aurora do Tocantins","latitude":-12.61624,"longitude":-46.44441},{"id":10462,"name":"Axixá do Tocantins","latitude":-5.6485,"longitude":-47.77278},{"id":10466,"name":"Babaçulândia","latitude":-7.20516,"longitude":-47.76821},{"id":10502,"name":"Bandeirantes do Tocantins","latitude":-8.00418,"longitude":-48.68223},{"id":10539,"name":"Barra do Ouro","latitude":-7.75845,"longitude":-47.58781},{"id":10565,"name":"Barrolândia","latitude":-9.84999,"longitude":-48.83437},{"id":10636,"name":"Bernardo Sayão","latitude":-7.97377,"longitude":-48.98609},{"id":10715,"name":"Bom Jesus do Tocantins","latitude":-9.01838,"longitude":-47.86969},{"id":10773,"name":"Brasilândia do Tocantins","latitude":-8.26045,"longitude":-48.4345},{"id":10787,"name":"Brejinho de Nazaré","latitude":-11.01872,"longitude":-48.64695},{"id":10827,"name":"Buriti do Tocantins","latitude":-5.37057,"longitude":-48.13476},{"id":10878,"name":"Cachoeirinha","latitude":-6.09807,"longitude":-47.87888},{"id":11012,"name":"Campos Lindos","latitude":-8.22553,"longitude":-46.84507},{"id":11133,"name":"Cariri do Tocantins","latitude":-11.945,"longitude":-49.20796},{"id":11150,"name":"Carmolândia","latitude":-7.03001,"longitude":-48.35627},{"id":11165,"name":"Carrasco Bonito","latitude":-5.31027,"longitude":-48.0336},{"id":11178,"name":"Caseara","latitude":-9.45982,"longitude":-49.83604},{"id":11235,"name":"Centenário","latitude":-9.15331,"longitude":-47.44772},{"id":11261,"name":"Chapada da Natividade","latitude":-11.54159,"longitude":-47.88094},{"id":11262,"name":"Chapada de Areia","latitude":-10.14838,"longitude":-49.19998},{"id":11325,"name":"Colinas do Tocantins","latitude":-8.09451,"longitude":-48.52143},{"id":11326,"name":"Colméia","latitude":-8.87655,"longitude":-48.75788},{"id":11339,"name":"Combinado","latitude":-12.82321,"longitude":-46.53424},{"id":11363,"name":"Conceição do Tocantins","latitude":-12.09878,"longitude":-47.27047},{"id":11455,"name":"Couto Magalhães","latitude":-8.50138,"longitude":-49.17287},{"id":11472,"name":"Cristalândia","latitude":-10.62568,"longitude":-49.36863},{"id":11484,"name":"Crixás do Tocantins","latitude":-11.16426,"longitude":-49.07254},{"id":11562,"name":"Darcinópolis","latitude":-6.76072,"longitude":-47.75687},{"id":11590,"name":"Dianópolis","latitude":-11.69578,"longitude":-46.73544},{"id":11608,"name":"Divinópolis do Tocantins","latitude":-9.65731,"longitude":-49.38737},{"id":11617,"name":"Dois Irmãos do Tocantins","latitude":-9.29074,"longitude":-49.15573},{"id":11666,"name":"Dueré","latitude":-11.35537,"longitude":-49.46137},{"id":11728,"name":"Esperantina","latitude":-5.30432,"longitude":-48.54762},{"id":11906,"name":"Fátima","latitude":-10.81953,"longitude":-48.86757},{"id":11818,"name":"Figueirópolis","latitude":-12.26857,"longitude":-49.28976},{"id":11820,"name":"Filadélfia","latitude":-7.48804,"longitude":-47.85623},{"id":11859,"name":"Formoso do Araguaia","latitude":-11.95898,"longitude":-50.09809},{"id":11865,"name":"Fortaleza do Tabocão","latitude":-9.08805,"longitude":-48.55638},{"id":11961,"name":"Goianorte","latitude":-8.83664,"longitude":-48.99356},{"id":11966,"name":"Goiatins","latitude":-8.04432,"longitude":-47.47183},{"id":12061,"name":"Guaraí","latitude":-8.70233,"longitude":-48.40251},{"id":12088,"name":"Gurupi","latitude":-11.72917,"longitude":-49.06861},{"id":12294,"name":"Ipueiras","latitude":-11.15847,"longitude":-48.37886},{"id":12338,"name":"Itacajá","latitude":-8.55538,"longitude":-47.62201},{"id":12354,"name":"Itaguatins","latitude":-5.81408,"longitude":-47.65425},{"id":12425,"name":"Itapiratins","latitude":-8.3582,"longitude":-47.99703},{"id":12434,"name":"Itaporã do Tocantins","latitude":-8.50178,"longitude":-48.75214},{"id":12610,"name":"Jaú do Tocantins","latitude":-12.83943,"longitude":-48.63203},{"id":12670,"name":"Juarina","latitude":-8.1018,"longitude":-49.07995},{"id":12750,"name":"Lagoa da Confusão","latitude":-10.99307,"longitude":-49.93702},{"id":12764,"name":"Lagoa do Tocantins","latitude":-10.33721,"longitude":-47.48133},{"id":12776,"name":"Lajeado","latitude":-9.86927,"longitude":-48.28058},{"id":12807,"name":"Lavandeira","latitude":-12.83658,"longitude":-46.39307},{"id":12845,"name":"Lizarda","latitude":-9.52341,"longitude":-46.97679},{"id":12876,"name":"Luzinópolis","latitude":-6.20636,"longitude":-47.83045},{"id":13010,"name":"Marianópolis do Tocantins","latitude":-9.81443,"longitude":-49.71607},{"id":13051,"name":"Mateiros","latitude":-10.41802,"longitude":-46.4838},{"id":13081,"name":"Maurilândia do Tocantins","latitude":-5.98609,"longitude":-47.57986},{"id":13133,"name":"Miracema do Tocantins","latitude":-9.76855,"longitude":-48.58348},{"id":13144,"name":"Miranorte","latitude":-9.39114,"longitude":-48.66598},{"id":13214,"name":"Monte do Carmo","latitude":-10.72034,"longitude":-48.01807},{"id":13210,"name":"Monte Santo do Tocantins","latitude":-10.00972,"longitude":-49.12747},{"id":13282,"name":"Muricilândia","latitude":-6.98598,"longitude":-48.79167},{"id":13302,"name":"Natividade","latitude":-11.75889,"longitude":-47.64485},{"id":13310,"name":"Nazaré","latitude":-6.31311,"longitude":-47.78944},{"id":13409,"name":"Nova Olinda","latitude":-7.68973,"longitude":-48.28152},{"id":13429,"name":"Nova Rosalândia","latitude":-10.56285,"longitude":-48.97053},{"id":13450,"name":"Novo Acordo","latitude":-10.15197,"longitude":-47.47165},{"id":13452,"name":"Novo Alegre","latitude":-12.87311,"longitude":-46.56936},{"id":13467,"name":"Novo Jardim","latitude":-11.75148,"longitude":-46.54138},{"id":13508,"name":"Oliveira de Fátima","latitude":-10.67053,"longitude":-48.90783},{"id":13587,"name":"Palmas","latitude":-10.16745,"longitude":-48.32766},{"id":13596,"name":"Palmeirante","latitude":-7.86937,"longitude":-48.17585},{"id":13599,"name":"Palmeiras do Tocantins","latitude":-6.61304,"longitude":-47.66259},{"id":13602,"name":"Palmeirópolis","latitude":-13.06026,"longitude":-48.38866},{"id":13664,"name":"Paraíso do Tocantins","latitude":-10.23212,"longitude":-48.88032},{"id":13649,"name":"Paranã","latitude":-12.73875,"longitude":-47.94338},{"id":13716,"name":"Pau d'Arco","latitude":-7.55877,"longitude":-48.93697},{"id":13772,"name":"Pedro Afonso","latitude":-9.20623,"longitude":-47.97805},{"id":13787,"name":"Peixe","latitude":-11.99612,"longitude":-48.53284},{"id":13801,"name":"Pequizeiro","latitude":-8.40977,"longitude":-48.94148},{"id":13855,"name":"Pindorama do Tocantins","latitude":-11.13233,"longitude":-47.5617},{"id":13905,"name":"Piraquê","latitude":-6.68862,"longitude":-48.23711},{"id":13926,"name":"Pium","latitude":-10.07399,"longitude":-49.69857},{"id":13966,"name":"Ponte Alta do Bom Jesus","latitude":-12.09696,"longitude":-46.62629},{"id":13968,"name":"Ponte Alta do Tocantins","latitude":-10.78604,"longitude":-47.1813},{"id":13997,"name":"Porto Alegre do Tocantins","latitude":-11.53239,"longitude":-47.03453},{"id":14012,"name":"Porto Nacional","latitude":-10.52826,"longitude":-48.47443},{"id":14065,"name":"Praia Norte","latitude":-5.46958,"longitude":-47.79732},{"id":14088,"name":"Presidente Kennedy","latitude":-8.48264,"longitude":-48.44075},{"id":14115,"name":"Pugmil","latitude":-10.42875,"longitude":-48.85558},{"id":14181,"name":"Recursolândia","latitude":-8.66852,"longitude":-47.07333},{"id":14208,"name":"Riachinho","latitude":-6.46034,"longitude":-48.13618},{"id":14303,"name":"Rio da Conceição","latitude":-11.36815,"longitude":-46.77445},{"id":14317,"name":"Rio dos Bois","latitude":-9.20901,"longitude":-48.44308},{"id":14297,"name":"Rio Sono","latitude":-9.64479,"longitude":-47.38387},{"id":14409,"name":"Sampaio","latitude":-5.36587,"longitude":-47.91898},{"id":14412,"name":"Sandolândia","latitude":-12.40743,"longitude":-49.85491},{"id":14467,"name":"Santa Fé do Araguaia","latitude":-7.10746,"longitude":-48.9558},{"id":14517,"name":"Santa Maria do Tocantins","latitude":-8.81566,"longitude":-47.85337},{"id":14538,"name":"Santa Rita do Tocantins","latitude":-10.9736,"longitude":-49.37112},{"id":14549,"name":"Santa Rosa do Tocantins","latitude":-11.38278,"longitude":-48.07295},{"id":14556,"name":"Santa Tereza do Tocantins","latitude":-10.2998,"longitude":-47.72597},{"id":14564,"name":"Santa Terezinha do Tocantins","latitude":-6.4804,"longitude":-47.70055},{"id":14841,"name":"São Bento do Tocantins","latitude":-5.95028,"longitude":-47.9963},{"id":14905,"name":"São Félix do Tocantins","latitude":-10.06488,"longitude":-46.72778},{"id":15096,"name":"São Miguel do Tocantins","latitude":-5.53458,"longitude":-47.6082},{"id":15134,"name":"São Salvador do Tocantins","latitude":-12.54945,"longitude":-48.40184},{"id":15152,"name":"São Sebastião do Tocantins","latitude":-5.25181,"longitude":-48.34602},{"id":15165,"name":"São Valério","latitude":-11.86029,"longitude":-48.13995},{"id":14776,"name":"Silvanópolis","latitude":-11.11343,"longitude":-48.22341},{"id":15178,"name":"Sítio Novo do Tocantins","latitude":-5.6299,"longitude":-47.68644},{"id":14817,"name":"Sucupira","latitude":-12.019,"longitude":-48.84477},{"id":15198,"name":"Taguatinga","latitude":-12.38568,"longitude":-46.5711},{"id":15203,"name":"Taipas do Tocantins","latitude":-12.15677,"longitude":-47.03342},{"id":15207,"name":"Talismã","latitude":-12.67795,"longitude":-49.07863},{"id":15327,"name":"Tocantínia","latitude":-9.5644,"longitude":-48.18709},{"id":15326,"name":"Tocantinópolis","latitude":-6.26254,"longitude":-47.55767},{"id":15406,"name":"Tupirama","latitude":-8.9192,"longitude":-48.27661},{"id":15407,"name":"Tupiratins","latitude":-8.38578,"longitude":-48.22299},{"id":15627,"name":"Wanderlândia","latitude":-6.79803,"longitude":-48.00415},{"id":15633,"name":"Xambioá","latitude":-6.59413,"longitude":-48.43142}]