[{"id":658,"name":"Alvear","latitude":-29.09683,"longitude":-56.55043},{"id":696,"name":"Berón de Astrada","latitude":-27.55067,"longitude":-57.5346},{"id":698,"name":"Bonpland","latitude":-29.81708,"longitude":-57.42974},{"id":756,"name":"Chavarría","latitude":-28.95489,"longitude":-58.57277},{"id":789,"name":"Concepción","latitude":-28.39175,"longitude":-57.88777},{"id":803,"name":"Corrientes","latitude":-27.46784,"longitude":-58.8344},{"id":810,"name":"Cruz de los Milagros","latitude":-28.83646,"longitude":-59.00476},{"id":813,"name":"Curuzú Cuatiá","latitude":-29.79171,"longitude":-58.0546},{"id":836,"name":"Departamento de Bella Vista","latitude":-28.5,"longitude":-58.83333},{"id":838,"name":"Departamento de Berón de Astrada","latitude":-27.5,"longitude":-57.66667},{"id":847,"name":"Departamento de Capital","latitude":-27.5,"longitude":-58.75},{"id":866,"name":"Departamento de Concepción","latitude":-28.33333,"longitude":-58.0},{"id":872,"name":"Departamento de Curuzú Cuatiá","latitude":-29.5,"longitude":-58.5},{"id":879,"name":"Departamento de Empedrado","latitude":-27.83333,"longitude":-58.66667},{"id":881,"name":"Departamento de Esquina","latitude":-30.0,"longitude":-59.33333},{"id":888,"name":"Departamento de General Alvear","latitude":-28.83333,"longitude":-56.5},{"id":895,"name":"Departamento de General Paz","latitude":-27.75,"longitude":-57.83333},{"id":899,"name":"Departamento de Goya","latitude":-29.5,"longitude":-59.5},{"id":912,"name":"Departamento de Itatí","latitude":-27.33333,"longitude":-58.0},{"id":913,"name":"Departamento de Ituzaingó","latitude":-27.90085,"longitude":-56.86604},{"id":925,"name":"Departamento de Lavalle","latitude":-29.0,"longitude":-58.91667},{"id":940,"name":"Departamento de Mburucuyá","latitude":-28.0,"longitude":-58.25},{"id":941,"name":"Departamento de Mercedes","latitude":-29.0,"longitude":-57.83333},{"id":945,"name":"Departamento de Monte Caseros","latitude":-30.25,"longitude":-57.83333},{"id":957,"name":"Departamento de Paso de los Libres","latitude":-29.66667,"longitude":-57.25},{"id":980,"name":"Departamento de Saladas","latitude":-28.25,"longitude":-58.75},{"id":984,"name":"Departamento de San Cosme","latitude":-27.33333,"longitude":-58.5},{"id":995,"name":"Departamento de San Luis del Palmar","latitude":-27.5,"longitude":-58.25},{"id":996,"name":"Departamento de San Martín","latitude":-28.83333,"longitude":-56.91667},{"id":1001,"name":"Departamento de San Miguel","latitude":-27.91667,"longitude":-57.5},{"id":1004,"name":"Departamento de San Roque","latitude":-28.66667,"longitude":-58.75},{"id":1009,"name":"Departamento de Santo Tomé","latitude":-28.25,"longitude":-56.25},{"id":1014,"name":"Departamento de Sauce","latitude":-30.0,"longitude":-58.66667},{"id":1068,"name":"Empedrado","latitude":-27.95178,"longitude":-58.80584},{"id":1071,"name":"Esquina","latitude":-30.01476,"longitude":-59.5289},{"id":1077,"name":"Felipe Yofré","latitude":-29.10226,"longitude":-58.33772},{"id":1089,"name":"Garruchos","latitude":-28.17208,"longitude":-55.65406},{"id":1118,"name":"Gobernador Juan E. Martínez","latitude":-28.91161,"longitude":-58.93594},{"id":1121,"name":"Gobernador Virasora","latitude":-28.05,"longitude":-56.03333},{"id":1123,"name":"Goya","latitude":-29.13995,"longitude":-59.26343},{"id":1134,"name":"Herlitzka","latitude":-27.56516,"longitude":-58.25557},{"id":1163,"name":"Itá Ibaté","latitude":-27.42573,"longitude":-57.33758},{"id":1161,"name":"Itatí","latitude":-27.27043,"longitude":-58.24458},{"id":1162,"name":"Ituzaingó","latitude":-27.58162,"longitude":-56.68231},{"id":1171,"name":"Juan Pujol","latitude":-30.41873,"longitude":-57.85612},{"id":1184,"name":"La Cruz","latitude":-29.17443,"longitude":-56.64326},{"id":1235,"name":"Libertad","latitude":-30.043,"longitude":-57.8202},{"id":1237,"name":"Lomas de Vallejos","latitude":-27.73501,"longitude":-57.9185},{"id":1242,"name":"Loreto","latitude":-27.76834,"longitude":-57.27531},{"id":1271,"name":"Mariano I. Loza","latitude":-29.37667,"longitude":-58.19436},{"id":1275,"name":"Mburucuyá","latitude":-28.04532,"longitude":-58.22835},{"id":1279,"name":"Mercedes","latitude":-29.18416,"longitude":-58.07519},{"id":1284,"name":"Mocoretá","latitude":-30.61891,"longitude":-57.96344},{"id":1287,"name":"Monte Caseros","latitude":-30.25359,"longitude":-57.63626},{"id":1301,"name":"Nuestra Señora del Rosario de Caa Catí","latitude":-27.75072,"longitude":-57.62073},{"id":1303,"name":"Nueve de Julio","latitude":-28.84051,"longitude":-58.8265},{"id":1311,"name":"Palmar Grande","latitude":-27.94195,"longitude":-57.90057},{"id":1323,"name":"Paso de la Patria","latitude":-27.31676,"longitude":-58.57197},{"id":1324,"name":"Paso de los Libres","latitude":-29.71251,"longitude":-57.08771},{"id":1325,"name":"Pedro R. Fernández","latitude":-28.75097,"longitude":-58.65583},{"id":1327,"name":"Perugorría","latitude":-29.34132,"longitude":-58.61059},{"id":1349,"name":"Pueblo Libertador","latitude":-30.22087,"longitude":-59.38981},{"id":1382,"name":"Riachuelo","latitude":-27.58191,"longitude":-58.74497},{"id":1399,"name":"Saladas","latitude":-28.25384,"longitude":-58.62591},{"id":1416,"name":"San Carlos","latitude":-27.74586,"longitude":-55.89731},{"id":1419,"name":"San Cosme","latitude":-27.37123,"longitude":-58.51214},{"id":1437,"name":"San Lorenzo","latitude":-28.13306,"longitude":-58.76733},{"id":1439,"name":"San Luis del Palmar","latitude":-27.5079,"longitude":-58.55454},{"id":1443,"name":"San Miguel","latitude":-27.99585,"longitude":-57.58964},{"id":1461,"name":"Santa Lucía","latitude":-28.98746,"longitude":-59.10287},{"id":1466,"name":"Santa Rosa","latitude":-28.26318,"longitude":-58.11891},{"id":1476,"name":"Santo Tomé","latitude":-28.54939,"longitude":-56.04077},{"id":1594,"name":"Yapeyú","latitude":-29.46914,"longitude":-56.81841},{"id":1595,"name":"Yataity Calle","latitude":-29.01913,"longitude":-58.90846}]