[{"id":9827,"name":"Aiquile","latitude":-18.20408,"longitude":-65.18068},{"id":9829,"name":"Arani","latitude":-17.56854,"longitude":-65.76883},{"id":9836,"name":"Bolivar","latitude":-17.96667,"longitude":-66.53333},{"id":9841,"name":"Capinota","latitude":-17.71113,"longitude":-66.26082},{"id":9845,"name":"Chimoré","latitude":-16.99417,"longitude":-65.1533},{"id":9847,"name":"Cliza","latitude":-17.58777,"longitude":-65.93253},{"id":9849,"name":"Cochabamba","latitude":-17.3895,"longitude":-66.1568},{"id":9850,"name":"Colchani","latitude":-17.31667,"longitude":-66.71667},{"id":9852,"name":"Colomi","latitude":-17.35,"longitude":-65.86667},{"id":9871,"name":"Independencia","latitude":-17.08389,"longitude":-66.81804},{"id":9872,"name":"Irpa Irpa","latitude":-17.71667,"longitude":-66.26667},{"id":9886,"name":"Mizque","latitude":-17.94101,"longitude":-65.34016},{"id":9902,"name":"Provincia Arani","latitude":-17.5,"longitude":-65.5},{"id":9905,"name":"Provincia Arque","latitude":-17.75,"longitude":-66.66667},{"id":9908,"name":"Provincia Ayopaya","latitude":-16.5,"longitude":-66.58333},{"id":9913,"name":"Provincia Campero","latitude":-18.33333,"longitude":-65.0},{"id":9914,"name":"Provincia Capinota","latitude":-17.83333,"longitude":-66.16667},{"id":9916,"name":"Provincia Carrasco","latitude":-17.5,"longitude":-65.0},{"id":9918,"name":"Provincia Cercado","latitude":-17.33333,"longitude":-66.16667},{"id":9921,"name":"Provincia Chaparé","latitude":-16.5,"longitude":-65.5},{"id":9927,"name":"Provincia Esteban Arce","latitude":-17.66667,"longitude":-66.0},{"id":9933,"name":"Provincia Germán Jordán","latitude":-17.58333,"longitude":-65.91667},{"id":9954,"name":"Provincia Mizque","latitude":-17.90655,"longitude":-65.3944},{"id":9971,"name":"Provincia Punata","latitude":-17.5,"longitude":-65.91667},{"id":9973,"name":"Provincia Quillacollo","latitude":-17.5,"longitude":-66.5},{"id":9986,"name":"Provincia Tapacarí","latitude":-17.51146,"longitude":-66.61965},{"id":10002,"name":"Punata","latitude":-17.54234,"longitude":-65.83472},{"id":10003,"name":"Quillacollo","latitude":-17.39228,"longitude":-66.27838},{"id":10009,"name":"Sacaba","latitude":-17.39799,"longitude":-66.03825},{"id":10029,"name":"Sipe Sipe","latitude":-17.45,"longitude":-66.38333},{"id":10034,"name":"Tarata","latitude":-17.60898,"longitude":-66.02135},{"id":10037,"name":"Tiquipaya","latitude":-17.33801,"longitude":-66.21579},{"id":10038,"name":"Tiraque Province","latitude":-17.33333,"longitude":-65.91667},{"id":10039,"name":"Totora","latitude":-17.72662,"longitude":-65.1932}]