[{"id":15804,"name":"Aktsyabrski","latitude":52.644,"longitude":28.8801},{"id":15829,"name":"Brahin","latitude":51.787,"longitude":30.2677},{"id":15830,"name":"Brahinski Rayon","latitude":51.66667,"longitude":30.33333},{"id":15835,"name":"Buda-Kashalyova","latitude":52.7179,"longitude":30.5701},{"id":15848,"name":"Chachersk","latitude":52.9164,"longitude":30.9179},{"id":15849,"name":"Chacherski Rayon","latitude":52.91667,"longitude":31.08333},{"id":15864,"name":"Dobrush","latitude":52.4089,"longitude":31.3237},{"id":15867,"name":"Dowsk","latitude":53.1571,"longitude":30.4601},{"id":15895,"name":"Homyel'","latitude":52.4345,"longitude":30.9754},{"id":15896,"name":"Homyel’ski Rayon","latitude":52.33333,"longitude":31.0},{"id":15915,"name":"Kalinkavichy","latitude":52.1323,"longitude":29.3257},{"id":15923,"name":"Karanyowka","latitude":52.3506,"longitude":31.1121},{"id":15926,"name":"Karma","latitude":53.1301,"longitude":30.8016},{"id":15929,"name":"Kastsyukowka","latitude":52.5387,"longitude":30.9173},{"id":15930,"name":"Khal’ch","latitude":52.5643,"longitude":31.1364},{"id":15936,"name":"Khoyniki","latitude":51.8911,"longitude":29.9552},{"id":15962,"name":"Loyew","latitude":51.9458,"longitude":30.7953},{"id":15967,"name":"Lyel’chytski Rayon","latitude":51.83333,"longitude":28.25},{"id":15968,"name":"Lyel’chytsy","latitude":51.7862,"longitude":28.3288},{"id":15985,"name":"Mazyr","latitude":52.0495,"longitude":29.2456},{"id":15986,"name":"Mazyrski Rayon","latitude":52.0,"longitude":29.0},{"id":16002,"name":"Narowlya","latitude":51.7961,"longitude":29.5004},{"id":16005,"name":"Novaya Huta","latitude":52.1032,"longitude":30.9837},{"id":16017,"name":"Parychy","latitude":52.8042,"longitude":29.4176},{"id":16020,"name":"Peramoga","latitude":52.3973,"longitude":31.071},{"id":16033,"name":"Pyetrykaw","latitude":52.1289,"longitude":28.4921},{"id":16035,"name":"Rahachow","latitude":53.0934,"longitude":30.0495},{"id":16036,"name":"Rahachowski Rayon","latitude":53.16667,"longitude":30.16667},{"id":16041,"name":"Rechytsa","latitude":52.3617,"longitude":30.3916},{"id":16049,"name":"Sasnovy Bor","latitude":52.5194,"longitude":29.5988},{"id":16081,"name":"Svyetlahorsk","latitude":52.6329,"longitude":29.7389},{"id":16090,"name":"Turaw","latitude":52.0683,"longitude":27.735},{"id":16098,"name":"Vasilyevichy","latitude":52.2512,"longitude":29.8288},{"id":16112,"name":"Vyetka","latitude":52.5591,"longitude":31.1794},{"id":16113,"name":"Vyetkawski Rayon","latitude":52.66667,"longitude":31.25},{"id":16116,"name":"Yel’sk","latitude":51.8141,"longitude":29.1522},{"id":16127,"name":"Zhlobin","latitude":52.8926,"longitude":30.024},{"id":16128,"name":"Zhlobinski Rayon","latitude":52.75,"longitude":29.83333},{"id":16129,"name":"Zhytkavichy","latitude":52.2168,"longitude":27.8561}]