[{"id":17461,"name":"Beringen","latitude":47.69763,"longitude":8.57431},{"id":17502,"name":"Bezirk Oberklettgau","latitude":47.69893,"longitude":8.51774},{"id":17505,"name":"Bezirk Reiat","latitude":47.74752,"longitude":8.70821},{"id":17507,"name":"Bezirk Schaffhausen","latitude":47.6944,"longitude":8.63525},{"id":17508,"name":"Bezirk Schleitheim","latitude":47.75,"longitude":8.51111},{"id":17512,"name":"Bezirk Stein","latitude":47.66429,"longitude":8.84683},{"id":17515,"name":"Bezirk Unterklettgau","latitude":47.68,"longitude":8.46333},{"id":17892,"name":"Hallau","latitude":47.69648,"longitude":8.45827},{"id":18110,"name":"Löhningen","latitude":47.70121,"longitude":8.55236},{"id":18217,"name":"Neuhausen","latitude":47.68579,"longitude":8.61474},{"id":18218,"name":"Neunkirch","latitude":47.69012,"longitude":8.49981},{"id":18336,"name":"Ramsen","latitude":47.70797,"longitude":8.80949},{"id":18455,"name":"Schaffhausen","latitude":47.69732,"longitude":8.63493},{"id":18464,"name":"Schleitheim","latitude":47.74818,"longitude":8.48213},{"id":18552,"name":"Stein am Rhein","latitude":47.65933,"longitude":8.85964},{"id":18556,"name":"Stetten","latitude":47.74025,"longitude":8.66298},{"id":18588,"name":"Thayngen","latitude":47.74717,"longitude":8.70724},{"id":18751,"name":"Wilchingen","latitude":47.66745,"longitude":8.46774}]