[{"id":592,"name":"Caconda","latitude":-13.73333,"longitude":15.06667},{"id":593,"name":"Caluquembe","latitude":-13.92093,"longitude":14.53476},{"id":602,"name":"Chibia","latitude":-15.23657,"longitude":13.88468},{"id":603,"name":"Chicomba","latitude":-14.30788,"longitude":14.98672},{"id":604,"name":"Chipindo","latitude":-13.8683,"longitude":15.73277},{"id":607,"name":"Cuvango","latitude":-14.27693,"longitude":16.31475},{"id":608,"name":"Gambos","latitude":-15.80926,"longitude":14.07661},{"id":610,"name":"Humpata","latitude":-15.0725,"longitude":13.36771},{"id":612,"name":"Jamba","latitude":-14.76294,"longitude":15.83493},{"id":617,"name":"Lubango","latitude":-14.91717,"longitude":13.4925},{"id":623,"name":"Matala","latitude":-15.23967,"longitude":15.17246},{"id":630,"name":"Quilengues","latitude":-13.99213,"longitude":13.76705},{"id":631,"name":"Quipungo","latitude":-15.12203,"longitude":14.55953}]