[{"id":10078,"name":"Acrelândia","latitude":-9.98045,"longitude":-66.84388},{"id":10428,"name":"Assis Brasil","latitude":-10.88334,"longitude":-70.01314},{"id":10774,"name":"Brasiléia","latitude":-11.01611,"longitude":-68.74806},{"id":10819,"name":"Bujari","latitude":-9.57859,"longitude":-68.17197},{"id":11091,"name":"Capixaba","latitude":-10.48782,"longitude":-67.84831},{"id":11498,"name":"Cruzeiro do Sul","latitude":-7.62759,"longitude":-72.67756},{"id":11713,"name":"Epitaciolândia","latitude":-10.93542,"longitude":-68.44411},{"id":11788,"name":"Feijó","latitude":-8.1654,"longitude":-70.35486},{"id":12647,"name":"Jordão","latitude":-9.09166,"longitude":-71.84069},{"id":13291,"name":"Mâncio Lima","latitude":-7.61417,"longitude":-72.89583},{"id":12954,"name":"Manoel Urbano","latitude":-8.83889,"longitude":-69.25972},{"id":13001,"name":"Marechal Thaumaturgo","latitude":-8.94111,"longitude":-72.79167},{"id":13945,"name":"Plácido de Castro","latitude":-10.33528,"longitude":-67.18556},{"id":13993,"name":"Porto Acre","latitude":-9.65038,"longitude":-67.77733},{"id":14022,"name":"Porto Walter","latitude":-8.26861,"longitude":-72.74389},{"id":14263,"name":"Rio Branco","latitude":-9.97472,"longitude":-67.81},{"id":14333,"name":"Rodrigues Alves","latitude":-7.85286,"longitude":-73.23613},{"id":14547,"name":"Santa Rosa do Purus","latitude":-9.4773,"longitude":-70.39032},{"id":14692,"name":"Sena Madureira","latitude":-9.06341,"longitude":-68.67245},{"id":14700,"name":"Senador Guiomard","latitude":-10.1497,"longitude":-67.73741},{"id":15253,"name":"Tarauacá","latitude":-8.16139,"longitude":-70.76556},{"id":15637,"name":"Xapuri","latitude":-10.59663,"longitude":-68.64891}]