[{"id":682,"name":"Balvanera","latitude":-34.61032,"longitude":-58.39766},{"id":683,"name":"Barracas","latitude":-34.64966,"longitude":-58.38341},{"id":687,"name":"Belgrano","latitude":-34.5627,"longitude":-58.45829},{"id":697,"name":"Boedo","latitude":-34.63333,"longitude":-58.41667},{"id":704,"name":"Buenos Aires","latitude":-34.61315,"longitude":-58.37723},{"id":773,"name":"Colegiales","latitude":-34.57365,"longitude":-58.44924},{"id":1380,"name":"Retiro","latitude":-34.58333,"longitude":-58.38333},{"id":1561,"name":"Villa Lugano","latitude":-34.67907,"longitude":-58.47263},{"id":1570,"name":"Villa Ortúzar","latitude":-34.57973,"longitude":-58.46829},{"id":1576,"name":"Villa Santa Rita","latitude":-34.61082,"longitude":-58.481}]