[{"id":16160,"name":"Altona","latitude":49.10469,"longitude":-97.55961},{"id":16206,"name":"Beausejour","latitude":50.0622,"longitude":-96.51669},{"id":16225,"name":"Boissevain","latitude":49.23062,"longitude":-100.05586},{"id":16238,"name":"Brandon","latitude":49.84692,"longitude":-99.95306},{"id":16275,"name":"Carberry","latitude":49.86893,"longitude":-99.36021},{"id":16283,"name":"Carman","latitude":49.4992,"longitude":-98.00156},{"id":16348,"name":"Cross Lake 19A","latitude":54.65135,"longitude":-97.76848},{"id":16356,"name":"Dauphin","latitude":51.14941,"longitude":-100.05023},{"id":16360,"name":"De Salaberry","latitude":49.39999,"longitude":-97.00894},{"id":16364,"name":"Deloraine","latitude":49.19082,"longitude":-100.49477},{"id":16422,"name":"Flin Flon","latitude":54.76703,"longitude":-101.87433},{"id":16452,"name":"Gimli","latitude":50.63362,"longitude":-96.99066},{"id":16477,"name":"Grunthal","latitude":49.40668,"longitude":-96.85873},{"id":16500,"name":"Headingley","latitude":49.8753,"longitude":-97.40896},{"id":16518,"name":"Ile des Chênes","latitude":49.7106,"longitude":-96.98893},{"id":16544,"name":"Killarney","latitude":49.18332,"longitude":-99.66364},{"id":16563,"name":"La Broquerie","latitude":49.51688,"longitude":-96.50029},{"id":16576,"name":"Lac du Bonnet","latitude":50.2536,"longitude":-96.06116},{"id":16593,"name":"Landmark","latitude":49.67169,"longitude":-96.82232},{"id":16629,"name":"Lorette","latitude":49.73919,"longitude":-96.87232},{"id":16677,"name":"Melita","latitude":49.26811,"longitude":-100.99669},{"id":16693,"name":"Minnedosa","latitude":50.24532,"longitude":-99.84364},{"id":16714,"name":"Moose Lake","latitude":49.20559,"longitude":-95.30629},{"id":16717,"name":"Morden","latitude":49.1919,"longitude":-98.10136},{"id":16720,"name":"Morris","latitude":49.35499,"longitude":-97.36567},{"id":16734,"name":"Neepawa","latitude":50.22892,"longitude":-99.46642},{"id":16749,"name":"Niverville","latitude":49.60559,"longitude":-97.04234},{"id":16848,"name":"Portage la Prairie","latitude":49.97282,"longitude":-98.29263},{"id":16894,"name":"Rivers","latitude":50.03081,"longitude":-100.24029},{"id":16898,"name":"Roblin","latitude":51.22999,"longitude":-101.3565},{"id":17026,"name":"Selkirk","latitude":50.1436,"longitude":-96.88452},{"id":17041,"name":"Shilo","latitude":49.80509,"longitude":-99.63175},{"id":17056,"name":"Souris","latitude":49.6172,"longitude":-100.2612},{"id":17067,"name":"St. Adolphe","latitude":49.6744,"longitude":-97.11124},{"id":17075,"name":"Steinbach","latitude":49.52579,"longitude":-96.68451},{"id":17080,"name":"Stonewall","latitude":50.13441,"longitude":-97.32676},{"id":17093,"name":"Swan River","latitude":52.1058,"longitude":-101.26759},{"id":17105,"name":"The Pas","latitude":53.82509,"longitude":-101.25413},{"id":17108,"name":"Thompson","latitude":55.7435,"longitude":-97.85579},{"id":17161,"name":"Virden","latitude":49.8508,"longitude":-100.93262},{"id":17192,"name":"West St. Paul","latitude":49.9994,"longitude":-97.16284},{"id":17214,"name":"Winkler","latitude":49.1817,"longitude":-97.94104},{"id":17215,"name":"Winnipeg","latitude":49.8844,"longitude":-97.14704}]