[{"id":9170,"name":"Djibo","latitude":14.0994,"longitude":-1.62554},{"id":9171,"name":"Dori","latitude":14.0354,"longitude":-0.0345},{"id":9177,"name":"Gorom-Gorom","latitude":14.4429,"longitude":-0.23468},{"id":9207,"name":"Province de l’Oudalan","latitude":14.66667,"longitude":-0.33333},{"id":9231,"name":"Province du Séno","latitude":13.964,"longitude":0.012},{"id":9229,"name":"Province du Soum","latitude":14.33333,"longitude":-1.25},{"id":9233,"name":"Province du Yagha","latitude":13.41667,"longitude":0.58333}]