[{"id":1602,"name":"Absdorf","latitude":48.40021,"longitude":15.97874},{"id":1606,"name":"Achau","latitude":48.08026,"longitude":16.38611},{"id":1608,"name":"Aderklaa","latitude":48.28333,"longitude":16.53333},{"id":1614,"name":"Aggsbach","latitude":48.29404,"longitude":15.40382},{"id":1627,"name":"Alland","latitude":48.05829,"longitude":16.07901},{"id":1628,"name":"Allentsteig","latitude":48.69725,"longitude":15.32756},{"id":1633,"name":"Allhartsberg","latitude":48.02633,"longitude":14.79009},{"id":1638,"name":"Altenburg","latitude":48.64765,"longitude":15.59295},{"id":1639,"name":"Altendorf","latitude":47.65,"longitude":16.01667},{"id":1641,"name":"Altenmarkt an der Triesting","latitude":48.01553,"longitude":15.99661},{"id":1647,"name":"Altlengbach","latitude":48.15355,"longitude":15.92606},{"id":1649,"name":"Altlichtenwarth","latitude":48.64442,"longitude":16.79664},{"id":1650,"name":"Altmelon","latitude":48.46222,"longitude":14.96552},{"id":1656,"name":"Amstetten","latitude":48.1229,"longitude":14.87206},{"id":1659,"name":"Andlersdorf","latitude":48.18333,"longitude":16.66667},{"id":1666,"name":"Angern an der March","latitude":48.37778,"longitude":16.82806},{"id":1675,"name":"Arbesbach","latitude":48.49337,"longitude":14.95308},{"id":1676,"name":"Ardagger Stift","latitude":48.15,"longitude":14.83333},{"id":1689,"name":"Aschbach Markt","latitude":48.07234,"longitude":14.75395},{"id":1690,"name":"Aspang Markt","latitude":47.55,"longitude":16.08333},{"id":1691,"name":"Asparn an der Zaya","latitude":48.58333,"longitude":16.5},{"id":1692,"name":"Asperhofen","latitude":48.24583,"longitude":15.92606},{"id":1699,"name":"Atzenbrugg","latitude":48.29119,"longitude":15.90614},{"id":1703,"name":"Au am Leithaberge","latitude":47.92296,"longitude":16.55794},{"id":1708,"name":"Auersthal","latitude":48.37373,"longitude":16.63596},{"id":1718,"name":"Bad Deutsch-Altenburg","latitude":48.13425,"longitude":16.90624},{"id":1719,"name":"Bad Erlach","latitude":47.72722,"longitude":16.21444},{"id":1720,"name":"Bad Fischau","latitude":47.83137,"longitude":16.16707},{"id":1731,"name":"Bad Pirawarth","latitude":48.45194,"longitude":16.59833},{"id":1736,"name":"Bad Schönau","latitude":47.49473,"longitude":16.2341},{"id":1738,"name":"Bad Traunstein","latitude":48.4385,"longitude":15.11712},{"id":1739,"name":"Bad Vöslau","latitude":47.96533,"longitude":16.21359},{"id":1742,"name":"Baden","latitude":48.00543,"longitude":16.23264},{"id":1824,"name":"Bärnkopf","latitude":48.39046,"longitude":15.00479},{"id":1752,"name":"Behamberg","latitude":48.01667,"longitude":14.48333},{"id":1753,"name":"Berg","latitude":48.10147,"longitude":17.03842},{"id":1759,"name":"Bergland","latitude":48.15595,"longitude":15.18553},{"id":1761,"name":"Berndorf","latitude":47.94567,"longitude":16.10973},{"id":1764,"name":"Bernhardsthal","latitude":48.69158,"longitude":16.86951},{"id":1768,"name":"Biberbach","latitude":48.03006,"longitude":14.70795},{"id":1771,"name":"Biedermannsdorf","latitude":48.08393,"longitude":16.34542},{"id":1776,"name":"Bisamberg","latitude":48.33333,"longitude":16.35},{"id":1778,"name":"Bischofstetten","latitude":48.12222,"longitude":15.46909},{"id":1782,"name":"Blindenmarkt","latitude":48.12749,"longitude":14.98647},{"id":1786,"name":"Bockfließ","latitude":48.36,"longitude":16.60389},{"id":1825,"name":"Böheimkirchen","latitude":48.19779,"longitude":15.76178},{"id":1796,"name":"Breitenau","latitude":47.73355,"longitude":16.14338},{"id":1801,"name":"Breitenfurt bei Wien","latitude":48.13333,"longitude":16.15},{"id":1806,"name":"Bromberg","latitude":47.66539,"longitude":16.2099},{"id":1809,"name":"Bruck an der Leitha","latitude":48.01667,"longitude":16.76667},{"id":1813,"name":"Brunn am Gebirge","latitude":48.10697,"longitude":16.28466},{"id":1814,"name":"Brunn an der Schneebergbahn","latitude":47.82376,"longitude":16.15934},{"id":1815,"name":"Brunn an der Wild","latitude":48.69425,"longitude":15.52008},{"id":1818,"name":"Buchbach","latitude":47.69648,"longitude":15.98425},{"id":1841,"name":"Deutsch-Wagram","latitude":48.29972,"longitude":16.56667},{"id":1855,"name":"Dobersberg","latitude":48.9151,"longitude":15.32188},{"id":1864,"name":"Dorfstetten","latitude":48.32573,"longitude":14.98218},{"id":1867,"name":"Drasenhofen","latitude":48.75,"longitude":16.65},{"id":1870,"name":"Drösing","latitude":48.539,"longitude":16.90264},{"id":1869,"name":"Droß","latitude":48.46393,"longitude":15.57561},{"id":1877,"name":"Dürnkrut","latitude":48.47315,"longitude":16.85062},{"id":1878,"name":"Dürnstein","latitude":48.39582,"longitude":15.51973},{"id":1884,"name":"Ebenfurth","latitude":47.87738,"longitude":16.36731},{"id":1887,"name":"Ebenthal","latitude":48.43333,"longitude":16.78333},{"id":1889,"name":"Ebergassing","latitude":48.04567,"longitude":16.51709},{"id":1895,"name":"Ebreichsdorf","latitude":47.95579,"longitude":16.40705},{"id":1897,"name":"Echsenbach","latitude":48.71667,"longitude":15.21667},{"id":1898,"name":"Eckartsau","latitude":48.14507,"longitude":16.79737},{"id":1904,"name":"Edlitz","latitude":47.59797,"longitude":16.14052},{"id":1909,"name":"Eggenburg","latitude":48.63892,"longitude":15.81903},{"id":1910,"name":"Eggendorf","latitude":47.85809,"longitude":16.32182},{"id":1911,"name":"Eggern","latitude":48.90829,"longitude":15.14877},{"id":1920,"name":"Eichgraben","latitude":48.17204,"longitude":15.98391},{"id":1927,"name":"Eisgarn","latitude":48.91675,"longitude":15.1032},{"id":1935,"name":"Emmersdorf an der Donau","latitude":48.2414,"longitude":15.33721},{"id":1938,"name":"Engelhartstetten","latitude":48.1816,"longitude":16.88367},{"id":1941,"name":"Ennsdorf","latitude":48.21181,"longitude":14.5029},{"id":1942,"name":"Enzenreith","latitude":47.66839,"longitude":15.95249},{"id":1943,"name":"Enzersdorf an der Fischa","latitude":48.08502,"longitude":16.60832},{"id":1944,"name":"Enzersfeld","latitude":48.36338,"longitude":16.42387},{"id":1947,"name":"Erlauf","latitude":48.18333,"longitude":15.18333},{"id":1948,"name":"Ernstbrunn","latitude":48.53333,"longitude":16.35},{"id":1949,"name":"Ernsthofen","latitude":48.12915,"longitude":14.48058},{"id":1950,"name":"Erpersdorf","latitude":48.3421,"longitude":15.91747},{"id":1952,"name":"Ertl","latitude":47.97704,"longitude":14.63134},{"id":1954,"name":"Eschenau","latitude":48.04825,"longitude":15.56694},{"id":1956,"name":"Euratsfeld","latitude":48.08181,"longitude":14.93154},{"id":1960,"name":"Falkenstein","latitude":48.71667,"longitude":16.58333},{"id":1961,"name":"Fallbach","latitude":48.65,"longitude":16.41667},{"id":1965,"name":"Feistritz am Wechsel","latitude":47.6,"longitude":16.05},{"id":1977,"name":"Felixdorf","latitude":47.88159,"longitude":16.24208},{"id":1978,"name":"Fels am Wagram","latitude":48.43333,"longitude":15.81667},{"id":1983,"name":"Ferschnitz","latitude":48.09419,"longitude":14.98454},{"id":1990,"name":"Fischamend-Markt","latitude":48.11667,"longitude":16.6},{"id":2009,"name":"Frankenfels","latitude":47.98234,"longitude":15.32593},{"id":2027,"name":"Frohsdorf","latitude":47.73333,"longitude":16.25},{"id":2029,"name":"Furth an der Triesting","latitude":47.97326,"longitude":15.97326},{"id":2030,"name":"Furth bei Göttweig","latitude":48.37385,"longitude":15.61408},{"id":2038,"name":"Gaaden","latitude":48.05364,"longitude":16.20003},{"id":2041,"name":"Gablitz","latitude":48.22856,"longitude":16.15437},{"id":2044,"name":"Gainfarn","latitude":47.9628,"longitude":16.19368},{"id":2052,"name":"Gaming","latitude":47.929,"longitude":15.08818},{"id":2183,"name":"Gänserndorf","latitude":48.33925,"longitude":16.72016},{"id":2058,"name":"Gars am Kamp","latitude":48.58899,"longitude":15.65363},{"id":2063,"name":"Gastern","latitude":48.89446,"longitude":15.22027},{"id":2065,"name":"Gaubitsch","latitude":48.65,"longitude":16.38333},{"id":2067,"name":"Gaweinstal","latitude":48.48003,"longitude":16.5879},{"id":2069,"name":"Gedersdorf","latitude":48.43319,"longitude":15.68865},{"id":2073,"name":"Geras","latitude":48.79725,"longitude":15.67268},{"id":2074,"name":"Gerasdorf bei Wien","latitude":48.29447,"longitude":16.46765},{"id":2075,"name":"Gerersdorf","latitude":48.20088,"longitude":15.55613},{"id":2078,"name":"Gerolding","latitude":48.25,"longitude":15.41667},{"id":2080,"name":"Gföhl","latitude":48.51667,"longitude":15.48333},{"id":2081,"name":"Gießhübl","latitude":48.0978,"longitude":16.23479},{"id":2087,"name":"Glinzendorf","latitude":48.24605,"longitude":16.6406},{"id":2089,"name":"Gloggnitz","latitude":47.67487,"longitude":15.93893},{"id":2094,"name":"Gmünd","latitude":48.7683,"longitude":14.9808},{"id":2095,"name":"Gnadendorf","latitude":48.61667,"longitude":16.4},{"id":2098,"name":"Gneixendorf","latitude":48.43751,"longitude":15.6181},{"id":2185,"name":"Göllersdorf","latitude":48.49357,"longitude":16.11943},{"id":2186,"name":"Göpfritz an der Wild","latitude":48.72497,"longitude":15.40236},{"id":2191,"name":"Göstling an der Ybbs","latitude":47.80664,"longitude":14.93797},{"id":2193,"name":"Götzendorf an der Leitha","latitude":48.01667,"longitude":16.58333},{"id":2110,"name":"Grafenegg","latitude":48.4304,"longitude":15.74907},{"id":2112,"name":"Grafenschlag","latitude":48.5,"longitude":15.16667},{"id":2114,"name":"Grafenwörth","latitude":48.4079,"longitude":15.77826},{"id":2118,"name":"Gramatneusiedl","latitude":48.0304,"longitude":16.48936},{"id":2126,"name":"Greinsfurth","latitude":48.10846,"longitude":14.8439},{"id":2129,"name":"Gresten","latitude":47.98521,"longitude":15.02552},{"id":2136,"name":"Grimmenstein","latitude":47.61635,"longitude":16.12724},{"id":2146,"name":"Groß-Engersdorf","latitude":48.35873,"longitude":16.5661},{"id":2147,"name":"Groß-Enzersdorf","latitude":48.20278,"longitude":16.55083},{"id":2148,"name":"Groß-Gerungs","latitude":48.57422,"longitude":14.95789},{"id":2149,"name":"Groß-Schweinbarth","latitude":48.41472,"longitude":16.63194},{"id":2150,"name":"Groß-Siegharts","latitude":48.7918,"longitude":15.40429},{"id":2152,"name":"Großebersdorf","latitude":48.36405,"longitude":16.47076},{"id":2153,"name":"Großharras","latitude":48.66389,"longitude":16.24556},{"id":2154,"name":"Großhofen","latitude":48.25834,"longitude":16.6194},{"id":2157,"name":"Großkrut","latitude":48.64389,"longitude":16.72361},{"id":2159,"name":"Großmugl","latitude":48.49917,"longitude":16.23056},{"id":2160,"name":"Großriedenthal","latitude":48.48333,"longitude":15.86667},{"id":2161,"name":"Großrußbach","latitude":48.47412,"longitude":16.41649},{"id":2163,"name":"Großweikersdorf","latitude":48.47123,"longitude":15.98251},{"id":2168,"name":"Grünbach am Schneeberg","latitude":47.79747,"longitude":15.98785},{"id":2172,"name":"Gugging","latitude":48.31385,"longitude":16.24852},{"id":2173,"name":"Gumpoldskirchen","latitude":48.04538,"longitude":16.2771},{"id":2196,"name":"Günselsdorf","latitude":47.94395,"longitude":16.26062},{"id":2176,"name":"Guntersdorf","latitude":48.65,"longitude":16.05},{"id":2177,"name":"Guntramsdorf","latitude":48.04687,"longitude":16.31384},{"id":2180,"name":"Gutenbrunn","latitude":48.3652,"longitude":15.11899},{"id":2181,"name":"Gutenstein","latitude":47.876,"longitude":15.88881},{"id":2200,"name":"Haag","latitude":48.11362,"longitude":14.56753},{"id":2204,"name":"Hadersdorf am Kamp","latitude":48.45,"longitude":15.71667},{"id":2205,"name":"Hadres","latitude":48.70965,"longitude":16.13038},{"id":2207,"name":"Hafnerbach","latitude":48.21667,"longitude":15.48333},{"id":2209,"name":"Hagenbrunn","latitude":48.33333,"longitude":16.4},{"id":2213,"name":"Haidershofen","latitude":48.07579,"longitude":14.46131},{"id":2216,"name":"Hainburg an der Donau","latitude":48.14627,"longitude":16.94504},{"id":2218,"name":"Hainfeld","latitude":48.0339,"longitude":15.77414},{"id":2230,"name":"Hardegg","latitude":48.85,"longitude":15.85},{"id":2231,"name":"Haringsee","latitude":48.1927,"longitude":16.78741},{"id":2232,"name":"Harland","latitude":48.16162,"longitude":15.63835},{"id":2233,"name":"Harmannsdorf","latitude":48.39724,"longitude":16.3722},{"id":2235,"name":"Hart","latitude":48.1532,"longitude":15.61569},{"id":2247,"name":"Haugschlag","latitude":48.98333,"longitude":15.05},{"id":2248,"name":"Haugsdorf","latitude":48.70762,"longitude":16.07656},{"id":2249,"name":"Haunoldstein","latitude":48.2,"longitude":15.45},{"id":2252,"name":"Hausbrunn","latitude":48.62602,"longitude":16.82844},{"id":2253,"name":"Hauskirchen","latitude":48.6,"longitude":16.76667},{"id":2254,"name":"Hausleiten","latitude":48.38333,"longitude":16.1},{"id":2256,"name":"Hausmening","latitude":48.07074,"longitude":14.81438},{"id":2257,"name":"Heidenreichstein","latitude":48.86667,"longitude":15.11667},{"id":2260,"name":"Heiligeneich","latitude":48.29964,"longitude":15.89413},{"id":2261,"name":"Heiligenkreuz","latitude":48.05559,"longitude":16.12493},{"id":2270,"name":"Hennersdorf","latitude":48.11173,"longitude":16.36311},{"id":2273,"name":"Hernstein","latitude":47.89465,"longitude":16.10561},{"id":2274,"name":"Herrnbaumgarten","latitude":48.69606,"longitude":16.68283},{"id":2275,"name":"Herzogenburg","latitude":48.28137,"longitude":15.69431},{"id":2281,"name":"Himberg","latitude":48.08333,"longitude":16.43333},{"id":2285,"name":"Hinterbrühl","latitude":48.08611,"longitude":16.24809},{"id":2287,"name":"Hinterleiten","latitude":48.16513,"longitude":15.96654},{"id":2292,"name":"Hirschbach","latitude":48.74329,"longitude":15.12521},{"id":2294,"name":"Hirtenberg","latitude":47.93095,"longitude":16.17908},{"id":2299,"name":"Hochleithen","latitude":48.45317,"longitude":16.5309},{"id":2302,"name":"Hochwolkersdorf","latitude":47.66127,"longitude":16.28072},{"id":2305,"name":"Hof am Leithaberge","latitude":47.95,"longitude":16.58333},{"id":2308,"name":"Hofamt Priel","latitude":48.19581,"longitude":15.07746},{"id":2339,"name":"Höflein","latitude":48.06667,"longitude":16.78333},{"id":2340,"name":"Höfling","latitude":48.05444,"longitude":15.03672},{"id":2310,"name":"Hofstetten","latitude":48.09711,"longitude":15.51149},{"id":2312,"name":"Hohenau","latitude":48.6042,"longitude":16.9047},{"id":2314,"name":"Hohenberg","latitude":47.90679,"longitude":15.61998},{"id":2315,"name":"Hoheneich","latitude":48.77195,"longitude":15.02857},{"id":2317,"name":"Hohenruppersdorf","latitude":48.46439,"longitude":16.65244},{"id":2321,"name":"Hollabrunn","latitude":48.55,"longitude":16.08333},{"id":2323,"name":"Hollenstein an der Ybbs","latitude":47.80305,"longitude":14.77312},{"id":2324,"name":"Hollenthon","latitude":47.58938,"longitude":16.26131},{"id":2331,"name":"Horn","latitude":48.66274,"longitude":15.65663},{"id":2333,"name":"Hundsheim","latitude":48.11749,"longitude":16.93581},{"id":2346,"name":"Hürm","latitude":48.15601,"longitude":15.41262},{"id":2334,"name":"Hutten","latitude":48.17856,"longitude":15.98579},{"id":2372,"name":"Jaidhof","latitude":48.53333,"longitude":15.48333},{"id":2374,"name":"Japons","latitude":48.7925,"longitude":15.56831},{"id":2375,"name":"Jedenspeigen","latitude":48.49807,"longitude":16.87225},{"id":2394,"name":"Kaltenleutgeben","latitude":48.11646,"longitude":16.19956},{"id":2398,"name":"Kapelln","latitude":48.25817,"longitude":15.75731},{"id":2405,"name":"Karlstetten","latitude":48.2592,"longitude":15.56544},{"id":2409,"name":"Kasten bei Böheimkirchen","latitude":48.1532,"longitude":15.77946},{"id":2411,"name":"Katzelsdorf","latitude":47.78055,"longitude":16.26985},{"id":2412,"name":"Kaumberg","latitude":48.02415,"longitude":15.89842},{"id":2414,"name":"Kautzen","latitude":48.93,"longitude":15.23932},{"id":2416,"name":"Kematen an der Ybbs","latitude":48.02541,"longitude":14.76468},{"id":2421,"name":"Kierling","latitude":48.30997,"longitude":16.27616},{"id":2422,"name":"Kilb","latitude":48.10101,"longitude":15.4085},{"id":2426,"name":"Kirchberg am Wagram","latitude":48.43182,"longitude":15.89692},{"id":2427,"name":"Kirchberg am Walde","latitude":48.72477,"longitude":15.08826},{"id":2428,"name":"Kirchberg am Wechsel","latitude":47.60738,"longitude":15.99103},{"id":2429,"name":"Kirchberg an der Pielach","latitude":48.0269,"longitude":15.42875},{"id":2437,"name":"Kirchschlag","latitude":48.39345,"longitude":15.22285},{"id":2439,"name":"Kirchschlag in der Buckligen Welt","latitude":47.5,"longitude":16.28333},{"id":2440,"name":"Kirchstetten","latitude":48.18333,"longitude":15.81667},{"id":2441,"name":"Kirnberg an der Mank","latitude":48.07246,"longitude":15.32232},{"id":2448,"name":"Klausen-Leopoldsdorf","latitude":48.08771,"longitude":16.01686},{"id":2450,"name":"Klein-Neusiedl","latitude":48.09379,"longitude":16.60661},{"id":2451,"name":"Klein-Pöchlarn","latitude":48.21667,"longitude":15.21667},{"id":2459,"name":"Kleinzell","latitude":47.97993,"longitude":15.7362},{"id":2462,"name":"Klosterneuburg","latitude":48.30521,"longitude":16.32522},{"id":2510,"name":"Königstetten","latitude":48.30198,"longitude":16.14492},{"id":2476,"name":"Korneuburg","latitude":48.35,"longitude":16.33333},{"id":2477,"name":"Kottingbrunn","latitude":47.95096,"longitude":16.22715},{"id":2483,"name":"Krems an der Donau","latitude":48.40921,"longitude":15.61415},{"id":2484,"name":"Krems an der Donau Stadt","latitude":48.4104,"longitude":15.60574},{"id":2491,"name":"Kritzendorf","latitude":48.32932,"longitude":16.30011},{"id":2495,"name":"Krumau am Kamp","latitude":48.58879,"longitude":15.44914},{"id":2497,"name":"Krumbach Markt","latitude":47.51667,"longitude":16.18333},{"id":2499,"name":"Krumnussbaum","latitude":48.20877,"longitude":15.16212},{"id":2517,"name":"Laa an der Thaya","latitude":48.71667,"longitude":16.38333},{"id":2519,"name":"Laab im Walde","latitude":48.15486,"longitude":16.17359},{"id":2525,"name":"Ladendorf","latitude":48.53333,"longitude":16.48333},{"id":2531,"name":"Landegg","latitude":47.9,"longitude":16.4},{"id":2535,"name":"Langau","latitude":48.83207,"longitude":15.7156},{"id":2539,"name":"Langenlebarn-Oberaigen","latitude":48.33023,"longitude":16.11059},{"id":2540,"name":"Langenlois","latitude":48.46667,"longitude":15.66667},{"id":2541,"name":"Langenrohr","latitude":48.30489,"longitude":16.01034},{"id":2544,"name":"Langenzersdorf","latitude":48.30432,"longitude":16.36143},{"id":2546,"name":"Langschlag","latitude":48.57448,"longitude":14.88459},{"id":2549,"name":"Lanzendorf","latitude":48.11056,"longitude":16.445},{"id":2550,"name":"Lanzenkirchen","latitude":47.73621,"longitude":16.21985},{"id":2551,"name":"Lassee","latitude":48.22479,"longitude":16.8223},{"id":2558,"name":"Laxenburg","latitude":48.06833,"longitude":16.35607},{"id":2563,"name":"Leiben","latitude":48.24628,"longitude":15.2746},{"id":2570,"name":"Leitzersdorf","latitude":48.41918,"longitude":16.24513},{"id":2575,"name":"Lengenfeld","latitude":48.47187,"longitude":15.5987},{"id":2579,"name":"Leobendorf","latitude":48.38333,"longitude":16.31667},{"id":2580,"name":"Leobersdorf","latitude":47.92796,"longitude":16.21651},{"id":2584,"name":"Leopoldsdorf","latitude":48.11557,"longitude":16.39126},{"id":2585,"name":"Leopoldsdorf im Marchfelde","latitude":48.22261,"longitude":16.68858},{"id":2586,"name":"Lerchenfeld","latitude":48.41234,"longitude":15.63183},{"id":2590,"name":"Lichtenegg","latitude":47.6,"longitude":16.2},{"id":2592,"name":"Lichtenwörth","latitude":47.82756,"longitude":16.29873},{"id":2600,"name":"Lilienfeld","latitude":48.01312,"longitude":15.59664},{"id":2605,"name":"Litschau","latitude":48.94409,"longitude":15.04483},{"id":2610,"name":"Loich","latitude":47.99578,"longitude":15.40163},{"id":2613,"name":"Loosdorf","latitude":48.2,"longitude":15.4},{"id":2620,"name":"Lunz am See","latitude":47.8612,"longitude":15.02998},{"id":2626,"name":"Mailberg","latitude":48.67379,"longitude":16.18132},{"id":2628,"name":"Maissau","latitude":48.573,"longitude":15.83005},{"id":2629,"name":"Mank","latitude":48.11024,"longitude":15.33915},{"id":2630,"name":"Mannersdorf am Leithagebirge","latitude":47.96667,"longitude":16.6},{"id":2633,"name":"Mannsdorf an der Donau","latitude":48.152,"longitude":16.66506},{"id":2634,"name":"Mannswörth","latitude":48.14547,"longitude":16.51374},{"id":2635,"name":"Marbach an der Donau","latitude":48.21667,"longitude":15.15},{"id":2636,"name":"Marchegg","latitude":48.26217,"longitude":16.91045},{"id":2638,"name":"Margarethen am Moos","latitude":48.03333,"longitude":16.6},{"id":2640,"name":"Maria Ellend","latitude":48.1,"longitude":16.68333},{"id":2641,"name":"Maria Enzersdorf","latitude":48.1,"longitude":16.28333},{"id":2642,"name":"Maria Laach am Jauerling","latitude":48.30412,"longitude":15.34472},{"id":2644,"name":"Maria Lanzendorf","latitude":48.09923,"longitude":16.41984},{"id":2649,"name":"Maria Taferl","latitude":48.22702,"longitude":15.15954},{"id":2651,"name":"Maria-Anzbach","latitude":48.19012,"longitude":15.93155},{"id":2659,"name":"Markersdorf an der Pielach","latitude":48.18333,"longitude":15.5},{"id":2660,"name":"Markgrafneusiedl","latitude":48.26667,"longitude":16.63333},{"id":2663,"name":"Markt Piesting","latitude":47.87358,"longitude":16.1251},{"id":2665,"name":"Martinsberg","latitude":48.37549,"longitude":15.14997},{"id":2672,"name":"Matzen","latitude":48.4,"longitude":16.7},{"id":2673,"name":"Matzendorf","latitude":47.89137,"longitude":16.21393},{"id":2674,"name":"Mauer bei Amstetten","latitude":48.09643,"longitude":14.8006},{"id":2675,"name":"Mauerbach","latitude":48.24514,"longitude":16.16793},{"id":2679,"name":"Mautern","latitude":48.39319,"longitude":15.57793},{"id":2688,"name":"Melk","latitude":48.22737,"longitude":15.33186},{"id":2698,"name":"Michelhausen","latitude":48.29085,"longitude":15.93893},{"id":2701,"name":"Miesenbach","latitude":47.84035,"longitude":15.98236},{"id":2706,"name":"Mistelbach","latitude":48.57,"longitude":16.57667},{"id":2708,"name":"Mitterbach am Erlaufsee","latitude":47.81396,"longitude":15.29537},{"id":2716,"name":"Mitterndorf an der Fischa","latitude":47.99739,"longitude":16.47357},{"id":2740,"name":"Mödling","latitude":48.08605,"longitude":16.28921},{"id":2744,"name":"Möllersdorf","latitude":48.02575,"longitude":16.30508},{"id":2746,"name":"Mönichkirchen","latitude":47.51062,"longitude":16.03425},{"id":2725,"name":"Moosbrunn","latitude":48.01667,"longitude":16.45},{"id":2731,"name":"Muckendorf an der Donau","latitude":48.33183,"longitude":16.1554},{"id":2732,"name":"Muggendorf","latitude":47.91059,"longitude":15.93533},{"id":2756,"name":"Mühldorf","latitude":48.37432,"longitude":15.34672},{"id":2761,"name":"Münchendorf","latitude":48.03333,"longitude":16.38333},{"id":2777,"name":"Neidling","latitude":48.24005,"longitude":15.55591},{"id":2783,"name":"Neu-Guntramsdorf","latitude":48.0642,"longitude":16.31573},{"id":2789,"name":"Neudorf bei Staatz","latitude":48.72083,"longitude":16.49139},{"id":2793,"name":"Neufurth","latitude":48.07894,"longitude":14.8118},{"id":2797,"name":"Neuhofen an der Ybbs","latitude":48.05795,"longitude":14.85489},{"id":2803,"name":"Neulengbach","latitude":48.19745,"longitude":15.90219},{"id":2805,"name":"Neumarkt an der Ybbs","latitude":48.14103,"longitude":15.05758},{"id":2809,"name":"Neunkirchen","latitude":47.72096,"longitude":16.08107},{"id":2810,"name":"Neusiedl","latitude":47.88769,"longitude":15.96313},{"id":2812,"name":"Neusiedl an der Zaya","latitude":48.5992,"longitude":16.7799},{"id":2824,"name":"Niederhollabrunn","latitude":48.43333,"longitude":16.3},{"id":2825,"name":"Niederleis","latitude":48.55,"longitude":16.4},{"id":2839,"name":"Nöchling","latitude":48.22433,"longitude":14.98123},{"id":2843,"name":"Ober-Grafendorf","latitude":48.1504,"longitude":15.54531},{"id":2854,"name":"Oberhausen","latitude":48.1769,"longitude":16.58506},{"id":2863,"name":"Oberndorf an der Melk","latitude":48.06386,"longitude":15.2243},{"id":2867,"name":"Oberndorf in der Ebene","latitude":48.2704,"longitude":15.68985},{"id":2874,"name":"Obersdorf","latitude":48.36667,"longitude":16.51667},{"id":2875,"name":"Obersiebenbrunn","latitude":48.26537,"longitude":16.71076},{"id":2881,"name":"Oberwagram","latitude":48.20157,"longitude":15.64917},{"id":2882,"name":"Oberwaltersdorf","latitude":47.97567,"longitude":16.32191},{"id":2886,"name":"Oberwölbling","latitude":48.31719,"longitude":15.59166},{"id":2891,"name":"Oehling","latitude":48.1,"longitude":14.8},{"id":2894,"name":"Oeynhausen","latitude":47.98533,"longitude":16.29187},{"id":2901,"name":"Opponitz","latitude":47.87776,"longitude":14.82283},{"id":2904,"name":"Orth an der Donau","latitude":48.14524,"longitude":16.70089},{"id":2910,"name":"Ottenschlag","latitude":48.42393,"longitude":15.21924},{"id":2913,"name":"Ottenthal","latitude":48.761,"longitude":16.57914},{"id":2914,"name":"Otterthal","latitude":47.61667,"longitude":15.93333},{"id":2923,"name":"Parbasdorf","latitude":48.28333,"longitude":16.6},{"id":2931,"name":"Paudorf","latitude":48.35416,"longitude":15.61853},{"id":2932,"name":"Payerbach","latitude":47.69209,"longitude":15.8634},{"id":2935,"name":"Penz","latitude":48.03333,"longitude":14.48333},{"id":2937,"name":"Perchtoldsdorf","latitude":48.11935,"longitude":16.26607},{"id":2940,"name":"Pernegg","latitude":48.73333,"longitude":15.61667},{"id":2942,"name":"Pernersdorf","latitude":48.7,"longitude":16.01667},{"id":2943,"name":"Pernitz","latitude":47.89759,"longitude":15.96022},{"id":2944,"name":"Persenbeug","latitude":48.18733,"longitude":15.08809},{"id":2947,"name":"Petronell-Carnuntum","latitude":48.11296,"longitude":16.86582},{"id":2951,"name":"Petzenkirchen","latitude":48.14693,"longitude":15.15465},{"id":2955,"name":"Pfaffstätten","latitude":48.01737,"longitude":16.26354},{"id":2970,"name":"Pillichsdorf","latitude":48.35,"longitude":16.53333},{"id":2980,"name":"Pitten","latitude":47.71667,"longitude":16.18333},{"id":3103,"name":"Pöchlarn","latitude":48.2,"longitude":15.2},{"id":3104,"name":"Pöggstall","latitude":48.31734,"longitude":15.20405},{"id":2987,"name":"Politischer Bezirk Amstetten","latitude":48.0,"longitude":14.76667},{"id":2988,"name":"Politischer Bezirk Baden","latitude":47.97729,"longitude":16.19845},{"id":2992,"name":"Politischer Bezirk Bruck an der Leitha","latitude":48.06781,"longitude":16.77284},{"id":3004,"name":"Politischer Bezirk Gänserndorf","latitude":48.3934,"longitude":16.73892},{"id":3001,"name":"Politischer Bezirk Gmünd","latitude":48.74732,"longitude":14.98166},{"id":3009,"name":"Politischer Bezirk Hollabrunn","latitude":48.65286,"longitude":15.99701},{"id":3010,"name":"Politischer Bezirk Horn","latitude":48.71341,"longitude":15.68712},{"id":3017,"name":"Politischer Bezirk Korneuburg","latitude":48.44343,"longitude":16.2412},{"id":3018,"name":"Politischer Bezirk Krems","latitude":48.46582,"longitude":15.52093},{"id":3025,"name":"Politischer Bezirk Lilienfeld","latitude":47.91667,"longitude":15.6},{"id":3028,"name":"Politischer Bezirk Melk","latitude":48.21314,"longitude":15.24282},{"id":3029,"name":"Politischer Bezirk Mistelbach","latitude":48.59436,"longitude":16.5473},{"id":3032,"name":"Politischer Bezirk Mödling","latitude":48.08517,"longitude":16.24118},{"id":3033,"name":"Politischer Bezirk Neunkirchen","latitude":47.69424,"longitude":15.93783},{"id":3043,"name":"Politischer Bezirk Sankt Pölten","latitude":48.16905,"longitude":15.66508},{"id":3045,"name":"Politischer Bezirk Scheibbs","latitude":47.92316,"longitude":15.10376},{"id":3052,"name":"Politischer Bezirk Tulln","latitude":48.3,"longitude":16.0},{"id":3058,"name":"Politischer Bezirk Waidhofen an der Thaya","latitude":48.85925,"longitude":15.35814},{"id":3060,"name":"Politischer Bezirk Wiener Neustadt","latitude":47.83203,"longitude":16.14291},{"id":3063,"name":"Politischer Bezirk Zwettl","latitude":48.57435,"longitude":15.17159},{"id":3066,"name":"Pottenbrunn","latitude":48.23333,"longitude":15.7},{"id":3067,"name":"Pottendorf","latitude":47.9,"longitude":16.38333},{"id":3068,"name":"Pottenstein","latitude":47.9582,"longitude":16.0948},{"id":3069,"name":"Pottschach","latitude":47.69856,"longitude":16.00725},{"id":3071,"name":"Poysdorf","latitude":48.66667,"longitude":16.63333},{"id":3079,"name":"Prellenkirchen","latitude":48.07401,"longitude":16.95233},{"id":3080,"name":"Pressbaum","latitude":48.18333,"longitude":16.08333},{"id":3082,"name":"Prigglitz","latitude":47.70318,"longitude":15.92794},{"id":3083,"name":"Prinzersdorf","latitude":48.2,"longitude":15.51667},{"id":3085,"name":"Prottes","latitude":48.3868,"longitude":16.7389},{"id":3090,"name":"Puchberg am Schneeberg","latitude":47.78709,"longitude":15.91352},{"id":3092,"name":"Puchenstuben","latitude":47.92819,"longitude":15.28748},{"id":3096,"name":"Pulkau","latitude":48.70484,"longitude":15.86031},{"id":3099,"name":"Purgstall","latitude":48.05841,"longitude":15.13478},{"id":3100,"name":"Purkersdorf","latitude":48.20769,"longitude":16.17539},{"id":3102,"name":"Pyhra","latitude":48.1591,"longitude":15.68624},{"id":3116,"name":"Raabs an der Thaya","latitude":48.85,"longitude":15.5},{"id":3117,"name":"Raach am Hochgebirge","latitude":47.63333,"longitude":15.93333},{"id":3118,"name":"Raasdorf","latitude":48.24657,"longitude":16.56532},{"id":3119,"name":"Rabensburg","latitude":48.65,"longitude":16.9},{"id":3120,"name":"Rabenstein an der Pielach","latitude":48.06535,"longitude":15.46772},{"id":3133,"name":"Ramsau","latitude":48.00313,"longitude":15.80332},{"id":3136,"name":"Randegg","latitude":48.01198,"longitude":14.97334},{"id":3141,"name":"Rannersdorf","latitude":48.12772,"longitude":16.46379},{"id":3144,"name":"Rappottenstein","latitude":48.52161,"longitude":15.07925},{"id":3146,"name":"Rastenfeld","latitude":48.57348,"longitude":15.33176},{"id":3151,"name":"Ratzersdorf an der Traisen","latitude":48.22639,"longitude":15.66629},{"id":3152,"name":"Rauchenwarth","latitude":48.0833,"longitude":16.52794},{"id":3154,"name":"Ravelsbach","latitude":48.55,"longitude":15.85},{"id":3155,"name":"Raxendorf","latitude":48.34108,"longitude":15.27666},{"id":3161,"name":"Rehberg","latitude":48.43114,"longitude":15.58702},{"id":3162,"name":"Reichenau an der Rax","latitude":47.69509,"longitude":15.84572},{"id":3170,"name":"Reingers","latitude":48.96667,"longitude":15.13333},{"id":3171,"name":"Reinsberg","latitude":47.98567,"longitude":15.07067},{"id":3172,"name":"Reisenberg","latitude":47.99406,"longitude":16.52018},{"id":3181,"name":"Retz","latitude":48.75712,"longitude":15.95485},{"id":3199,"name":"Rohr im Gebirge","latitude":47.89471,"longitude":15.73603},{"id":3201,"name":"Rohrau","latitude":48.06667,"longitude":16.85},{"id":3202,"name":"Rohrbach an der Gölsen","latitude":48.04699,"longitude":15.74169},{"id":3223,"name":"Röhrenbach","latitude":48.65,"longitude":15.5},{"id":3207,"name":"Rohrendorf bei Krems","latitude":48.41935,"longitude":15.65772},{"id":3225,"name":"Röschitz","latitude":48.64312,"longitude":15.81774},{"id":3211,"name":"Rosenau am Sonntagberg","latitude":48.00778,"longitude":14.73927},{"id":3219,"name":"Ruprechtshofen","latitude":48.13648,"longitude":15.27675},{"id":3233,"name":"Sallingberg","latitude":48.46667,"longitude":15.23333},{"id":3238,"name":"Sankt Aegyd am Neuwalde","latitude":47.85383,"longitude":15.56969},{"id":3242,"name":"Sankt Andrä vor dem Hagenthale","latitude":48.32202,"longitude":16.20724},{"id":3247,"name":"Sankt Corona am Wechsel","latitude":47.58333,"longitude":16.0},{"id":3254,"name":"Sankt Georgen am Ybbsfelde","latitude":48.12892,"longitude":14.95364},{"id":3256,"name":"Sankt Georgen an der Leys","latitude":48.03149,"longitude":15.22722},{"id":3281,"name":"Sankt Leonhard am Forst","latitude":48.14232,"longitude":15.28464},{"id":3282,"name":"Sankt Leonhard am Hornerwald","latitude":48.6,"longitude":15.53333},{"id":3295,"name":"Sankt Margarethen an der Sierning","latitude":48.1591,"longitude":15.49055},{"id":3304,"name":"Sankt Martin am Ybbsfelde","latitude":48.16425,"longitude":15.02076},{"id":3318,"name":"Sankt Pantaleon","latitude":48.21058,"longitude":14.56804},{"id":3326,"name":"Sankt Peter in der Au Markt","latitude":48.044,"longitude":14.62182},{"id":3329,"name":"Sankt Pölten","latitude":48.2,"longitude":15.63333},{"id":3330,"name":"Sankt Pölten Stadt","latitude":48.2,"longitude":15.61667},{"id":3341,"name":"Sankt Valentin","latitude":48.16667,"longitude":14.51667},{"id":3344,"name":"Sankt Veit an der Gölsen","latitude":48.0432,"longitude":15.66942},{"id":3359,"name":"Scharndorf","latitude":48.09399,"longitude":16.79883},{"id":3366,"name":"Scheibbs","latitude":48.00474,"longitude":15.16817},{"id":3376,"name":"Schleinbach","latitude":48.41667,"longitude":16.46667},{"id":3416,"name":"Schönau an der Triesting","latitude":47.93452,"longitude":16.25376},{"id":3417,"name":"Schönbach","latitude":48.45,"longitude":15.03333},{"id":3421,"name":"Schönkirchen-Reyersdorf","latitude":48.35477,"longitude":16.69115},{"id":3384,"name":"Schottwien","latitude":47.65683,"longitude":15.8725},{"id":3385,"name":"Schrattenbach","latitude":47.77902,"longitude":15.9906},{"id":3386,"name":"Schrattenberg","latitude":48.72359,"longitude":16.72201},{"id":3387,"name":"Schrattenthal","latitude":48.7,"longitude":15.9},{"id":3388,"name":"Schrems","latitude":48.78333,"longitude":15.06667},{"id":3392,"name":"Schwadorf","latitude":48.06936,"longitude":16.57957},{"id":3397,"name":"Schwarzau am Steinfeld","latitude":47.73183,"longitude":16.17094},{"id":3398,"name":"Schwarzau im Gebirge","latitude":47.81223,"longitude":15.70581},{"id":3400,"name":"Schwarzenau","latitude":48.74436,"longitude":15.25838},{"id":3401,"name":"Schwarzenbach","latitude":47.63547,"longitude":16.35109},{"id":3402,"name":"Schwarzenbach an der Pielach","latitude":47.93333,"longitude":15.38333},{"id":3405,"name":"Schwechat","latitude":48.13333,"longitude":16.46667},{"id":3406,"name":"Schweiggers","latitude":48.66667,"longitude":15.06667},{"id":3429,"name":"Seebenstein","latitude":47.69936,"longitude":16.14484},{"id":3437,"name":"Seibersdorf","latitude":47.95858,"longitude":16.51842},{"id":3440,"name":"Seitenstetten Markt","latitude":48.03333,"longitude":14.65},{"id":3443,"name":"Semmering","latitude":47.63347,"longitude":15.82993},{"id":3445,"name":"Senftenberg","latitude":48.43333,"longitude":15.55},{"id":3447,"name":"Seyring","latitude":48.33333,"longitude":16.48333},{"id":3452,"name":"Sieghartskirchen","latitude":48.25531,"longitude":16.01223},{"id":3453,"name":"Sierndorf","latitude":48.43024,"longitude":16.16658},{"id":3457,"name":"Sigmundsherberg","latitude":48.68333,"longitude":15.75},{"id":3465,"name":"Sitzendorf an der Schmida","latitude":48.59841,"longitude":15.94254},{"id":3467,"name":"Sollenau","latitude":47.89834,"longitude":16.24833},{"id":3468,"name":"Sommerein","latitude":47.98333,"longitude":16.65},{"id":3470,"name":"Sonntagberg","latitude":47.99561,"longitude":14.76065},{"id":3471,"name":"Sooss","latitude":47.98464,"longitude":16.21737},{"id":3472,"name":"Spannberg","latitude":48.46393,"longitude":16.73647},{"id":3476,"name":"Spillern","latitude":48.38333,"longitude":16.25},{"id":3480,"name":"Spitz","latitude":48.3656,"longitude":15.41416},{"id":3481,"name":"Spratzern","latitude":48.17044,"longitude":15.61844},{"id":3487,"name":"Staatz","latitude":48.67617,"longitude":16.48726},{"id":3506,"name":"Stattersdorf","latitude":48.18333,"longitude":15.63333},{"id":3507,"name":"Statzendorf","latitude":48.30752,"longitude":15.64127},{"id":3511,"name":"Stein an der Donau","latitude":48.40163,"longitude":15.58102},{"id":3512,"name":"Steinabrückl","latitude":47.87053,"longitude":16.20277},{"id":3514,"name":"Steinakirchen am Forst","latitude":48.06965,"longitude":15.04801},{"id":3523,"name":"Stephanshart","latitude":48.15,"longitude":14.81667},{"id":3524,"name":"Stetteldorf am Wagram","latitude":48.40815,"longitude":16.01862},{"id":3525,"name":"Stetten","latitude":48.36667,"longitude":16.38333},{"id":3533,"name":"Stockerau","latitude":48.38333,"longitude":16.21667},{"id":3534,"name":"Stollhofen","latitude":48.35226,"longitude":15.75963},{"id":3560,"name":"Stössing","latitude":48.12267,"longitude":15.81379},{"id":3539,"name":"Strass","latitude":48.46667,"longitude":15.73333},{"id":3544,"name":"Strasshof an der Nordbahn","latitude":48.31667,"longitude":16.66667},{"id":3546,"name":"Stratzing","latitude":48.45,"longitude":15.6},{"id":3551,"name":"Strengberg","latitude":48.14685,"longitude":14.65147},{"id":3554,"name":"Stronsdorf","latitude":48.65157,"longitude":16.2989},{"id":3573,"name":"Tattendorf","latitude":47.95,"longitude":16.3},{"id":3579,"name":"Teesdorf","latitude":47.95,"longitude":16.28333},{"id":3584,"name":"Ternitz","latitude":47.71565,"longitude":16.03575},{"id":3590,"name":"Thaya","latitude":48.85489,"longitude":15.28902},{"id":3591,"name":"Theresienfeld","latitude":47.85,"longitude":16.23333},{"id":3592,"name":"Thomasberg","latitude":47.56667,"longitude":16.13333},{"id":3598,"name":"Tiefenbach","latitude":47.5354,"longitude":16.21346},{"id":3609,"name":"Traisen","latitude":48.03333,"longitude":15.6},{"id":3610,"name":"Traiskirchen","latitude":48.01485,"longitude":16.29324},{"id":3611,"name":"Traismauer","latitude":48.35,"longitude":15.73333},{"id":3612,"name":"Trattenbach","latitude":47.6,"longitude":15.86667},{"id":3616,"name":"Trautmannsdorf an der Leitha","latitude":48.02357,"longitude":16.63266},{"id":3621,"name":"Tribuswinkel","latitude":48.00623,"longitude":16.27075},{"id":3627,"name":"Trumau","latitude":47.99348,"longitude":16.34268},{"id":3631,"name":"Tulbing","latitude":48.29336,"longitude":16.12226},{"id":3633,"name":"Tulln","latitude":48.32829,"longitude":16.05858},{"id":3634,"name":"Tullnerbach-Lawies","latitude":48.18912,"longitude":16.09117},{"id":3638,"name":"Türnitz","latitude":47.93095,"longitude":15.49295},{"id":3642,"name":"Ulrichskirchen","latitude":48.4,"longitude":16.48333},{"id":3660,"name":"Untersiebenbrunn","latitude":48.25,"longitude":16.73333},{"id":3661,"name":"Unterstinkenbrunn","latitude":48.6677,"longitude":16.34607},{"id":3664,"name":"Unterwagram","latitude":48.21243,"longitude":15.64951},{"id":3665,"name":"Unterwaltersdorf","latitude":47.95,"longitude":16.41667},{"id":3676,"name":"Velm","latitude":48.03333,"longitude":16.43333},{"id":3680,"name":"Viehofen","latitude":48.21667,"longitude":15.61667},{"id":3692,"name":"Vitis","latitude":48.75964,"longitude":15.18259},{"id":3709,"name":"Vösendorf","latitude":48.12107,"longitude":16.34036},{"id":3716,"name":"Waidhofen an der Thaya","latitude":48.81667,"longitude":15.28333},{"id":3717,"name":"Waidhofen an der Ybbs","latitude":47.96004,"longitude":14.77361},{"id":3718,"name":"Waidhofen an der Ybbs Stadt","latitude":47.95999,"longitude":14.77438},{"id":3719,"name":"Waidmannsfeld","latitude":47.87042,"longitude":15.98116},{"id":3727,"name":"Waldegg","latitude":47.86852,"longitude":16.05154},{"id":3728,"name":"Waldenstein","latitude":48.72845,"longitude":15.01419},{"id":3729,"name":"Waldhausen","latitude":48.52183,"longitude":15.2625},{"id":3732,"name":"Waldkirchen an der Thaya","latitude":48.93333,"longitude":15.35},{"id":3738,"name":"Wallsee","latitude":48.16667,"longitude":14.71667},{"id":3739,"name":"Walpersbach","latitude":47.71667,"longitude":16.23333},{"id":3743,"name":"Wang","latitude":48.04538,"longitude":15.02672},{"id":3748,"name":"Warth","latitude":47.65,"longitude":16.11667},{"id":3750,"name":"Wartmannstetten","latitude":47.69359,"longitude":16.07506},{"id":3759,"name":"Weidling","latitude":48.291,"longitude":16.30865},{"id":3760,"name":"Weigelsdorf","latitude":47.95,"longitude":16.4},{"id":3761,"name":"Weikendorf","latitude":48.34438,"longitude":16.76651},{"id":3762,"name":"Weikersdorf am Steinfelde","latitude":47.80612,"longitude":16.14389},{"id":3765,"name":"Weinburg","latitude":48.11351,"longitude":15.53295},{"id":3768,"name":"Weinzierl am Walde","latitude":48.43211,"longitude":15.4321},{"id":3769,"name":"Weinzierl bei Krems","latitude":48.4,"longitude":15.6},{"id":3772,"name":"Weissenbach an der Triesting","latitude":47.98211,"longitude":16.03935},{"id":3783,"name":"Weißenkirchen in der Wachau","latitude":48.3979,"longitude":15.46931},{"id":3774,"name":"Weistrach","latitude":48.05,"longitude":14.58333},{"id":3775,"name":"Weiten","latitude":48.29564,"longitude":15.2601},{"id":3777,"name":"Weitersfeld","latitude":48.78097,"longitude":15.81345},{"id":3779,"name":"Weitra","latitude":48.7,"longitude":14.88333},{"id":3803,"name":"Wiener Neudorf","latitude":48.08278,"longitude":16.31384},{"id":3804,"name":"Wiener Neustadt","latitude":47.80485,"longitude":16.23196},{"id":3805,"name":"Wiener Neustadt Stadt","latitude":47.8,"longitude":16.25},{"id":3806,"name":"Wienersdorf","latitude":48.00819,"longitude":16.29169},{"id":3808,"name":"Wieselburg","latitude":48.13333,"longitude":15.13333},{"id":3812,"name":"Wiesmath","latitude":47.61667,"longitude":16.28333},{"id":3817,"name":"Wilfersdorf","latitude":48.58333,"longitude":16.63333},{"id":3818,"name":"Wilfleinsdorf","latitude":48.01667,"longitude":16.71667},{"id":3819,"name":"Wilhelmsburg","latitude":48.10571,"longitude":15.60539},{"id":3820,"name":"Willendorf am Steinfelde","latitude":47.78929,"longitude":16.05686},{"id":3824,"name":"Wimpassing im Schwarzatale","latitude":47.70295,"longitude":16.03334},{"id":3829,"name":"Windhag","latitude":47.97906,"longitude":14.80245},{"id":3830,"name":"Windigsteig","latitude":48.76667,"longitude":15.28333},{"id":3832,"name":"Winklarn","latitude":48.09135,"longitude":14.84819},{"id":3835,"name":"Winzendorf","latitude":47.81154,"longitude":16.113},{"id":3840,"name":"Wolfpassing","latitude":48.07785,"longitude":15.06453},{"id":3841,"name":"Wolfsbach","latitude":48.06667,"longitude":14.66667},{"id":3845,"name":"Wolfsgraben","latitude":48.1587,"longitude":16.12098},{"id":3846,"name":"Wolfsthal","latitude":48.13333,"longitude":17.0},{"id":3848,"name":"Wolkersdorf im Weinviertel","latitude":48.38333,"longitude":16.51667},{"id":3855,"name":"Wöllersdorf","latitude":47.865,"longitude":16.17119},{"id":3856,"name":"Wördern","latitude":48.334,"longitude":16.21016},{"id":3851,"name":"Wullersdorf","latitude":48.62792,"longitude":16.10089},{"id":3861,"name":"Würflach","latitude":47.77648,"longitude":16.05463},{"id":3862,"name":"Würmla","latitude":48.25497,"longitude":15.86031},{"id":3863,"name":"Ybbs an der Donau","latitude":48.16667,"longitude":15.08333},{"id":3864,"name":"Ybbsitz","latitude":47.94745,"longitude":14.8918},{"id":3865,"name":"Ysper","latitude":48.28865,"longitude":15.06131},{"id":3869,"name":"Zeillern","latitude":48.13029,"longitude":14.8076},{"id":3870,"name":"Zeiselmauer","latitude":48.32852,"longitude":16.17565},{"id":3877,"name":"Zell-Arzberg","latitude":47.95191,"longitude":14.79322},{"id":3878,"name":"Zell-Markt","latitude":47.95878,"longitude":14.78318},{"id":3880,"name":"Zellerndorf","latitude":48.69657,"longitude":15.95841},{"id":3885,"name":"Ziersdorf","latitude":48.5303,"longitude":15.92691},{"id":3886,"name":"Zillingdorf","latitude":47.85,"longitude":16.33333},{"id":3889,"name":"Zistersdorf","latitude":48.54252,"longitude":16.76136},{"id":3895,"name":"Zöbern","latitude":47.51459,"longitude":16.13111},{"id":3891,"name":"Zwentendorf","latitude":48.3453,"longitude":15.91026},{"id":3892,"name":"Zwettl Stadt","latitude":48.60726,"longitude":15.16714},{"id":3894,"name":"Zwölfaxing","latitude":48.1099,"longitude":16.46267}]