[{"id":9160,"name":"Batié","latitude":9.88333,"longitude":-2.91667},{"id":9167,"name":"Dano","latitude":11.1464,"longitude":-3.05784},{"id":9169,"name":"Diébougou","latitude":10.96209,"longitude":-3.24967},{"id":9199,"name":"Province de la Bougouriba","latitude":10.83333,"longitude":-3.41667},{"id":9216,"name":"Province du Ioba","latitude":11.08333,"longitude":-3.08333},{"id":9224,"name":"Province du Noumbièl","latitude":9.83333,"longitude":-3.0},{"id":9226,"name":"Province du Poni","latitude":10.25,"longitude":-3.41667}]