[{"id":9280,"name":"Borovan","latitude":43.43333,"longitude":23.75},{"id":9295,"name":"Byala Slatina","latitude":43.46667,"longitude":23.93333},{"id":9344,"name":"Hayredin","latitude":43.60193,"longitude":23.66135},{"id":9373,"name":"Kozloduy","latitude":43.77864,"longitude":23.72058},{"id":9376,"name":"Krivodol","latitude":43.37444,"longitude":23.48444},{"id":9400,"name":"Mezdra","latitude":43.15,"longitude":23.7},{"id":9403,"name":"Mizia","latitude":43.68623,"longitude":23.85371},{"id":9434,"name":"Obshtina Borovan","latitude":43.43333,"longitude":23.75},{"id":9488,"name":"Obshtina Hayredin","latitude":43.58333,"longitude":23.66667},{"id":9510,"name":"Obshtina Kozloduy","latitude":43.71667,"longitude":23.73333},{"id":9513,"name":"Obshtina Krivodol","latitude":43.38333,"longitude":23.48333},{"id":9531,"name":"Obshtina Mezdra","latitude":43.13333,"longitude":23.73333},{"id":9534,"name":"Obshtina Mizia","latitude":43.63333,"longitude":23.85},{"id":9546,"name":"Obshtina Oryahovo","latitude":43.69038,"longitude":23.98643},{"id":9574,"name":"Obshtina Roman","latitude":43.15,"longitude":23.91667},{"id":9631,"name":"Obshtina Vratsa","latitude":43.28333,"longitude":23.6},{"id":9643,"name":"Oryahovo","latitude":43.73618,"longitude":23.96052},{"id":9672,"name":"Roman","latitude":43.15,"longitude":23.91667},{"id":9742,"name":"Vratsa","latitude":43.21,"longitude":23.5625}]