[{"id":9159,"name":"Barani","latitude":13.1691,"longitude":-3.8899},{"id":9164,"name":"Boromo","latitude":11.74542,"longitude":-2.93006},{"id":9172,"name":"Dédougou","latitude":12.46338,"longitude":-3.46075},{"id":9192,"name":"Nouna","latitude":12.72939,"longitude":-3.86305},{"id":9203,"name":"Province de la Kossi","latitude":12.91667,"longitude":-3.83333},{"id":9208,"name":"Province des Balé","latitude":11.71667,"longitude":-3.05},{"id":9209,"name":"Province des Banwa","latitude":12.16667,"longitude":-4.16667},{"id":9221,"name":"Province du Mouhoun","latitude":12.25,"longitude":-3.41667},{"id":9223,"name":"Province du Nayala","latitude":12.66667,"longitude":-3.0},{"id":9230,"name":"Province du Sourou","latitude":13.25,"longitude":-3.0},{"id":9239,"name":"Salanso","latitude":12.17423,"longitude":-4.08477},{"id":9244,"name":"Toma","latitude":12.75844,"longitude":-2.89879},{"id":9245,"name":"Tougan","latitude":13.0725,"longitude":-3.0694}]