[{"id":169,"name":"Bashkia Kurbin","latitude":41.62215,"longitude":19.70734},{"id":171,"name":"Bashkia Lezhë","latitude":41.8132,"longitude":19.64121},{"id":178,"name":"Bashkia Mirditë","latitude":41.80953,"longitude":19.99024},{"id":218,"name":"Kurbnesh","latitude":41.77972,"longitude":20.08361},{"id":222,"name":"Laç","latitude":41.63556,"longitude":19.71306},{"id":224,"name":"Lezhë","latitude":41.78361,"longitude":19.64361},{"id":229,"name":"Mamurras","latitude":41.5775,"longitude":19.69222},{"id":232,"name":"Milot","latitude":41.68389,"longitude":19.71556},{"id":261,"name":"Rrëshen","latitude":41.7675,"longitude":19.87556},{"id":252,"name":"Rrethi i Kurbinit","latitude":41.63333,"longitude":19.71667},{"id":262,"name":"Rubik","latitude":41.77444,"longitude":19.78611},{"id":267,"name":"Shëngjin","latitude":41.81361,"longitude":19.59389}]