[{"id":156,"name":"Bashkia Devoll","latitude":40.60078,"longitude":20.93814},{"id":166,"name":"Bashkia Kolonjë","latitude":40.3142,"longitude":20.61482},{"id":173,"name":"Bashkia Maliq","latitude":40.75508,"longitude":20.60748},{"id":182,"name":"Bashkia Pustec","latitude":40.83591,"longitude":20.89405},{"id":192,"name":"Bilisht","latitude":40.6275,"longitude":20.99},{"id":199,"name":"Ersekë","latitude":40.33778,"longitude":20.67889},{"id":212,"name":"Korçë","latitude":40.61861,"longitude":20.78083},{"id":223,"name":"Leskovik","latitude":40.15139,"longitude":20.59722},{"id":226,"name":"Libonik","latitude":40.70444,"longitude":20.70861},{"id":228,"name":"Maliq","latitude":40.70583,"longitude":20.69972},{"id":230,"name":"Mborje","latitude":40.60333,"longitude":20.80306},{"id":237,"name":"Pogradec","latitude":40.9025,"longitude":20.6525},{"id":245,"name":"Rrethi i Devollit","latitude":40.58333,"longitude":20.91667},{"id":249,"name":"Rrethi i Kolonjës","latitude":40.25,"longitude":20.66667},{"id":275,"name":"Velçan","latitude":40.95472,"longitude":20.46222},{"id":278,"name":"Voskopojë","latitude":40.63306,"longitude":20.58889}]