[{"id":17356,"name":"Aadorf","latitude":47.49204,"longitude":8.90099},{"id":17374,"name":"Affeltrangen","latitude":47.52581,"longitude":9.03307},{"id":17392,"name":"Altnau","latitude":47.61052,"longitude":9.2616},{"id":17395,"name":"Amriswil","latitude":47.54699,"longitude":9.29586},{"id":17402,"name":"Arbon","latitude":47.51667,"longitude":9.43333},{"id":17403,"name":"Arbon District","latitude":47.54867,"longitude":9.35159},{"id":17459,"name":"Berg","latitude":47.57879,"longitude":9.16635},{"id":17552,"name":"Bottighofen","latitude":47.63643,"longitude":9.20882},{"id":17603,"name":"Bürglen","latitude":47.54921,"longitude":9.1495},{"id":17688,"name":"Diessenhofen","latitude":47.68908,"longitude":8.74958},{"id":17733,"name":"Egnach","latitude":47.54268,"longitude":9.38048},{"id":17760,"name":"Erlen","latitude":47.54814,"longitude":9.23415},{"id":17766,"name":"Ermatingen","latitude":47.67057,"longitude":9.08573},{"id":17770,"name":"Eschenz","latitude":47.64793,"longitude":8.87472},{"id":17771,"name":"Eschlikon","latitude":47.46361,"longitude":8.96381},{"id":17789,"name":"Fischingen","latitude":47.41422,"longitude":8.96862},{"id":17803,"name":"Frauenfeld","latitude":47.55776,"longitude":8.89893},{"id":17804,"name":"Frauenfeld District","latitude":47.61115,"longitude":8.89444},{"id":17818,"name":"Gachnang","latitude":47.53935,"longitude":8.85311},{"id":17858,"name":"Gottlieben","latitude":47.6638,"longitude":9.13371},{"id":17889,"name":"Güttingen","latitude":47.60349,"longitude":9.28742},{"id":17928,"name":"Homburg","latitude":47.63469,"longitude":9.00756},{"id":17945,"name":"Hüttwilen","latitude":47.60674,"longitude":8.87343},{"id":18005,"name":"Kreuzlingen","latitude":47.65051,"longitude":9.17504},{"id":18006,"name":"Kreuzlingen District","latitude":47.63046,"longitude":9.16458},{"id":18041,"name":"Langrickenbach","latitude":47.59353,"longitude":9.24727},{"id":18189,"name":"Märstetten-Dorf","latitude":47.59252,"longitude":9.06851},{"id":18135,"name":"Matzingen","latitude":47.51957,"longitude":8.93365},{"id":18198,"name":"Müllheim","latitude":47.60195,"longitude":9.00357},{"id":18202,"name":"Münchwilen","latitude":47.47719,"longitude":8.99677},{"id":18203,"name":"Münchwilen District","latitude":47.47324,"longitude":8.98812},{"id":18205,"name":"Münsterlingen","latitude":47.63197,"longitude":9.23271},{"id":18309,"name":"Pfyn","latitude":47.59693,"longitude":8.9542},{"id":18373,"name":"Rickenbach bei Wil","latitude":47.44856,"longitude":9.04902},{"id":18383,"name":"Roggwil","latitude":47.49981,"longitude":9.3958},{"id":18388,"name":"Romanshorn","latitude":47.56586,"longitude":9.37869},{"id":18433,"name":"Salmsach","latitude":47.55433,"longitude":9.37229},{"id":18525,"name":"Sirnach","latitude":47.46222,"longitude":8.99763},{"id":18549,"name":"Steckborn","latitude":47.66667,"longitude":8.98333},{"id":18557,"name":"Stettfurt","latitude":47.52588,"longitude":8.95317},{"id":18563,"name":"Sulgen","latitude":47.53967,"longitude":9.18585},{"id":18616,"name":"Tägerwilen","latitude":47.65698,"longitude":9.13999},{"id":18593,"name":"Thundorf","latitude":47.54594,"longitude":8.96358},{"id":18652,"name":"Uttwil","latitude":47.5844,"longitude":9.34101},{"id":18698,"name":"Wagenhausen","latitude":47.66003,"longitude":8.84782},{"id":18781,"name":"Wängi","latitude":47.49654,"longitude":8.95325},{"id":18730,"name":"Weinfelden","latitude":47.56667,"longitude":9.1},{"id":18731,"name":"Weinfelden District","latitude":47.54237,"longitude":9.15713},{"id":18747,"name":"Wigoltingen","latitude":47.5977,"longitude":9.03141}]