[{"id":15808,"name":"Asipovichy","latitude":53.3011,"longitude":28.6386},{"id":15809,"name":"Asipovitski Rayon","latitude":53.33333,"longitude":28.75},{"id":15816,"name":"Babruysk","latitude":53.1384,"longitude":29.2214},{"id":15817,"name":"Babruyski Rayon","latitude":53.08333,"longitude":29.16667},{"id":15836,"name":"Buynichy","latitude":53.8536,"longitude":30.2671},{"id":15838,"name":"Byalynichy","latitude":53.9994,"longitude":29.7141},{"id":15839,"name":"Byalynitski Rayon","latitude":54.0,"longitude":29.75},{"id":15847,"name":"Bykhaw","latitude":53.521,"longitude":30.2454},{"id":15853,"name":"Chavuski Rayon","latitude":53.83333,"longitude":30.91667},{"id":15854,"name":"Chavusy","latitude":53.8098,"longitude":30.9717},{"id":15857,"name":"Cherykaw","latitude":53.5689,"longitude":31.3831},{"id":15858,"name":"Cherykawski Rayon","latitude":53.66667,"longitude":31.33333},{"id":15862,"name":"Dashkawka","latitude":53.7352,"longitude":30.2625},{"id":15872,"name":"Drybin","latitude":54.1192,"longitude":31.0939},{"id":15873,"name":"Drybinski Rayon","latitude":54.08333,"longitude":31.0},{"id":15891,"name":"Hlusha","latitude":53.0868,"longitude":28.8567},{"id":15892,"name":"Hlusk","latitude":52.903,"longitude":28.6845},{"id":15902,"name":"Horatski Rayon","latitude":54.33333,"longitude":31.0},{"id":15903,"name":"Horki","latitude":54.2862,"longitude":30.9863},{"id":15914,"name":"Kadino","latitude":53.88389,"longitude":30.52028},{"id":15920,"name":"Kamyennyya Lavy","latitude":54.0898,"longitude":30.2962},{"id":15928,"name":"Kastsyukovichy","latitude":53.3525,"longitude":32.0514},{"id":15932,"name":"Khodasy","latitude":53.9266,"longitude":31.4779},{"id":15934,"name":"Khotsimsk","latitude":53.4086,"longitude":32.578},{"id":15935,"name":"Khotsimski Rayon","latitude":53.41667,"longitude":32.5},{"id":15937,"name":"Kirawsk","latitude":53.2693,"longitude":29.4752},{"id":15938,"name":"Klichaw","latitude":53.4923,"longitude":29.3356},{"id":15939,"name":"Klimavichy","latitude":53.6079,"longitude":31.9586},{"id":15948,"name":"Krasnapol’ski Rayon","latitude":53.33333,"longitude":31.41667},{"id":15947,"name":"Krasnapollye","latitude":53.3353,"longitude":31.3999},{"id":15951,"name":"Krasnyy Bereg","latitude":53.3291,"longitude":30.1929},{"id":15953,"name":"Kruhlaye","latitude":54.2497,"longitude":29.7968},{"id":15955,"name":"Krychaw","latitude":53.7125,"longitude":31.717},{"id":15979,"name":"Mahilyow","latitude":53.9168,"longitude":30.3449},{"id":15980,"name":"Mahilyowski Rayon","latitude":53.83333,"longitude":30.25},{"id":15994,"name":"Mstsislaw","latitude":54.0185,"longitude":31.7217},{"id":15997,"name":"Myazhysyatki","latitude":53.7776,"longitude":30.1765},{"id":16000,"name":"Myshkavichy","latitude":53.2172,"longitude":29.512},{"id":16015,"name":"Palykavichy Pyershyya","latitude":53.9854,"longitude":30.36},{"id":16025,"name":"Posëlok Voskhod","latitude":53.7766,"longitude":30.3497},{"id":16038,"name":"Ramanavichy","latitude":53.8653,"longitude":30.5597},{"id":16056,"name":"Shklow","latitude":54.2131,"longitude":30.2877},{"id":16057,"name":"Shklowski Rayon","latitude":54.16667,"longitude":30.33333},{"id":16061,"name":"Slawharad","latitude":53.4429,"longitude":31.0014},{"id":16099,"name":"Veyno","latitude":53.83333,"longitude":30.38333},{"id":16104,"name":"Vishow","latitude":53.9805,"longitude":29.9925},{"id":16115,"name":"Yalizava","latitude":53.3994,"longitude":29.0048}]