[{"id":15818,"name":"Balbasava","latitude":54.4207,"longitude":30.2909},{"id":15822,"name":"Baran’","latitude":54.4784,"longitude":30.3159},{"id":15831,"name":"Braslaw","latitude":55.6413,"longitude":27.0418},{"id":15832,"name":"Braslawski Rayon","latitude":55.55972,"longitude":27.0},{"id":15837,"name":"Byahoml’","latitude":54.7316,"longitude":28.0577},{"id":15846,"name":"Byeshankovitski Rayon","latitude":55.0,"longitude":29.5},{"id":15851,"name":"Chashniki","latitude":54.8584,"longitude":29.1608},{"id":15852,"name":"Chashnitski Rayon","latitude":54.75,"longitude":29.25},{"id":15865,"name":"Dokshytski Rayon","latitude":54.83333,"longitude":27.91667},{"id":15866,"name":"Dokshytsy","latitude":54.8918,"longitude":27.7667},{"id":15870,"name":"Druya","latitude":55.7906,"longitude":27.4505},{"id":15874,"name":"Dubrowna","latitude":54.5716,"longitude":30.691},{"id":15877,"name":"Dzisna","latitude":55.5676,"longitude":28.2076},{"id":15886,"name":"Haradok","latitude":55.4624,"longitude":29.9845},{"id":15887,"name":"Haradotski Rayon","latitude":55.66667,"longitude":30.16667},{"id":15893,"name":"Hlybokaye","latitude":55.1384,"longitude":27.6905},{"id":15894,"name":"Hlybotski Rayon","latitude":55.16667,"longitude":27.83333},{"id":15943,"name":"Kokhanava","latitude":54.4611,"longitude":30.0018},{"id":15944,"name":"Konstantinovo","latitude":54.6593,"longitude":29.2684},{"id":15970,"name":"Lyepyel’","latitude":54.8814,"longitude":28.699},{"id":15971,"name":"Lyepyel’ski Rayon","latitude":54.83333,"longitude":28.66667},{"id":15973,"name":"Lyntupy","latitude":55.0516,"longitude":26.3103},{"id":15974,"name":"Lyozna","latitude":55.0247,"longitude":30.797},{"id":15975,"name":"Lyoznyenski Rayon","latitude":55.0,"longitude":30.66667},{"id":15991,"name":"Mosar","latitude":55.2232,"longitude":27.4609},{"id":15998,"name":"Myorski Rayon","latitude":55.58333,"longitude":27.83333},{"id":15999,"name":"Myory","latitude":55.6222,"longitude":27.6281},{"id":16004,"name":"Navapolatsk","latitude":55.5318,"longitude":28.5987},{"id":16007,"name":"Novolukoml’","latitude":54.66192,"longitude":29.15016},{"id":16013,"name":"Orsha","latitude":54.5081,"longitude":30.4172},{"id":16014,"name":"Osveya","latitude":56.0147,"longitude":28.11049},{"id":16018,"name":"Pastavy","latitude":55.11676,"longitude":26.83263},{"id":16019,"name":"Pastawski Rayon","latitude":55.08333,"longitude":26.91667},{"id":16023,"name":"Polatsk","latitude":55.4879,"longitude":28.7856},{"id":16024,"name":"Polatski Rayon","latitude":55.58333,"longitude":29.0},{"id":16039,"name":"Rasonski Rayon","latitude":55.83333,"longitude":28.91667},{"id":16040,"name":"Rasony","latitude":55.9058,"longitude":28.8135},{"id":16052,"name":"Sharkawshchyna","latitude":55.3689,"longitude":27.4686},{"id":16053,"name":"Sharkawshchynski Rayon","latitude":55.41667,"longitude":27.41667},{"id":16058,"name":"Shumilinski Rayon","latitude":55.33333,"longitude":29.5},{"id":16082,"name":"Syanno","latitude":54.8108,"longitude":29.7086},{"id":16084,"name":"Syennyenski Rayon","latitude":54.83333,"longitude":29.83333},{"id":16086,"name":"Talachyn","latitude":54.4087,"longitude":29.6955},{"id":16093,"name":"Ushachy","latitude":55.179,"longitude":28.6158},{"id":16100,"name":"Vidzy","latitude":55.3945,"longitude":26.6305},{"id":16105,"name":"Vitebsk","latitude":55.1904,"longitude":30.2049},{"id":16110,"name":"Vyerkhnyadzvinsk","latitude":55.7777,"longitude":27.9389},{"id":16111,"name":"Vyerkhnyadzvinski Rayon","latitude":55.75,"longitude":28.16667}]