[{"id":312,"name":"Archis","latitude":41.16351,"longitude":44.87631},{"id":331,"name":"Artsvaberd","latitude":40.83947,"longitude":45.47033},{"id":339,"name":"Aygehovit","latitude":40.97951,"longitude":45.25033},{"id":345,"name":"Azatamut","latitude":40.98204,"longitude":45.18551},{"id":348,"name":"Bagratashen","latitude":41.24358,"longitude":44.81737},{"id":354,"name":"Berd","latitude":40.88135,"longitude":45.38901},{"id":355,"name":"Berdavan","latitude":41.20503,"longitude":44.99967},{"id":372,"name":"Dilijan","latitude":40.7417,"longitude":44.8501},{"id":407,"name":"Haghartsin","latitude":40.77614,"longitude":44.96847},{"id":418,"name":"Ijevan","latitude":40.87877,"longitude":45.14851},{"id":431,"name":"Khasht’arrak","latitude":40.93668,"longitude":45.1821},{"id":471,"name":"Mosesgegh","latitude":40.90534,"longitude":45.48838},{"id":480,"name":"Navur","latitude":40.86695,"longitude":45.34179},{"id":494,"name":"Noyemberyan","latitude":41.17244,"longitude":44.99917},{"id":498,"name":"Parravak’ar","latitude":40.98248,"longitude":45.36696},{"id":510,"name":"Sarigyugh","latitude":41.03531,"longitude":45.14486},{"id":569,"name":"Voskevan","latitude":41.12081,"longitude":45.06381}]