[{"id":62,"name":"Chīras","latitude":35.41674,"longitude":65.98234},{"id":92,"name":"Larkird","latitude":35.48936,"longitude":66.66409},{"id":110,"name":"Qal‘ah-ye Shahr","latitude":35.54729,"longitude":65.5676},{"id":117,"name":"Sang-e Chārak","latitude":35.84972,"longitude":66.43694},{"id":119,"name":"Sar-e Pul","latitude":36.21544,"longitude":65.93249},{"id":125,"name":"Tagāw-Bāy","latitude":35.69941,"longitude":66.06164},{"id":128,"name":"Tukzār","latitude":35.94831,"longitude":66.42132}]