[{"id":283,"name":"Agarak","latitude":41.01072,"longitude":44.46845},{"id":290,"name":"Akht’ala","latitude":41.16838,"longitude":44.75811},{"id":298,"name":"Alaverdi","latitude":41.09766,"longitude":44.67316},{"id":316,"name":"Arevashogh","latitude":40.86039,"longitude":44.27438},{"id":353,"name":"Bazum","latitude":40.86763,"longitude":44.43978},{"id":365,"name":"Chochkan","latitude":41.18118,"longitude":44.83217},{"id":369,"name":"Darpas","latitude":40.83674,"longitude":44.42494},{"id":376,"name":"Dsegh","latitude":40.9617,"longitude":44.65003},{"id":383,"name":"Fioletovo","latitude":40.72241,"longitude":44.71769},{"id":399,"name":"Gogaran","latitude":40.89255,"longitude":44.19915},{"id":404,"name":"Gugark’","latitude":40.8046,"longitude":44.54025},{"id":405,"name":"Gyulagarak","latitude":40.96715,"longitude":44.47144},{"id":423,"name":"Jrashen","latitude":40.79028,"longitude":44.18664},{"id":443,"name":"Lerrnants’k’","latitude":40.79532,"longitude":44.27435},{"id":444,"name":"Lerrnapat","latitude":40.81538,"longitude":44.39344},{"id":445,"name":"Lerrnavan","latitude":40.7882,"longitude":44.16024},{"id":447,"name":"Lorut","latitude":40.93717,"longitude":44.77142},{"id":453,"name":"Margahovit","latitude":40.73381,"longitude":44.68474},{"id":468,"name":"Mets Parni","latitude":40.83472,"longitude":44.11108},{"id":470,"name":"Metsavan","latitude":41.20156,"longitude":44.22877},{"id":490,"name":"Norashen","latitude":41.18886,"longitude":44.33336},{"id":496,"name":"Odzun","latitude":41.05321,"longitude":44.61341},{"id":506,"name":"Sarahart’","latitude":40.87043,"longitude":44.21407},{"id":507,"name":"Saramej","latitude":40.77487,"longitude":44.2222},{"id":517,"name":"Shahumyan","latitude":40.77482,"longitude":44.54596},{"id":523,"name":"Shirakamut","latitude":40.86056,"longitude":44.15278},{"id":524,"name":"Shnogh","latitude":41.14693,"longitude":44.84043},{"id":529,"name":"Spitak","latitude":40.83221,"longitude":44.26731},{"id":530,"name":"Step’anavan","latitude":41.00995,"longitude":44.38531},{"id":534,"name":"Tashir","latitude":41.12072,"longitude":44.28462},{"id":536,"name":"Tsaghkaber","latitude":40.79849,"longitude":44.10144},{"id":547,"name":"Urrut","latitude":41.06778,"longitude":44.39628},{"id":551,"name":"Vahagni","latitude":40.90698,"longitude":44.60873},{"id":553,"name":"Vanadzor","latitude":40.80456,"longitude":44.4939},{"id":554,"name":"Vardablur","latitude":40.97083,"longitude":44.50889},{"id":576,"name":"Yeghegnut","latitude":40.90302,"longitude":44.63155}]