[{"id":17364,"name":"Adliswil","latitude":47.30997,"longitude":8.52462},{"id":17365,"name":"Adliswil / Adliswil (Stadtkern)","latitude":47.31128,"longitude":8.52675},{"id":17366,"name":"Adliswil / Hündli-Zopf","latitude":47.31637,"longitude":8.51888},{"id":17367,"name":"Adliswil / Oberleimbach","latitude":47.3202,"longitude":8.51508},{"id":17368,"name":"Adliswil / Sonnenberg","latitude":47.30958,"longitude":8.52055},{"id":17369,"name":"Adliswil / Sood","latitude":47.3187,"longitude":8.52425},{"id":17370,"name":"Adliswil / Tal","latitude":47.31142,"longitude":8.53446},{"id":17372,"name":"Aesch","latitude":47.3297,"longitude":8.6541},{"id":17375,"name":"Affoltern / Hasenbüel","latitude":47.27324,"longitude":8.45218},{"id":17376,"name":"Affoltern / Oberdorf","latitude":47.27852,"longitude":8.45651},{"id":17377,"name":"Affoltern / Sonnenberg","latitude":47.28055,"longitude":8.46008},{"id":17378,"name":"Affoltern / Unterdorf","latitude":47.28277,"longitude":8.45409},{"id":17379,"name":"Affoltern am Albis","latitude":47.27743,"longitude":8.45128},{"id":17396,"name":"Andelfingen","latitude":47.59447,"longitude":8.67826},{"id":17418,"name":"Au","latitude":47.24185,"longitude":8.64406},{"id":17420,"name":"Au / Mittel-Dorf","latitude":47.24303,"longitude":8.64591},{"id":17421,"name":"Au / Unter-Dorf","latitude":47.2473,"longitude":8.6327},{"id":17429,"name":"Bachenbülach","latitude":47.50317,"longitude":8.54556},{"id":17591,"name":"Bäretswil","latitude":47.33709,"longitude":8.85645},{"id":17443,"name":"Bassersdorf","latitude":47.44342,"longitude":8.62851},{"id":17445,"name":"Bauma","latitude":47.36745,"longitude":8.87905},{"id":17457,"name":"Benglen","latitude":47.36077,"longitude":8.63687},{"id":17472,"name":"Bezirk Affoltern","latitude":47.27311,"longitude":8.47444},{"id":17473,"name":"Bezirk Andelfingen","latitude":47.61328,"longitude":8.68124},{"id":17479,"name":"Bezirk Bülach","latitude":47.49706,"longitude":8.56764},{"id":17480,"name":"Bezirk Dielsdorf","latitude":47.47181,"longitude":8.45631},{"id":17481,"name":"Bezirk Dietikon","latitude":47.38804,"longitude":8.4426},{"id":17488,"name":"Bezirk Hinwil","latitude":47.29646,"longitude":8.83431},{"id":17489,"name":"Bezirk Horgen","latitude":47.25767,"longitude":8.59702},{"id":17499,"name":"Bezirk Meilen","latitude":47.2792,"longitude":8.66259},{"id":17504,"name":"Bezirk Pfäffikon","latitude":47.40905,"longitude":8.77208},{"id":17516,"name":"Bezirk Uster","latitude":47.34952,"longitude":8.71353},{"id":17520,"name":"Bezirk Winterthur","latitude":47.50781,"longitude":8.769},{"id":17523,"name":"Bezirk Zürich","latitude":47.3711,"longitude":8.54323},{"id":17531,"name":"Binz","latitude":47.35635,"longitude":8.62657},{"id":17532,"name":"Binzikon","latitude":47.27632,"longitude":8.75851},{"id":17534,"name":"Birchwil","latitude":47.45431,"longitude":8.63477},{"id":17535,"name":"Birmensdorf","latitude":47.35515,"longitude":8.44256},{"id":17550,"name":"Bonstetten","latitude":47.31505,"longitude":8.46836},{"id":17573,"name":"Brütten","latitude":47.47318,"longitude":8.67569},{"id":17574,"name":"Brüttisellen","latitude":47.42173,"longitude":8.63263},{"id":17576,"name":"Bubikon","latitude":47.26698,"longitude":8.8179},{"id":17598,"name":"Bülach","latitude":47.52197,"longitude":8.54049},{"id":17599,"name":"Bülach / Gstückt","latitude":47.52337,"longitude":8.54879},{"id":17600,"name":"Bülach / Seematt","latitude":47.51716,"longitude":8.54651},{"id":17601,"name":"Bülach / Soligänter","latitude":47.52632,"longitude":8.54106},{"id":17673,"name":"Dachsen","latitude":47.66515,"longitude":8.6179},{"id":17706,"name":"Dällikon / Dällikon (Dorf)","latitude":47.43983,"longitude":8.43813},{"id":17707,"name":"Dänikon","latitude":47.44674,"longitude":8.40648},{"id":17685,"name":"Dielsdorf","latitude":47.48146,"longitude":8.4585},{"id":17689,"name":"Dietikon","latitude":47.40165,"longitude":8.40015},{"id":17690,"name":"Dietikon / Almend","latitude":47.40477,"longitude":8.39168},{"id":17691,"name":"Dietikon / Guggenbühl","latitude":47.40009,"longitude":8.40818},{"id":17692,"name":"Dietikon / Hofacker","latitude":47.39718,"longitude":8.41609},{"id":17693,"name":"Dietikon / Kreuzacker","latitude":47.39919,"longitude":8.40146},{"id":17694,"name":"Dietikon / Oberdorf","latitude":47.40065,"longitude":8.39416},{"id":17695,"name":"Dietikon / Schönenwerd","latitude":47.39706,"longitude":8.42576},{"id":17696,"name":"Dietikon / Vorstadt","latitude":47.40819,"longitude":8.39719},{"id":17697,"name":"Dietlikon / Dietlikon (Dorf)","latitude":47.41827,"longitude":8.6188},{"id":17698,"name":"Dietlikon / Eichwiesen","latitude":47.4191,"longitude":8.62078},{"id":17703,"name":"Dorf","latitude":47.239,"longitude":8.73567},{"id":17709,"name":"Dübendorf","latitude":47.39724,"longitude":8.61872},{"id":17710,"name":"Dübendorf / Kunklerstrasse","latitude":47.40109,"longitude":8.62724},{"id":17711,"name":"Dübendorf / Sonnenberg","latitude":47.39469,"longitude":8.63162},{"id":17712,"name":"Dübendorf / Vogelquartier","latitude":47.39502,"longitude":8.61184},{"id":17713,"name":"Dübendorf / Wasserfurren","latitude":47.39352,"longitude":8.6085},{"id":17715,"name":"Dürnten","latitude":47.27856,"longitude":8.84156},{"id":17719,"name":"Ebmatingen","latitude":47.34987,"longitude":8.64013},{"id":17724,"name":"Effretikon","latitude":47.42575,"longitude":8.69094},{"id":17725,"name":"Effretikon / Rappenhalde-Bannhalde","latitude":47.42388,"longitude":8.69653},{"id":17726,"name":"Effretikon / Rikon","latitude":47.43099,"longitude":8.68624},{"id":17727,"name":"Effretikon / Watt","latitude":47.42797,"longitude":8.69822},{"id":17729,"name":"Egg","latitude":47.29976,"longitude":8.69032},{"id":17739,"name":"Elgg","latitude":47.49715,"longitude":8.86523},{"id":17740,"name":"Elgg / Städtchen und Umgebung","latitude":47.49265,"longitude":8.8668},{"id":17741,"name":"Elsau-Räterschen","latitude":47.50238,"longitude":8.79874},{"id":17742,"name":"Elsau-Räterschen / Räterschen","latitude":47.49927,"longitude":8.796},{"id":17743,"name":"Embrach","latitude":47.50561,"longitude":8.59406},{"id":17744,"name":"Embrach / Embrach (Dorfkern)","latitude":47.504,"longitude":8.59477},{"id":17745,"name":"Embrach / Kellersacker","latitude":47.51455,"longitude":8.59146},{"id":17761,"name":"Erlenbach","latitude":47.30298,"longitude":8.59743},{"id":17762,"name":"Erlenbach / links des Dorfbachs oberhalb Bahnlinie","latitude":47.2995,"longitude":8.60188},{"id":17763,"name":"Erlenbach / rechts des Dorfbachs oberhalb Bahnlinie","latitude":47.30658,"longitude":8.60271},{"id":17773,"name":"Esslingen","latitude":47.28325,"longitude":8.71038},{"id":17816,"name":"Fällanden","latitude":47.37169,"longitude":8.63869},{"id":17781,"name":"Fehraltorf","latitude":47.38775,"longitude":8.75149},{"id":17782,"name":"Feldmeilen","latitude":47.27873,"longitude":8.62165},{"id":17786,"name":"Feuerthalen","latitude":47.69054,"longitude":8.64357},{"id":17795,"name":"Flurlingen","latitude":47.6839,"longitude":8.62995},{"id":17807,"name":"Freienstein","latitude":47.53307,"longitude":8.58455},{"id":17823,"name":"Gattikon","latitude":47.28439,"longitude":8.5483},{"id":17829,"name":"Geroldswil","latitude":47.42213,"longitude":8.41085},{"id":17840,"name":"Glattbrugg","latitude":47.4313,"longitude":8.56272},{"id":17841,"name":"Glattbrugg / Rohr/Platten-Balsberg","latitude":47.43721,"longitude":8.56642},{"id":17842,"name":"Glattbrugg / Wydacker/Bettacker/Lättenwiesen","latitude":47.42908,"longitude":8.56657},{"id":17843,"name":"Glattfelden","latitude":47.55871,"longitude":8.50167},{"id":17846,"name":"Gockhausen","latitude":47.38098,"longitude":8.59978},{"id":17857,"name":"Gossau","latitude":47.3051,"longitude":8.75831},{"id":17864,"name":"Greifensee","latitude":47.36717,"longitude":8.68115},{"id":17865,"name":"Greifensee / Müllerwis / Seilerwis","latitude":47.37042,"longitude":8.68151},{"id":17866,"name":"Greifensee / Pfisterhölzli","latitude":47.3643,"longitude":8.68979},{"id":17873,"name":"Grossacker/Opfikon","latitude":47.42696,"longitude":8.57886},{"id":17883,"name":"Grüt","latitude":47.31151,"longitude":8.78339},{"id":17888,"name":"Gutenswil","latitude":47.38387,"longitude":8.71763},{"id":17891,"name":"Hadlikon","latitude":47.2875,"longitude":8.85719},{"id":17896,"name":"Hausen am Albis / Hausen (Dorf)","latitude":47.24496,"longitude":8.53299},{"id":17897,"name":"Hedingen","latitude":47.29794,"longitude":8.44833},{"id":17898,"name":"Hegnau","latitude":47.39227,"longitude":8.66988},{"id":17899,"name":"Hegnau / Dammboden-Grindel","latitude":47.38713,"longitude":8.66657},{"id":17900,"name":"Hegnau / Sunnebüel-Eich","latitude":47.39246,"longitude":8.6791},{"id":17905,"name":"Henggart","latitude":47.56272,"longitude":8.68215},{"id":17909,"name":"Herrliberg","latitude":47.29064,"longitude":8.61464},{"id":17911,"name":"Hettlingen","latitude":47.5461,"longitude":8.70532},{"id":17916,"name":"Hinteregg","latitude":47.30736,"longitude":8.68339},{"id":17918,"name":"Hinwil","latitude":47.29426,"longitude":8.84393},{"id":17919,"name":"Hittnau / Hittnau (Dorf)","latitude":47.36334,"longitude":8.82418},{"id":17923,"name":"Hochfelden","latitude":47.52262,"longitude":8.51564},{"id":17925,"name":"Hofstetten","latitude":47.47778,"longitude":8.50646},{"id":17927,"name":"Hombrechtikon","latitude":47.25298,"longitude":8.77212},{"id":17929,"name":"Horgen","latitude":47.25983,"longitude":8.59778},{"id":17930,"name":"Horgen / Allmend","latitude":47.24729,"longitude":8.6066},{"id":17931,"name":"Horgen / Horgen (Dorfkern)","latitude":47.25604,"longitude":8.60159},{"id":17932,"name":"Horgen / Oberdorf","latitude":47.25837,"longitude":8.59013},{"id":17933,"name":"Horgen / Scheller-Stockerstrasse","latitude":47.26584,"longitude":8.5876},{"id":17943,"name":"Höri","latitude":47.50799,"longitude":8.51203},{"id":17949,"name":"Illnau","latitude":47.4113,"longitude":8.72125},{"id":17950,"name":"Illnau / Unter-Illnau","latitude":47.40787,"longitude":8.72607},{"id":17975,"name":"Kilchberg","latitude":47.32438,"longitude":8.54548},{"id":17976,"name":"Kilchberg / Bächler-Stocken","latitude":47.32728,"longitude":8.53957},{"id":17977,"name":"Kilchberg / Kilchberg (Dorfkern)","latitude":47.32012,"longitude":8.54306},{"id":17979,"name":"Kindhausen / Kindhausen (Dorf)","latitude":47.40644,"longitude":8.68296},{"id":17983,"name":"Kleinandelfingen","latitude":47.60058,"longitude":8.68362},{"id":17987,"name":"Kloten","latitude":47.45152,"longitude":8.58491},{"id":17988,"name":"Kloten / Balsberg","latitude":47.44233,"longitude":8.57496},{"id":17989,"name":"Kloten / Freienberg (Chanzler-Chlini Chaseren)","latitude":47.46584,"longitude":8.58145},{"id":17990,"name":"Kloten / Geissberg","latitude":47.45424,"longitude":8.59066},{"id":17991,"name":"Kloten / Holberg","latitude":47.44642,"longitude":8.57661},{"id":17992,"name":"Kloten / Horainli","latitude":47.45399,"longitude":8.58306},{"id":17993,"name":"Kloten / Hostrass","latitude":47.45255,"longitude":8.59464},{"id":17994,"name":"Kloten / Kloten (Zentrum)","latitude":47.45134,"longitude":8.58683},{"id":17995,"name":"Kloten / Rütlen","latitude":47.44726,"longitude":8.58808},{"id":17996,"name":"Kloten / Spitz","latitude":47.44455,"longitude":8.58724},{"id":17997,"name":"Knonau","latitude":47.2235,"longitude":8.46197},{"id":18000,"name":"Kollbrunn","latitude":47.45793,"longitude":8.78295},{"id":18001,"name":"Kollbrunn / Kollbrunn (Dorfkern)","latitude":47.45748,"longitude":8.77413},{"id":18013,"name":"Küsnacht","latitude":47.31805,"longitude":8.58401},{"id":18014,"name":"Küsnacht / Dorf","latitude":47.31783,"longitude":8.58303},{"id":18015,"name":"Küsnacht / Goldbach","latitude":47.32729,"longitude":8.58077},{"id":18016,"name":"Küsnacht / Heslibach","latitude":47.31307,"longitude":8.58849},{"id":18017,"name":"Küsnacht / Itschnach","latitude":47.32714,"longitude":8.60068},{"id":18018,"name":"Küsnacht / Schiedhalden","latitude":47.32112,"longitude":8.58881},{"id":18038,"name":"Langnau / Langnau (Dorf)","latitude":47.28643,"longitude":8.53627},{"id":18039,"name":"Langnau / Vitaquartier","latitude":47.29377,"longitude":8.53758},{"id":18040,"name":"Langnau am Albis","latitude":47.28885,"longitude":8.5411},{"id":18186,"name":"Männedorf","latitude":47.25686,"longitude":8.69893},{"id":18187,"name":"Männedorf / Ausserfeld","latitude":47.24636,"longitude":8.70608},{"id":18188,"name":"Männedorf / Dorfkern","latitude":47.25612,"longitude":8.69161},{"id":18124,"name":"Marthalen","latitude":47.62913,"longitude":8.65326},{"id":18130,"name":"Mattenbach (Kreis 7)","latitude":47.48705,"longitude":8.74681},{"id":18131,"name":"Mattenbach (Kreis 7) / Deutweg","latitude":47.49419,"longitude":8.73948},{"id":18132,"name":"Mattenbach (Kreis 7) / Endliker","latitude":47.48821,"longitude":8.74938},{"id":18133,"name":"Mattenbach (Kreis 7) / Gutschick","latitude":47.49104,"longitude":8.75258},{"id":18140,"name":"Meilen","latitude":47.27232,"longitude":8.64617},{"id":18157,"name":"Mettmenstetten","latitude":47.24529,"longitude":8.46347},{"id":18192,"name":"Mönchaltorf","latitude":47.30958,"longitude":8.72029},{"id":18193,"name":"Mönchaltorf / Dorf","latitude":47.30401,"longitude":8.72211},{"id":18196,"name":"Mühlehalde","latitude":47.28306,"longitude":8.53386},{"id":18236,"name":"Nänikon","latitude":47.36975,"longitude":8.68894},{"id":18237,"name":"Nänikon / Nänikon (Dorfkern)","latitude":47.37099,"longitude":8.69254},{"id":18209,"name":"Neerach","latitude":47.51096,"longitude":8.47099},{"id":18210,"name":"Neftenbach / Dorf Neftenbach","latitude":47.52764,"longitude":8.6649},{"id":18222,"name":"Niederglatt","latitude":47.49066,"longitude":8.49987},{"id":18223,"name":"Niederglatt / Niederglatt (Dorfkern)","latitude":47.49065,"longitude":8.50048},{"id":18225,"name":"Niederhasli","latitude":47.48012,"longitude":8.48576},{"id":18238,"name":"Nürensdorf","latitude":47.44814,"longitude":8.64908},{"id":18246,"name":"Oberengstringen","latitude":47.40841,"longitude":8.46515},{"id":18247,"name":"Oberengstringen / Rauchacher","latitude":47.40919,"longitude":8.45627},{"id":18248,"name":"Oberengstringen / Sonnenberg","latitude":47.41211,"longitude":8.46055},{"id":18249,"name":"Oberengstringen / Zentrum","latitude":47.40711,"longitude":8.46276},{"id":18251,"name":"Oberglatt","latitude":47.47576,"longitude":8.51896},{"id":18252,"name":"Oberglatt / Bahnhofquartier","latitude":47.47143,"longitude":8.51289},{"id":18253,"name":"Oberglatt / Oberglatt (Dorfkern)","latitude":47.47596,"longitude":8.51929},{"id":18258,"name":"Obermeilen","latitude":47.26574,"longitude":8.65567},{"id":18259,"name":"Oberrieden","latitude":47.27444,"longitude":8.57838},{"id":18260,"name":"Oberrieden / Berg","latitude":47.27628,"longitude":8.57257},{"id":18261,"name":"Oberrieden / Mitte","latitude":47.27242,"longitude":8.58021},{"id":18271,"name":"Oberwinterthur (Kreis 2)","latitude":47.51692,"longitude":8.76863},{"id":18272,"name":"Oberwinterthur (Kreis 2) / Guggenbühl","latitude":47.51339,"longitude":8.75998},{"id":18273,"name":"Oberwinterthur (Kreis 2) / Hegi","latitude":47.50716,"longitude":8.77057},{"id":18274,"name":"Oberwinterthur (Kreis 2) / Talacker","latitude":47.50596,"longitude":8.7515},{"id":18275,"name":"Oberwinterthur (Kreis 2) / Zinzikon","latitude":47.5195,"longitude":8.7564},{"id":18276,"name":"Obfelden","latitude":47.26413,"longitude":8.4215},{"id":18277,"name":"Obfelden / Oberlunnern","latitude":47.26197,"longitude":8.41588},{"id":18278,"name":"Obfelden / Toussen","latitude":47.26574,"longitude":8.43013},{"id":18280,"name":"Oetwil","latitude":47.27049,"longitude":8.72023},{"id":18285,"name":"Opfikon","latitude":47.43169,"longitude":8.57588},{"id":18292,"name":"Otelfingen","latitude":47.46053,"longitude":8.39141},{"id":18294,"name":"Ottenbach","latitude":47.28228,"longitude":8.40432},{"id":18305,"name":"Pfaffhausen","latitude":47.36476,"longitude":8.62375},{"id":18311,"name":"Pfäffikon","latitude":47.36453,"longitude":8.79202},{"id":18312,"name":"Pfäffikon / Irgenhausen","latitude":47.3624,"longitude":8.79265},{"id":18313,"name":"Pfäffikon / Pfäffikon (Dorfkern)","latitude":47.36943,"longitude":8.78309},{"id":18308,"name":"Pfungen","latitude":47.51394,"longitude":8.6423},{"id":18335,"name":"Rafz","latitude":47.60438,"longitude":8.54305},{"id":18344,"name":"Regensdorf","latitude":47.4341,"longitude":8.46874},{"id":18345,"name":"Regensdorf / Feldblumen-Riedthofstrasse","latitude":47.43618,"longitude":8.46659},{"id":18346,"name":"Regensdorf / Hofacher-Geeren","latitude":47.43525,"longitude":8.4624},{"id":18347,"name":"Regensdorf / Obstgarten","latitude":47.42772,"longitude":8.46566},{"id":18369,"name":"Richterswil","latitude":47.20622,"longitude":8.69686},{"id":18370,"name":"Richterswil / Burghalde","latitude":47.20973,"longitude":8.69133},{"id":18371,"name":"Richterswil / Dorfkern","latitude":47.20715,"longitude":8.70607},{"id":18372,"name":"Richterswil / Richterswil (Dorfkern)","latitude":47.20323,"longitude":8.70516},{"id":18391,"name":"Rorbas","latitude":47.53092,"longitude":8.57555},{"id":18406,"name":"Rümlang","latitude":47.45041,"longitude":8.52993},{"id":18407,"name":"Rümlang / Rümlang (Dorfkern)","latitude":47.4494,"longitude":8.53255},{"id":18409,"name":"Rüschlikon","latitude":47.30688,"longitude":8.55135},{"id":18400,"name":"Russikon","latitude":47.39669,"longitude":8.77515},{"id":18411,"name":"Rüti","latitude":47.25603,"longitude":8.85552},{"id":18412,"name":"Rüti / Dorfzentrum Südl. Teil","latitude":47.25368,"longitude":8.85654},{"id":18413,"name":"Rüti / Oberdorf","latitude":47.25894,"longitude":8.86512},{"id":18414,"name":"Rüti / Westlicher Dorfteil","latitude":47.25548,"longitude":8.8449},{"id":18436,"name":"Samstagern","latitude":47.19167,"longitude":8.68196},{"id":18454,"name":"Schachen","latitude":47.32419,"longitude":8.47251},{"id":18465,"name":"Schlieren","latitude":47.39668,"longitude":8.44763},{"id":18466,"name":"Schlieren / Boden","latitude":47.39721,"longitude":8.45734},{"id":18467,"name":"Schlieren / Engstingerquartier","latitude":47.40338,"longitude":8.44352},{"id":18468,"name":"Schlieren / Freiestrasse","latitude":47.39598,"longitude":8.44202},{"id":18469,"name":"Schlieren / Kamp","latitude":47.39358,"longitude":8.44453},{"id":18470,"name":"Schlieren / Spital","latitude":47.39489,"longitude":8.43027},{"id":18471,"name":"Schlieren / Zentrum","latitude":47.39779,"longitude":8.4477},{"id":18478,"name":"Schwerzenbach","latitude":47.38213,"longitude":8.65727},{"id":18479,"name":"Schwerzenbach / Blatten","latitude":47.38308,"longitude":8.64954},{"id":18480,"name":"Schwerzenbach / Chimli","latitude":47.38592,"longitude":8.65888},{"id":18495,"name":"Seen (Kreis 3)","latitude":47.47646,"longitude":8.76996},{"id":18496,"name":"Seen (Kreis 3) / Büelwiesen","latitude":47.48446,"longitude":8.76517},{"id":18497,"name":"Seen (Kreis 3) / Ganzenbühl","latitude":47.481,"longitude":8.76249},{"id":18498,"name":"Seen (Kreis 3) / Oberseen","latitude":47.48205,"longitude":8.77289},{"id":18499,"name":"Seen (Kreis 3) / Waldegg","latitude":47.48393,"longitude":8.75586},{"id":18500,"name":"Seen (Kreis 3) / Waser","latitude":47.48913,"longitude":8.76034},{"id":18503,"name":"Seglingen","latitude":47.57244,"longitude":8.52093},{"id":18504,"name":"Sellenbüren","latitude":47.34361,"longitude":8.48301},{"id":18512,"name":"Seuzach / Seuzach (Dorf)","latitude":47.53545,"longitude":8.73728},{"id":18513,"name":"Seuzach Dorf","latitude":47.5356,"longitude":8.73209},{"id":18514,"name":"Seuzach Dorf / Breite-Weid","latitude":47.53345,"longitude":8.73415},{"id":18529,"name":"Sonnhalde","latitude":47.45329,"longitude":8.46091},{"id":18537,"name":"Stadt Winterthur (Kreis 1)","latitude":47.49494,"longitude":8.71954},{"id":18538,"name":"Stadt Winterthur (Kreis 1) / Altstadt","latitude":47.49951,"longitude":8.72872},{"id":18539,"name":"Stadt Winterthur (Kreis 1) / Brühlberg","latitude":47.49764,"longitude":8.71272},{"id":18540,"name":"Stadt Winterthur (Kreis 1) / Heiligberg","latitude":47.49409,"longitude":8.72334},{"id":18541,"name":"Stadt Winterthur (Kreis 1) / Lind","latitude":47.50571,"longitude":8.73372},{"id":18542,"name":"Stadt Winterthur (Kreis 1) / Neuwiesen","latitude":47.50207,"longitude":8.71625},{"id":18543,"name":"Stadt Winterthur (Kreis 1) / Tössfeld","latitude":47.4934,"longitude":8.71512},{"id":18560,"name":"Stäfa","latitude":47.24254,"longitude":8.72342},{"id":18555,"name":"Steinmaur","latitude":47.4971,"longitude":8.45216},{"id":18565,"name":"Sulz","latitude":47.53954,"longitude":8.78887},{"id":18571,"name":"Tagelswangen","latitude":47.4307,"longitude":8.67284},{"id":18574,"name":"Tann","latitude":47.26898,"longitude":8.85024},{"id":18575,"name":"Tann / Tann (Dorfkern)","latitude":47.26494,"longitude":8.85048},{"id":18582,"name":"Thalwil","latitude":47.29175,"longitude":8.56351},{"id":18583,"name":"Thalwil / Berg","latitude":47.29178,"longitude":8.55602},{"id":18584,"name":"Thalwil / Dorfkern","latitude":47.29047,"longitude":8.56633},{"id":18585,"name":"Thalwil / Nord","latitude":47.29748,"longitude":8.55634},{"id":18586,"name":"Thalwil / See","latitude":47.29409,"longitude":8.56929},{"id":18587,"name":"Thalwil / Süd","latitude":47.28495,"longitude":8.56954},{"id":18618,"name":"Töss (Kreis 4)","latitude":47.4789,"longitude":8.70215},{"id":18619,"name":"Töss (Kreis 4) / Eichliacker","latitude":47.48727,"longitude":8.7074},{"id":18620,"name":"Töss (Kreis 4) / Schlosstal","latitude":47.49279,"longitude":8.70223},{"id":18621,"name":"Töss (Kreis 4) / Vorder-Dättnau","latitude":47.48135,"longitude":8.69855},{"id":18613,"name":"Turbenthal","latitude":47.43633,"longitude":8.84629},{"id":18624,"name":"Uerikon","latitude":47.23672,"longitude":8.7573},{"id":18627,"name":"Uetikon","latitude":47.26441,"longitude":8.67925},{"id":18628,"name":"Uetikon / Grossdorf","latitude":47.26654,"longitude":8.67765},{"id":18629,"name":"Uhwiesen","latitude":47.67074,"longitude":8.63542},{"id":18630,"name":"Uitikon","latitude":47.36911,"longitude":8.45699},{"id":18631,"name":"Unterengstringen","latitude":47.41396,"longitude":8.44761},{"id":18639,"name":"Urdorf","latitude":47.38507,"longitude":8.42581},{"id":18640,"name":"Urdorf / Bodenfeld","latitude":47.3892,"longitude":8.42265},{"id":18641,"name":"Urdorf / Moos","latitude":47.38977,"longitude":8.42886},{"id":18642,"name":"Urdorf / Oberurdorf","latitude":47.38072,"longitude":8.42343},{"id":18645,"name":"Uster","latitude":47.34713,"longitude":8.72091},{"id":18646,"name":"Uster / Gschwader","latitude":47.36016,"longitude":8.7139},{"id":18647,"name":"Uster / Kirch-Uster","latitude":47.34579,"longitude":8.71839},{"id":18648,"name":"Uster / Nieder-Uster","latitude":47.34743,"longitude":8.70088},{"id":18649,"name":"Uster / Nossikon","latitude":47.34088,"longitude":8.72555},{"id":18650,"name":"Uster / Ober-Uster","latitude":47.34874,"longitude":8.73319},{"id":18665,"name":"Veltheim (Kreis 5)","latitude":47.51419,"longitude":8.717},{"id":18666,"name":"Veltheim (Kreis 5) / Blumenau","latitude":47.50618,"longitude":8.71563},{"id":18667,"name":"Veltheim (Kreis 5) / Rosenberg","latitude":47.51386,"longitude":8.71583},{"id":18691,"name":"Volketswil / Volketswil (Dorf)","latitude":47.39016,"longitude":8.69085},{"id":18773,"name":"Wädenswil","latitude":47.22683,"longitude":8.6687},{"id":18774,"name":"Wädenswil / Boller-Giessen","latitude":47.22115,"longitude":8.68385},{"id":18775,"name":"Wädenswil / Büelen","latitude":47.23395,"longitude":8.66346},{"id":18776,"name":"Wädenswil / Dorf (Wädenswil)","latitude":47.22923,"longitude":8.6722},{"id":18777,"name":"Wädenswil / Eichweid","latitude":47.21847,"longitude":8.6744},{"id":18778,"name":"Wädenswil / Hangenmoos","latitude":47.23367,"longitude":8.65251},{"id":18779,"name":"Wädenswil / Leihof-Mühlebach","latitude":47.22364,"longitude":8.67149},{"id":18780,"name":"Wädenswil / Untermosen-Fuhr","latitude":47.22772,"longitude":8.66303},{"id":18709,"name":"Wald","latitude":47.27595,"longitude":8.91405},{"id":18715,"name":"Wallisellen","latitude":47.41499,"longitude":8.59672},{"id":18716,"name":"Wallisellen / Rieden","latitude":47.41738,"longitude":8.60028},{"id":18717,"name":"Wallisellen / Wallisellen-Ost","latitude":47.41446,"longitude":8.59727},{"id":18718,"name":"Wallisellen / Wallisellen-West","latitude":47.41906,"longitude":8.58586},{"id":18722,"name":"Wangen","latitude":47.41182,"longitude":8.64516},{"id":18732,"name":"Weiningen","latitude":47.42022,"longitude":8.43644},{"id":18733,"name":"Weisslingen","latitude":47.43063,"longitude":8.76787},{"id":18737,"name":"Wettswil / Ausser-Dorf","latitude":47.33197,"longitude":8.47732},{"id":18738,"name":"Wettswil / Wettswil (Dorf)","latitude":47.34152,"longitude":8.47149},{"id":18739,"name":"Wetzikon","latitude":47.3264,"longitude":8.79779},{"id":18740,"name":"Wetzikon / Kempten","latitude":47.33319,"longitude":8.80982},{"id":18741,"name":"Wetzikon / Ober-Wetzikon","latitude":47.32514,"longitude":8.80005},{"id":18742,"name":"Wetzikon / Robenhausen","latitude":47.33089,"longitude":8.78762},{"id":18743,"name":"Wetzikon / Unter-Wetzikon","latitude":47.31637,"longitude":8.79369},{"id":18746,"name":"Wiesendangen / Wiesendangen (Dorf)","latitude":47.5217,"longitude":8.78967},{"id":18750,"name":"Wila","latitude":47.41928,"longitude":8.84524},{"id":18758,"name":"Winterthur","latitude":47.50564,"longitude":8.72413},{"id":18764,"name":"Wolfhausen","latitude":47.25619,"longitude":8.7991},{"id":18783,"name":"Wülflingen (Kreis 6)","latitude":47.51036,"longitude":8.68333},{"id":18784,"name":"Wülflingen (Kreis 6) / Härti","latitude":47.51262,"longitude":8.684},{"id":18785,"name":"Wülflingen (Kreis 6) / Lindenplatz","latitude":47.51098,"longitude":8.6929},{"id":18786,"name":"Wülflingen (Kreis 6) / Niederfeld","latitude":47.50904,"longitude":8.67968},{"id":18787,"name":"Wülflingen (Kreis 6) / Oberfeld","latitude":47.49873,"longitude":8.69897},{"id":18797,"name":"Zollikerberg","latitude":47.3451,"longitude":8.60088},{"id":18799,"name":"Zollikon","latitude":47.34019,"longitude":8.57407},{"id":18802,"name":"Zumikon","latitude":47.33158,"longitude":8.62271},{"id":18809,"name":"Zürich","latitude":47.36667,"longitude":8.55},{"id":18810,"name":"Zürich (Kreis 1)","latitude":47.37055,"longitude":8.54177},{"id":18811,"name":"Zürich (Kreis 1) / City","latitude":47.37269,"longitude":8.53576},{"id":18812,"name":"Zürich (Kreis 1) / Lindenhof","latitude":47.37188,"longitude":8.54036},{"id":18813,"name":"Zürich (Kreis 1) / Rathaus","latitude":47.37161,"longitude":8.54501},{"id":18814,"name":"Zürich (Kreis 10)","latitude":47.40773,"longitude":8.5005},{"id":18815,"name":"Zürich (Kreis 10) / Höngg","latitude":47.40313,"longitude":8.4971},{"id":18816,"name":"Zürich (Kreis 10) / Rütihof","latitude":47.41444,"longitude":8.47928},{"id":18817,"name":"Zürich (Kreis 10) / Wipkingen","latitude":47.39503,"longitude":8.52529},{"id":18818,"name":"Zürich (Kreis 11)","latitude":47.42326,"longitude":8.52166},{"id":18819,"name":"Zürich (Kreis 11) / Affoltern","latitude":47.41814,"longitude":8.5122},{"id":18820,"name":"Zürich (Kreis 11) / Oerlikon","latitude":47.40823,"longitude":8.54258},{"id":18821,"name":"Zürich (Kreis 11) / Schwandenholz","latitude":47.42476,"longitude":8.52125},{"id":18822,"name":"Zürich (Kreis 11) / Seebach","latitude":47.42181,"longitude":8.54779},{"id":18823,"name":"Zürich (Kreis 12)","latitude":47.40372,"longitude":8.57608},{"id":18824,"name":"Zürich (Kreis 12) / Auzelg","latitude":47.41511,"longitude":8.57014},{"id":18825,"name":"Zürich (Kreis 12) / Hirzenbach","latitude":47.40187,"longitude":8.58633},{"id":18826,"name":"Zürich (Kreis 12) / Saatlen","latitude":47.41127,"longitude":8.5648},{"id":18827,"name":"Zürich (Kreis 12) / Schwamendingen-Mitte","latitude":47.4063,"longitude":8.57242},{"id":18828,"name":"Zürich (Kreis 2)","latitude":47.33756,"longitude":8.5211},{"id":18829,"name":"Zürich (Kreis 2) / Enge","latitude":47.3605,"longitude":8.53127},{"id":18830,"name":"Zürich (Kreis 2) / Mittel-Leimbach","latitude":47.32538,"longitude":8.51391},{"id":18831,"name":"Zürich (Kreis 2) / Unter-Leimbach","latitude":47.33362,"longitude":8.51433},{"id":18832,"name":"Zürich (Kreis 2) / Wollishofen","latitude":47.3401,"longitude":8.53134},{"id":18833,"name":"Zürich (Kreis 3)","latitude":47.35785,"longitude":8.50296},{"id":18834,"name":"Zürich (Kreis 3) / Alt-Wiedikon","latitude":47.36201,"longitude":8.51497},{"id":18835,"name":"Zürich (Kreis 3) / Friesenberg","latitude":47.36372,"longitude":8.50417},{"id":18836,"name":"Zürich (Kreis 3) / Sihlfeld","latitude":47.37382,"longitude":8.51164},{"id":18837,"name":"Zürich (Kreis 4) / Aussersihl","latitude":47.37752,"longitude":8.52127},{"id":18838,"name":"Zürich (Kreis 4) / Hard","latitude":47.38311,"longitude":8.50942},{"id":18839,"name":"Zürich (Kreis 4) / Langstrasse","latitude":47.37767,"longitude":8.52854},{"id":18840,"name":"Zürich (Kreis 4) / Werd","latitude":47.37178,"longitude":8.52584},{"id":18841,"name":"Zürich (Kreis 5)","latitude":47.38767,"longitude":8.52152},{"id":18842,"name":"Zürich (Kreis 5) / Escher-Wyss","latitude":47.39052,"longitude":8.51292},{"id":18843,"name":"Zürich (Kreis 5) / Gewerbeschule","latitude":47.38481,"longitude":8.53011},{"id":18844,"name":"Zürich (Kreis 6)","latitude":47.39223,"longitude":8.54381},{"id":18845,"name":"Zürich (Kreis 6) / Oberstrass","latitude":47.38917,"longitude":8.5504},{"id":18846,"name":"Zürich (Kreis 6) / Unterstrass","latitude":47.3953,"longitude":8.53721},{"id":18847,"name":"Zürich (Kreis 7)","latitude":47.37328,"longitude":8.58038},{"id":18848,"name":"Zürich (Kreis 7) / Fluntern","latitude":47.38013,"longitude":8.56133},{"id":18849,"name":"Zürich (Kreis 7) / Hirslanden","latitude":47.3624,"longitude":8.56755},{"id":18850,"name":"Zürich (Kreis 7) / Hottingen","latitude":47.37011,"longitude":8.56306},{"id":18851,"name":"Zürich (Kreis 7) / Witikon","latitude":47.35751,"longitude":8.59105},{"id":18852,"name":"Zürich (Kreis 8)","latitude":47.3548,"longitude":8.56097},{"id":18853,"name":"Zürich (Kreis 8) / Mühlebach","latitude":47.35727,"longitude":8.55744},{"id":18854,"name":"Zürich (Kreis 8) / Seefeld","latitude":47.35462,"longitude":8.55537},{"id":18855,"name":"Zürich (Kreis 8) / Weinegg","latitude":47.3525,"longitude":8.57011},{"id":18856,"name":"Zürich (Kreis 9)","latitude":47.38245,"longitude":8.47993},{"id":18857,"name":"Zürich (Kreis 9) / Albisrieden","latitude":47.37398,"longitude":8.49007},{"id":18858,"name":"Zürich (Kreis 9) / Altstetten","latitude":47.38946,"longitude":8.48533}]