[{"id":9348,"name":"Isperih","latitude":43.71667,"longitude":26.83333},{"id":9379,"name":"Kubrat","latitude":43.79658,"longitude":26.50063},{"id":9389,"name":"Loznitsa","latitude":43.36667,"longitude":26.6},{"id":9399,"name":"Medovene","latitude":43.76667,"longitude":26.51667},{"id":9491,"name":"Obshtina Isperih","latitude":43.71667,"longitude":26.83333},{"id":9515,"name":"Obshtina Kubrat","latitude":43.86667,"longitude":26.48333},{"id":9524,"name":"Obshtina Loznitsa","latitude":43.41667,"longitude":26.58333},{"id":9570,"name":"Obshtina Razgrad","latitude":43.53333,"longitude":26.51667},{"id":9581,"name":"Obshtina Samuil","latitude":43.6,"longitude":26.8},{"id":9616,"name":"Obshtina Tsar Kaloyan","latitude":43.6,"longitude":26.21667},{"id":9635,"name":"Obshtina Zavet","latitude":43.76667,"longitude":26.68333},{"id":9669,"name":"Razgrad","latitude":43.53333,"longitude":26.51667},{"id":9680,"name":"Samuil","latitude":43.51667,"longitude":26.75},{"id":9727,"name":"Tsar Kaloyan","latitude":43.61667,"longitude":26.25},{"id":9747,"name":"Zavet","latitude":43.76036,"longitude":26.68063}]