[{"id":16184,"name":"Baie Ste. Anne","latitude":47.05231,"longitude":-64.95355},{"id":16198,"name":"Bathurst","latitude":47.61814,"longitude":-65.65112},{"id":16232,"name":"Bouctouche","latitude":46.46844,"longitude":-64.73905},{"id":16264,"name":"Campbellton","latitude":48.00751,"longitude":-66.67272},{"id":16373,"name":"Dieppe","latitude":46.07844,"longitude":-64.68735},{"id":16397,"name":"Edmundston","latitude":47.3737,"longitude":-68.32512},{"id":16423,"name":"Florenceville-Bristol","latitude":46.44353,"longitude":-67.61536},{"id":16441,"name":"Fredericton","latitude":45.94541,"longitude":-66.66558},{"id":16444,"name":"Fundy Bay","latitude":44.741,"longitude":-66.76041},{"id":16468,"name":"Grande-Digue","latitude":46.30014,"longitude":-64.56546},{"id":16471,"name":"Greater Lakeburn","latitude":46.07651,"longitude":-64.66818},{"id":16486,"name":"Hampton","latitude":45.52876,"longitude":-65.85354},{"id":16493,"name":"Harrison Brook","latitude":47.21304,"longitude":-67.92847},{"id":16542,"name":"Keswick Ridge","latitude":46.00011,"longitude":-66.88218},{"id":16618,"name":"Lincoln","latitude":45.90012,"longitude":-66.58218},{"id":16638,"name":"Lutes Mountain","latitude":46.13544,"longitude":-64.90504},{"id":16672,"name":"McEwen","latitude":46.1452,"longitude":-64.78615},{"id":16695,"name":"Miramichi","latitude":47.02895,"longitude":-65.50186},{"id":16700,"name":"Moncton","latitude":46.09454,"longitude":-64.7965},{"id":16726,"name":"Nackawic","latitude":45.99666,"longitude":-67.24028},{"id":16741,"name":"New Maryland","latitude":45.87932,"longitude":-66.66828},{"id":16750,"name":"Noonan","latitude":45.96682,"longitude":-66.53218},{"id":16781,"name":"Oromocto","latitude":45.83512,"longitude":-66.47917},{"id":16884,"name":"Richibucto","latitude":46.68073,"longitude":-64.88044},{"id":16910,"name":"Sackville","latitude":45.91875,"longitude":-64.38455},{"id":16913,"name":"Saint Andrews","latitude":45.0737,"longitude":-67.05312},{"id":16914,"name":"Saint John","latitude":45.27271,"longitude":-66.06766},{"id":16921,"name":"Saint-Antoine","latitude":46.36294,"longitude":-64.74985},{"id":16967,"name":"Saint-Léonard","latitude":47.16317,"longitude":-67.9246},{"id":17014,"name":"Salisbury","latitude":46.03905,"longitude":-65.04628},{"id":17034,"name":"Shediac","latitude":46.21981,"longitude":-64.54107},{"id":17035,"name":"Shediac Bridge-Shediac River","latitude":46.26886,"longitude":-64.60047},{"id":17042,"name":"Shippagan","latitude":47.74424,"longitude":-64.70804},{"id":17074,"name":"Starlight Village","latitude":45.88308,"longitude":-66.76905},{"id":17090,"name":"Sussex","latitude":45.72266,"longitude":-65.50663},{"id":17124,"name":"Tracadie-Sheila","latitude":47.51444,"longitude":-64.91806},{"id":17186,"name":"Wells","latitude":45.39274,"longitude":-65.92313}]