[{"id":159,"name":"Bashkia Durrës","latitude":41.42743,"longitude":19.4869},{"id":168,"name":"Bashkia Krujë","latitude":41.50091,"longitude":19.72571},{"id":185,"name":"Bashkia Shijak","latitude":41.33558,"longitude":19.58977},{"id":197,"name":"Durrës","latitude":41.32355,"longitude":19.45469},{"id":198,"name":"Durrës District","latitude":41.3166,"longitude":19.45},{"id":203,"name":"Fushë-Krujë","latitude":41.47833,"longitude":19.71778},{"id":214,"name":"Krujë","latitude":41.50917,"longitude":19.79278},{"id":250,"name":"Rrethi i Krujës","latitude":41.55,"longitude":19.75},{"id":265,"name":"Shijak","latitude":41.34556,"longitude":19.56722},{"id":269,"name":"Sukth","latitude":41.38056,"longitude":19.53778}]