[{"id":645,"name":"Aldea San Antonio","latitude":-32.62317,"longitude":-58.70512},{"id":665,"name":"Aranguren","latitude":-32.24252,"longitude":-60.16107},{"id":700,"name":"Bovril","latitude":-31.34311,"longitude":-59.44512},{"id":735,"name":"Caseros","latitude":-32.46325,"longitude":-58.47872},{"id":745,"name":"Ceibas","latitude":-33.43333,"longitude":-58.75},{"id":751,"name":"Chajarí","latitude":-30.75048,"longitude":-57.97962},{"id":783,"name":"Colón","latitude":-32.22312,"longitude":-58.14426},{"id":779,"name":"Colonia Elía","latitude":-32.67144,"longitude":-58.32538},{"id":792,"name":"Concepción del Uruguay","latitude":-32.48463,"longitude":-58.23217},{"id":793,"name":"Concordia","latitude":-31.39296,"longitude":-58.02089},{"id":794,"name":"Conscripto Bernardi","latitude":-31.04837,"longitude":-59.08435},{"id":808,"name":"Crespo","latitude":-32.02873,"longitude":-60.30658},{"id":902,"name":"Departamento de Gualeguaychú","latitude":-33.25,"longitude":-59.0},{"id":955,"name":"Departamento de Paraná","latitude":-31.66667,"longitude":-60.0},{"id":1040,"name":"Diamante","latitude":-32.06641,"longitude":-60.63837},{"id":1043,"name":"Domínguez","latitude":-31.9871,"longitude":-58.96197},{"id":1075,"name":"Federación","latitude":-31.00621,"longitude":-57.89962},{"id":1076,"name":"Federal","latitude":-30.95465,"longitude":-58.78326},{"id":1098,"name":"General Campos","latitude":-31.52311,"longitude":-58.4049},{"id":1104,"name":"General Galarza","latitude":-32.72034,"longitude":-59.39615},{"id":1110,"name":"General Ramírez","latitude":-32.17601,"longitude":-60.20079},{"id":1119,"name":"Gobernador Mansilla","latitude":-32.54453,"longitude":-59.3548},{"id":1126,"name":"Gualeguay","latitude":-33.14156,"longitude":-59.30966},{"id":1127,"name":"Gualeguaychú","latitude":-33.00937,"longitude":-58.51722},{"id":1132,"name":"Hasenkamp","latitude":-31.51226,"longitude":-59.83545},{"id":1137,"name":"Hernández","latitude":-32.3373,"longitude":-60.0216},{"id":1139,"name":"Herrera","latitude":-32.43401,"longitude":-58.63177},{"id":1183,"name":"La Criolla","latitude":-31.26904,"longitude":-58.10558},{"id":1195,"name":"La Paz","latitude":-30.74179,"longitude":-59.64517},{"id":1214,"name":"Larroque","latitude":-33.03595,"longitude":-59.00125},{"id":1245,"name":"Los Charrúas","latitude":-31.17548,"longitude":-58.18774},{"id":1247,"name":"Los Conquistadores","latitude":-30.5908,"longitude":-58.46773},{"id":1257,"name":"Lucas González","latitude":-32.3843,"longitude":-59.53013},{"id":1261,"name":"Maciá","latitude":-32.1722,"longitude":-59.39947},{"id":1300,"name":"Nogoyá","latitude":-32.39387,"longitude":-59.78953},{"id":1309,"name":"Oro Verde","latitude":-31.82508,"longitude":-60.51749},{"id":1319,"name":"Paraná","latitude":-31.73271,"longitude":-60.52897},{"id":1332,"name":"Piedras Blancas","latitude":-31.18592,"longitude":-59.95181},{"id":1348,"name":"Pronunciamiento","latitude":-32.3448,"longitude":-58.44268},{"id":1355,"name":"Puerto Ibicuy","latitude":-33.75305,"longitude":-59.17762},{"id":1365,"name":"Puerto Yeruá","latitude":-31.53713,"longitude":-58.01527},{"id":1385,"name":"Rosario del Tala","latitude":-32.30286,"longitude":-59.14545},{"id":1413,"name":"San Benito","latitude":-31.78371,"longitude":-60.44156},{"id":1426,"name":"San Gustavo","latitude":-30.68961,"longitude":-59.3984},{"id":1430,"name":"San José de Feliciano","latitude":-30.38452,"longitude":-58.75167},{"id":1435,"name":"San Justo","latitude":-32.44654,"longitude":-58.43569},{"id":1450,"name":"San Salvador","latitude":-31.62487,"longitude":-58.50524},{"id":1453,"name":"Santa Ana","latitude":-30.90004,"longitude":-57.93162},{"id":1454,"name":"Santa Anita","latitude":-32.17476,"longitude":-58.78622},{"id":1456,"name":"Santa Elena","latitude":-30.94432,"longitude":-59.78832},{"id":1480,"name":"Sauce de Luna","latitude":-31.23794,"longitude":-59.21872},{"id":1482,"name":"Seguí","latitude":-31.95642,"longitude":-60.12488},{"id":1492,"name":"Tabossi","latitude":-31.80135,"longitude":-59.93477},{"id":1518,"name":"Ubajay","latitude":-31.79358,"longitude":-58.3135},{"id":1522,"name":"Urdinarrain","latitude":-32.68573,"longitude":-58.89323},{"id":1531,"name":"Viale","latitude":-31.86782,"longitude":-60.00722},{"id":1533,"name":"Victoria","latitude":-32.61841,"longitude":-60.15478},{"id":1584,"name":"Villa del Rosario","latitude":-30.79567,"longitude":-57.91257},{"id":1550,"name":"Villa Elisa","latitude":-32.1632,"longitude":-58.40082},{"id":1557,"name":"Villa Hernandarias","latitude":-31.23097,"longitude":-59.98464},{"id":1562,"name":"Villa Mantero","latitude":-32.39727,"longitude":-58.74596},{"id":1564,"name":"Villa María Grande","latitude":-31.66565,"longitude":-59.90182},{"id":1571,"name":"Villa Paranacito","latitude":-33.71381,"longitude":-58.65844},{"id":1579,"name":"Villa Urquiza","latitude":-31.64757,"longitude":-60.37516},{"id":1587,"name":"Villaguay","latitude":-31.8653,"longitude":-59.02689}]