[{"id":1605,"name":"Abwinden","latitude":48.25903,"longitude":14.42625},{"id":1609,"name":"Adlwang","latitude":47.99245,"longitude":14.21742},{"id":1612,"name":"Afiesl","latitude":48.58229,"longitude":14.12777},{"id":1615,"name":"Ahorn","latitude":48.52382,"longitude":14.17408},{"id":1617,"name":"Aichkirchen","latitude":48.10944,"longitude":13.79158},{"id":1619,"name":"Aigen im Mühlkreis","latitude":48.64578,"longitude":13.97109},{"id":1621,"name":"Aistersheim","latitude":48.1868,"longitude":13.74175},{"id":1622,"name":"Alberndorf in der Riedmark","latitude":48.40607,"longitude":14.41441},{"id":1626,"name":"Alkoven","latitude":48.28753,"longitude":14.10748},{"id":1630,"name":"Allerheiligen im Mühlkreis","latitude":48.30215,"longitude":14.65061},{"id":1632,"name":"Allhaming","latitude":48.15246,"longitude":14.17022},{"id":1637,"name":"Altenberg bei Linz","latitude":48.37284,"longitude":14.35029},{"id":1640,"name":"Altenfelden","latitude":48.48555,"longitude":13.9698},{"id":1645,"name":"Altheim","latitude":48.25154,"longitude":13.23406},{"id":1648,"name":"Altlichtenberg","latitude":48.36001,"longitude":14.25845},{"id":1651,"name":"Altmünster","latitude":47.90219,"longitude":13.76415},{"id":1654,"name":"Ampflwang","latitude":48.08333,"longitude":13.56667},{"id":1660,"name":"Andorf","latitude":48.3713,"longitude":13.57412},{"id":1670,"name":"Ansfelden","latitude":48.20969,"longitude":14.29004},{"id":1680,"name":"Arnreit","latitude":48.52513,"longitude":13.99487},{"id":1685,"name":"Aschach an der Donau","latitude":48.36458,"longitude":14.02044},{"id":1686,"name":"Aschach an der Steyr","latitude":48.01312,"longitude":14.33544},{"id":1693,"name":"Asten","latitude":48.21941,"longitude":14.41784},{"id":1695,"name":"Attersee","latitude":47.91646,"longitude":13.53953},{"id":1696,"name":"Attnang","latitude":48.01667,"longitude":13.71667},{"id":1697,"name":"Attnang-Puchheim","latitude":48.00833,"longitude":13.71667},{"id":1698,"name":"Atzbach","latitude":48.08364,"longitude":13.70347},{"id":1700,"name":"Atzesberg","latitude":48.53959,"longitude":13.86936},{"id":1704,"name":"Au an der Traun","latitude":48.1802,"longitude":14.11248},{"id":1705,"name":"Audorf","latitude":48.2181,"longitude":14.27931},{"id":1710,"name":"Aurach am Hongar","latitude":47.95182,"longitude":13.67291},{"id":1711,"name":"Aurolzmünster","latitude":48.24834,"longitude":13.45533},{"id":1715,"name":"Bachmanning","latitude":48.13104,"longitude":13.79436},{"id":1724,"name":"Bad Goisern","latitude":47.64252,"longitude":13.61609},{"id":1725,"name":"Bad Hall","latitude":48.03832,"longitude":14.20773},{"id":1728,"name":"Bad Ischl","latitude":47.71109,"longitude":13.61893},{"id":1729,"name":"Bad Kreuzen","latitude":48.26737,"longitude":14.80648},{"id":1730,"name":"Bad Leonfelden","latitude":48.52047,"longitude":14.29459},{"id":1735,"name":"Bad Schallerbach","latitude":48.22999,"longitude":13.91925},{"id":1741,"name":"Bad Zell","latitude":48.34906,"longitude":14.66945},{"id":1754,"name":"Berg","latitude":48.29278,"longitude":14.24778},{"id":1756,"name":"Bergern","latitude":48.16752,"longitude":14.11153},{"id":1757,"name":"Bergham","latitude":48.28182,"longitude":14.23141},{"id":1760,"name":"Bernardin","latitude":48.16042,"longitude":14.00834},{"id":1792,"name":"Brandln","latitude":48.1451,"longitude":13.99504},{"id":1794,"name":"Braunau am Inn","latitude":48.25628,"longitude":13.04343},{"id":1793,"name":"Braunau Neustadt","latitude":48.24606,"longitude":13.03583},{"id":1819,"name":"Buchkirchen","latitude":48.22427,"longitude":14.02242},{"id":1822,"name":"Burgfried","latitude":48.5199,"longitude":14.2957},{"id":1835,"name":"Desselbrunn","latitude":48.02145,"longitude":13.77027},{"id":1845,"name":"Dickerldorf","latitude":48.17676,"longitude":14.05705},{"id":1849,"name":"Diesseits","latitude":48.29216,"longitude":13.43546},{"id":1850,"name":"Dietach","latitude":48.09018,"longitude":14.41647},{"id":1851,"name":"Dietachdorf","latitude":48.08364,"longitude":14.42874},{"id":1860,"name":"Doppl","latitude":48.24811,"longitude":14.25416},{"id":1873,"name":"Dörfl","latitude":48.01245,"longitude":13.65472},{"id":1876,"name":"Dürnau","latitude":47.9971,"longitude":13.64459},{"id":1885,"name":"Ebensee","latitude":47.80716,"longitude":13.779},{"id":1891,"name":"Eberschwang","latitude":48.15504,"longitude":13.56194},{"id":1893,"name":"Eberstalzell","latitude":48.04392,"longitude":13.98319},{"id":1905,"name":"Edt bei Lambach","latitude":48.11667,"longitude":13.88333},{"id":1906,"name":"Eferding","latitude":48.30866,"longitude":14.02233},{"id":1921,"name":"Eidenberg","latitude":48.39439,"longitude":14.23313},{"id":1939,"name":"Engerwitzdorf","latitude":48.34507,"longitude":14.44204},{"id":1940,"name":"Enns","latitude":48.21346,"longitude":14.47612},{"id":1974,"name":"Feldkirchen an der Donau","latitude":48.34524,"longitude":14.05134},{"id":1992,"name":"Fisching","latitude":48.22301,"longitude":14.42771},{"id":2006,"name":"Fornach","latitude":48.02277,"longitude":13.42941},{"id":2008,"name":"Frankenburg","latitude":48.06844,"longitude":13.49065},{"id":2010,"name":"Frankenmarkt","latitude":47.98333,"longitude":13.41667},{"id":2019,"name":"Freindorf","latitude":48.2257,"longitude":14.2951},{"id":2020,"name":"Freistadt","latitude":48.51103,"longitude":14.50453},{"id":2042,"name":"Gaflenz","latitude":47.89511,"longitude":14.72477},{"id":2048,"name":"Gallneukirchen","latitude":48.35363,"longitude":14.41604},{"id":2049,"name":"Gallspach","latitude":48.20992,"longitude":13.80981},{"id":2054,"name":"Gampern","latitude":47.98877,"longitude":13.5543},{"id":2059,"name":"Garsten","latitude":48.0224,"longitude":14.40747},{"id":2062,"name":"Gaspoltshofen","latitude":48.14324,"longitude":13.73643},{"id":2066,"name":"Gaumberg","latitude":48.28085,"longitude":14.26935},{"id":2068,"name":"Geboltskirchen","latitude":48.15338,"longitude":13.6336},{"id":2092,"name":"Gmunden","latitude":47.91839,"longitude":13.79933},{"id":2102,"name":"Goldwörth","latitude":48.32664,"longitude":14.10112},{"id":2105,"name":"Gosau","latitude":47.58417,"longitude":13.53447},{"id":2117,"name":"Gramastetten","latitude":48.38028,"longitude":14.19185},{"id":2125,"name":"Grein","latitude":48.22862,"longitude":14.85884},{"id":2134,"name":"Grieskirchen","latitude":48.23333,"longitude":13.83333},{"id":2143,"name":"Grossraming","latitude":47.88333,"longitude":14.55},{"id":2167,"name":"Grünau im Almtal","latitude":47.85493,"longitude":13.95573},{"id":2169,"name":"Grünburg","latitude":47.97234,"longitude":14.26472},{"id":2171,"name":"Gschwandt","latitude":47.93515,"longitude":13.84569},{"id":2175,"name":"Gunskirchen","latitude":48.13333,"longitude":13.95},{"id":2179,"name":"Gutau","latitude":48.41724,"longitude":14.61285},{"id":2199,"name":"Haag","latitude":48.27063,"longitude":14.26875},{"id":2201,"name":"Haag am Hausruck","latitude":48.18423,"longitude":13.64373},{"id":2208,"name":"Hagenberg im Mühlkreis","latitude":48.36788,"longitude":14.51689},{"id":2210,"name":"Haibach im Mühlkreis","latitude":48.44429,"longitude":14.34411},{"id":2211,"name":"Haid","latitude":48.20477,"longitude":14.25107},{"id":2212,"name":"Haiden","latitude":47.7179,"longitude":13.56906},{"id":2214,"name":"Haidl","latitude":48.17267,"longitude":14.05297},{"id":2227,"name":"Handenberg","latitude":48.13356,"longitude":13.00751},{"id":2234,"name":"Hart","latitude":48.26526,"longitude":14.25691},{"id":2239,"name":"Hartheim","latitude":48.28079,"longitude":14.11426},{"id":2240,"name":"Hartkirchen","latitude":48.36349,"longitude":14.00422},{"id":2243,"name":"Haselbach","latitude":48.25308,"longitude":13.05614},{"id":2244,"name":"Haslach an der Mühl","latitude":48.5757,"longitude":14.03984},{"id":2267,"name":"Hellmonsödt","latitude":48.43333,"longitude":14.3},{"id":2276,"name":"Herzogsdorf","latitude":48.43011,"longitude":14.1128},{"id":2297,"name":"Hochburg-Ach","latitude":48.13001,"longitude":12.87735},{"id":2300,"name":"Hochpoint","latitude":48.16139,"longitude":14.03838},{"id":2303,"name":"Hof","latitude":47.86667,"longitude":13.31667},{"id":2309,"name":"Hofkirchen im Traunkreis","latitude":48.14312,"longitude":14.37776},{"id":2327,"name":"Holzhausen","latitude":48.22296,"longitude":14.09683},{"id":2343,"name":"Hörsching","latitude":48.22627,"longitude":14.17786},{"id":2358,"name":"Innerschwand","latitude":47.83333,"longitude":13.4},{"id":2363,"name":"Inzersdorf im Kremstal","latitude":47.92808,"longitude":14.08104},{"id":2392,"name":"Kaltenbach","latitude":47.70618,"longitude":13.60914},{"id":2410,"name":"Katsdorf","latitude":48.31791,"longitude":14.47432},{"id":2415,"name":"Kematen an der Krems","latitude":48.1115,"longitude":14.19391},{"id":2432,"name":"Kirchberg ob der Donau","latitude":48.4444,"longitude":13.93805},{"id":2434,"name":"Kirchdorf an der Krems","latitude":47.90558,"longitude":14.12228},{"id":2438,"name":"Kirchschlag bei Linz","latitude":48.41149,"longitude":14.27656},{"id":2445,"name":"Klaffer am Hochficht","latitude":48.69544,"longitude":13.88131},{"id":2511,"name":"Königswiesen","latitude":48.40453,"longitude":14.83824},{"id":2474,"name":"Kopfing im Innkreis","latitude":48.43991,"longitude":13.65841},{"id":2485,"name":"Kremsdorf","latitude":48.20031,"longitude":14.26249},{"id":2486,"name":"Kremsmünster","latitude":48.0529,"longitude":14.12919},{"id":2492,"name":"Kronstorf","latitude":48.14324,"longitude":14.46307},{"id":2518,"name":"Laab","latitude":48.2611,"longitude":13.05418},{"id":2520,"name":"Laahen","latitude":48.17192,"longitude":14.00637},{"id":2521,"name":"Laakirchen","latitude":47.98188,"longitude":13.82166},{"id":2528,"name":"Lambach","latitude":48.09276,"longitude":13.87453},{"id":2542,"name":"Langenstein","latitude":48.252,"longitude":14.47655},{"id":2545,"name":"Langholzfeld","latitude":48.24297,"longitude":14.24772},{"id":2554,"name":"Laussa","latitude":47.95,"longitude":14.45},{"id":2571,"name":"Lembach im Mühlkreis","latitude":48.49517,"longitude":13.89513},{"id":2577,"name":"Lenzing","latitude":47.97326,"longitude":13.60846},{"id":2582,"name":"Leonding","latitude":48.27965,"longitude":14.2533},{"id":2583,"name":"Leonstein","latitude":47.89666,"longitude":14.23124},{"id":2591,"name":"Lichtenegg","latitude":48.15,"longitude":14.0},{"id":2603,"name":"Linz","latitude":48.30639,"longitude":14.28611},{"id":2604,"name":"Linz Stadt","latitude":48.3,"longitude":14.28333},{"id":2616,"name":"Losenstein","latitude":47.92428,"longitude":14.43672},{"id":2619,"name":"Luftenberg an der Donau","latitude":48.27462,"longitude":14.41303},{"id":2632,"name":"Manning","latitude":48.08851,"longitude":13.66682},{"id":2637,"name":"Marchtrenk","latitude":48.19275,"longitude":14.11394},{"id":2645,"name":"Maria Neustift","latitude":47.93333,"longitude":14.6},{"id":2648,"name":"Maria Schmolln","latitude":48.1382,"longitude":13.21981},{"id":2670,"name":"Mattighofen","latitude":48.10732,"longitude":13.15081},{"id":2676,"name":"Mauerkirchen","latitude":48.19173,"longitude":13.13338},{"id":2684,"name":"Meggenhofen","latitude":48.18017,"longitude":13.79582},{"id":2685,"name":"Mehrnbach","latitude":48.20809,"longitude":13.43525},{"id":2695,"name":"Michaelnbach","latitude":48.28788,"longitude":13.83144},{"id":2697,"name":"Micheldorf in Oberösterreich","latitude":47.87764,"longitude":14.13357},{"id":2713,"name":"Mitterkirchen im Machland","latitude":48.18795,"longitude":14.69593},{"id":2720,"name":"Mittertreffling","latitude":48.33868,"longitude":14.36505},{"id":2723,"name":"Molln","latitude":47.88723,"longitude":14.25819},{"id":2724,"name":"Mondsee","latitude":47.85648,"longitude":13.34908},{"id":2727,"name":"Moosdorf","latitude":48.04492,"longitude":12.98902},{"id":2754,"name":"Mühldorf","latitude":47.89689,"longitude":13.95049},{"id":2733,"name":"Munderfing","latitude":48.07039,"longitude":13.18162},{"id":2763,"name":"Münzbach","latitude":48.26737,"longitude":14.71009},{"id":2764,"name":"Münzkirchen","latitude":48.48333,"longitude":13.56667},{"id":2768,"name":"Naarn im Machlande","latitude":48.22553,"longitude":14.60838},{"id":2772,"name":"Natternbach","latitude":48.3973,"longitude":13.74965},{"id":2775,"name":"Nebelberg","latitude":48.62854,"longitude":13.84629},{"id":2785,"name":"Neubau","latitude":48.21901,"longitude":14.19301},{"id":2791,"name":"Neue Heimat","latitude":48.24565,"longitude":13.04172},{"id":2796,"name":"Neuhofen an der Krems","latitude":48.13866,"longitude":14.22764},{"id":2798,"name":"Neukirchen","latitude":47.87502,"longitude":13.71111},{"id":2800,"name":"Neukirchen am Walde","latitude":48.40584,"longitude":13.78158},{"id":2801,"name":"Neukirchen an der Vöckla","latitude":48.04053,"longitude":13.5376},{"id":2802,"name":"Neukirchen bei Lambach","latitude":48.1,"longitude":13.81667},{"id":2806,"name":"Neumarkt im Hausruckkreis","latitude":48.2728,"longitude":13.72836},{"id":2807,"name":"Neumarkt im Mühlkreis","latitude":48.42818,"longitude":14.48444},{"id":2818,"name":"Neuzeug","latitude":48.05,"longitude":14.33333},{"id":2827,"name":"Niederneukirchen","latitude":48.16093,"longitude":14.33965},{"id":2830,"name":"Niederstraß","latitude":48.01398,"longitude":13.72956},{"id":2831,"name":"Niederthalheim","latitude":48.09901,"longitude":13.7687},{"id":2840,"name":"Nöstlbach","latitude":48.1666,"longitude":14.24609},{"id":2852,"name":"Oberhaid","latitude":48.17593,"longitude":14.01495},{"id":2853,"name":"Oberhart","latitude":48.18333,"longitude":14.05},{"id":2855,"name":"Oberhofen am Irrsee","latitude":47.95,"longitude":13.3},{"id":2862,"name":"Obernberg am Inn","latitude":48.32133,"longitude":13.33427},{"id":2865,"name":"Oberndorf bei Schwanenstadt","latitude":48.05559,"longitude":13.75677},{"id":2868,"name":"Oberneukirchen","latitude":48.46404,"longitude":14.22275},{"id":2883,"name":"Oberwang","latitude":47.86667,"longitude":13.43333},{"id":2890,"name":"Oedt","latitude":48.21335,"longitude":14.21013},{"id":2892,"name":"Oepping","latitude":48.60284,"longitude":13.94586},{"id":2895,"name":"Offenhausen","latitude":48.15,"longitude":13.83333},{"id":2897,"name":"Ohlsdorf","latitude":47.96073,"longitude":13.79145},{"id":2902,"name":"Ort im Innkreis","latitude":48.31654,"longitude":13.43362},{"id":2907,"name":"Ostermiething","latitude":48.04636,"longitude":12.82937},{"id":2911,"name":"Ottenschlag im Mühlkreis","latitude":48.46632,"longitude":14.38471},{"id":2912,"name":"Ottensheim","latitude":48.33246,"longitude":14.17425},{"id":2915,"name":"Ottnang am Hausruck","latitude":48.09568,"longitude":13.65841},{"id":2916,"name":"Pabneukirchen","latitude":48.32367,"longitude":14.81747},{"id":2920,"name":"Palting","latitude":48.01542,"longitude":13.12712},{"id":2926,"name":"Pasching","latitude":48.25931,"longitude":14.20369},{"id":2930,"name":"Pattigham","latitude":48.15521,"longitude":13.48443},{"id":2934,"name":"Pennewang","latitude":48.13333,"longitude":13.85},{"id":2938,"name":"Perg","latitude":48.25,"longitude":14.63333},{"id":2946,"name":"Perwang am Grabensee","latitude":48.00692,"longitude":13.083},{"id":2948,"name":"Pettenbach","latitude":47.96016,"longitude":14.01692},{"id":2952,"name":"Peuerbach","latitude":48.3453,"longitude":13.77205},{"id":2954,"name":"Pfaffing","latitude":48.018,"longitude":13.47507},{"id":2956,"name":"Pfarrkirchen bei Bad Hall","latitude":48.03046,"longitude":14.19914},{"id":2964,"name":"Pichl bei Wels","latitude":48.18515,"longitude":13.89882},{"id":2966,"name":"Pierbach","latitude":48.34815,"longitude":14.75575},{"id":2973,"name":"Pinsdorf","latitude":47.9298,"longitude":13.77068},{"id":2981,"name":"Pitzenberg","latitude":48.07361,"longitude":13.72484},{"id":2984,"name":"Plesching","latitude":48.32099,"longitude":14.33802},{"id":2990,"name":"Politischer Bezirk Braunau am Inn","latitude":48.11203,"longitude":13.08924},{"id":2996,"name":"Politischer Bezirk Eferding","latitude":48.32168,"longitude":13.98453},{"id":2999,"name":"Politischer Bezirk Freistadt","latitude":48.47006,"longitude":14.64844},{"id":3000,"name":"Politischer Bezirk Gmunden","latitude":47.75,"longitude":13.75},{"id":3003,"name":"Politischer Bezirk Grieskirchen","latitude":48.26667,"longitude":13.8},{"id":3014,"name":"Politischer Bezirk Kirchdorf an der Krems","latitude":47.84346,"longitude":14.21346},{"id":3026,"name":"Politischer Bezirk Linz-Land","latitude":48.16667,"longitude":14.3},{"id":3037,"name":"Politischer Bezirk Perg","latitude":48.25724,"longitude":14.71796},{"id":3039,"name":"Politischer Bezirk Ried im Innkreis","latitude":48.23333,"longitude":13.46667},{"id":3040,"name":"Politischer Bezirk Rohrbach","latitude":48.55739,"longitude":13.96926},{"id":3047,"name":"Politischer Bezirk Schärding","latitude":48.43333,"longitude":13.6},{"id":3049,"name":"Politischer Bezirk Steyr-Land","latitude":47.9,"longitude":14.46667},{"id":3053,"name":"Politischer Bezirk Urfahr-Umgebung","latitude":48.42512,"longitude":14.27451},{"id":3056,"name":"Politischer Bezirk Vöcklabruck","latitude":48.00313,"longitude":13.65772},{"id":3110,"name":"Pötting","latitude":48.28325,"longitude":13.77059},{"id":3073,"name":"Pram","latitude":48.23536,"longitude":13.60579},{"id":3074,"name":"Prambachkirchen","latitude":48.31711,"longitude":13.90449},{"id":3075,"name":"Pramet","latitude":48.14295,"longitude":13.48752},{"id":3077,"name":"Pregarten","latitude":48.35488,"longitude":14.53217},{"id":3091,"name":"Puchenau","latitude":48.31214,"longitude":14.23614},{"id":3093,"name":"Puchheim","latitude":48.0,"longitude":13.71667},{"id":3094,"name":"Puchlkirchen am Trattberg","latitude":48.04478,"longitude":13.57198},{"id":3095,"name":"Pucking","latitude":48.18886,"longitude":14.18824},{"id":3112,"name":"Pühret","latitude":48.03488,"longitude":13.72252},{"id":3113,"name":"Raab","latitude":48.35243,"longitude":13.64691},{"id":3126,"name":"Raffelstetten","latitude":48.23759,"longitude":14.40273},{"id":3131,"name":"Rainbach im Mühlkreis","latitude":48.55758,"longitude":14.47449},{"id":3142,"name":"Ranshofen","latitude":48.23308,"longitude":13.01571},{"id":3158,"name":"Redleiten","latitude":48.08138,"longitude":13.46894},{"id":3159,"name":"Redlham","latitude":48.02443,"longitude":13.74738},{"id":3160,"name":"Regau","latitude":47.99078,"longitude":13.68811},{"id":3163,"name":"Reichenau im Mühlkreis","latitude":48.45704,"longitude":14.34875},{"id":3166,"name":"Reichenthal","latitude":48.54286,"longitude":14.38471},{"id":3167,"name":"Reichraming","latitude":47.88333,"longitude":14.45},{"id":3174,"name":"Reiterndorf","latitude":47.70364,"longitude":13.62914},{"id":3185,"name":"Ried im Innkreis","latitude":48.21123,"longitude":13.48855},{"id":3187,"name":"Ried im Traunkreis","latitude":48.02581,"longitude":14.07452},{"id":3189,"name":"Ried in der Riedmark","latitude":48.27114,"longitude":14.52796},{"id":3200,"name":"Rohr im Kremstal","latitude":48.06864,"longitude":14.19306},{"id":3205,"name":"Rohrbach-Berg","latitude":48.57275,"longitude":13.98834},{"id":3208,"name":"Roitham","latitude":48.02432,"longitude":13.82166},{"id":3217,"name":"Rufling","latitude":48.27839,"longitude":14.21674},{"id":3228,"name":"Rüstorf","latitude":48.04326,"longitude":13.78982},{"id":3222,"name":"Rutzenham","latitude":48.06076,"longitude":13.71883},{"id":3236,"name":"Sammersdorf","latitude":48.18091,"longitude":14.1667},{"id":3237,"name":"Sankt Aegidi","latitude":48.47929,"longitude":13.73737},{"id":3248,"name":"Sankt Dionysen","latitude":48.22439,"longitude":14.25485},{"id":3249,"name":"Sankt Florian","latitude":48.20568,"longitude":14.37836},{"id":3252,"name":"Sankt Georgen am Fillmannsbach","latitude":48.1256,"longitude":13.00811},{"id":3255,"name":"Sankt Georgen an der Gusen","latitude":48.27183,"longitude":14.44951},{"id":3258,"name":"Sankt Georgen bei Obernberg am Inn","latitude":48.29193,"longitude":13.3332},{"id":3259,"name":"Sankt Georgen im Attergau","latitude":47.93595,"longitude":13.48306},{"id":3263,"name":"Sankt Gotthard im Mühlkreis","latitude":48.3802,"longitude":14.13185},{"id":3283,"name":"Sankt Lorenz","latitude":47.8324,"longitude":13.34839},{"id":3299,"name":"Sankt Marien","latitude":48.14805,"longitude":14.27759},{"id":3302,"name":"Sankt Martin","latitude":48.23091,"longitude":14.26781},{"id":3307,"name":"Sankt Martin im Mühlkreis","latitude":48.41553,"longitude":14.03821},{"id":3315,"name":"Sankt Oswald bei Freistadt","latitude":48.5,"longitude":14.58333},{"id":3322,"name":"Sankt Peter am Hart","latitude":48.25268,"longitude":13.09613},{"id":3340,"name":"Sankt Ulrich bei Steyr","latitude":48.02116,"longitude":14.43685},{"id":3347,"name":"Sankt Wolfgang im Salzkammergut","latitude":47.73932,"longitude":13.44666},{"id":3348,"name":"Sarleinsbach","latitude":48.54525,"longitude":13.90491},{"id":3350,"name":"Sattledt","latitude":48.07372,"longitude":14.05478},{"id":3354,"name":"Schafwiesen","latitude":48.16667,"longitude":14.06667},{"id":3355,"name":"Schalchen","latitude":48.11924,"longitude":13.15716},{"id":3356,"name":"Schalchham","latitude":47.99825,"longitude":13.67188},{"id":3358,"name":"Schardenberg","latitude":48.52058,"longitude":13.49791},{"id":3413,"name":"Schärding","latitude":48.45294,"longitude":13.43722},{"id":3414,"name":"Schärding Vorstadt","latitude":48.45195,"longitude":13.43946},{"id":3361,"name":"Scharnstein","latitude":47.90426,"longitude":13.96135},{"id":3368,"name":"Schenkenfelden","latitude":48.50273,"longitude":14.36188},{"id":3370,"name":"Schildorn","latitude":48.14564,"longitude":13.46314},{"id":3373,"name":"Schlatt","latitude":48.07177,"longitude":13.78904},{"id":3377,"name":"Schlierbach","latitude":47.93636,"longitude":14.12018},{"id":3380,"name":"Schlüsslberg","latitude":48.21861,"longitude":13.87161},{"id":3419,"name":"Schöndorf","latitude":48.00167,"longitude":13.6588},{"id":3420,"name":"Schönering","latitude":48.29838,"longitude":14.16103},{"id":3423,"name":"Schörfling","latitude":47.94544,"longitude":13.60408},{"id":3394,"name":"Schwanenstadt","latitude":48.05537,"longitude":13.77505},{"id":3407,"name":"Schweinbach","latitude":48.34033,"longitude":14.42247},{"id":3410,"name":"Schwertberg","latitude":48.2734,"longitude":14.58474},{"id":3434,"name":"Seewalchen","latitude":47.95246,"longitude":13.58382},{"id":3454,"name":"Sierning","latitude":48.04343,"longitude":14.30935},{"id":3469,"name":"Sonnberg im Mühlkreis","latitude":48.4608,"longitude":14.31167},{"id":3477,"name":"Spital am Pyhrn","latitude":47.66487,"longitude":14.34014},{"id":3489,"name":"Stadl-Hausruck","latitude":48.08255,"longitude":13.85213},{"id":3490,"name":"Stadl-Paura","latitude":48.08333,"longitude":13.86667},{"id":3491,"name":"Stadl-Traun","latitude":48.07963,"longitude":13.8614},{"id":3515,"name":"Steinbach am Attersee","latitude":47.83087,"longitude":13.54613},{"id":3518,"name":"Steinerkirchen an der Traun","latitude":48.07911,"longitude":13.95796},{"id":3520,"name":"Steinfeld","latitude":47.71254,"longitude":13.6326},{"id":3521,"name":"Steinhaus","latitude":48.11614,"longitude":14.0189},{"id":3527,"name":"Steyr","latitude":48.04274,"longitude":14.42127},{"id":3528,"name":"Steyr Stadt","latitude":48.03333,"longitude":14.41667},{"id":3529,"name":"Steyregg","latitude":48.28513,"longitude":14.36995},{"id":3543,"name":"Strassham","latitude":48.28348,"longitude":14.14524},{"id":3569,"name":"Taiskirchen im Innkreis","latitude":48.26468,"longitude":13.57318},{"id":3574,"name":"Taufkirchen an der Trattnach","latitude":48.24731,"longitude":13.74767},{"id":3583,"name":"Ternberg","latitude":47.94518,"longitude":14.3587},{"id":3588,"name":"Thalheim bei Wels","latitude":48.15,"longitude":14.03333},{"id":3599,"name":"Tiefgraben","latitude":47.87385,"longitude":13.30591},{"id":3603,"name":"Timelkam","latitude":48.00394,"longitude":13.6076},{"id":3607,"name":"Tragwein","latitude":48.33314,"longitude":14.62237},{"id":3613,"name":"Traun","latitude":48.22656,"longitude":14.23459},{"id":3614,"name":"Traunkirchen","latitude":47.84462,"longitude":13.78939},{"id":3640,"name":"Ufer","latitude":48.24842,"longitude":14.49977},{"id":3641,"name":"Ulrichsberg","latitude":48.67498,"longitude":13.91049},{"id":3644,"name":"Ungenach","latitude":48.04756,"longitude":13.61472},{"id":3650,"name":"Untereisenfeld","latitude":48.168,"longitude":14.041},{"id":3653,"name":"Unterjosefstal","latitude":48.29216,"longitude":14.57525},{"id":3668,"name":"Uttendorf","latitude":48.15887,"longitude":13.1218},{"id":3670,"name":"Utzenaich","latitude":48.27622,"longitude":13.46091},{"id":3677,"name":"Viechtwang","latitude":47.91531,"longitude":13.96345},{"id":3703,"name":"Vöcklabruck","latitude":48.00279,"longitude":13.65652},{"id":3704,"name":"Vöcklamarkt","latitude":48.0025,"longitude":13.48383},{"id":3699,"name":"Vorchdorf","latitude":48.00388,"longitude":13.92122},{"id":3714,"name":"Wagrain","latitude":48.00503,"longitude":13.67163},{"id":3715,"name":"Wagram","latitude":48.23828,"longitude":14.22996},{"id":3722,"name":"Waizenkirchen","latitude":48.33018,"longitude":13.85754},{"id":3730,"name":"Walding","latitude":48.35209,"longitude":14.1576},{"id":3731,"name":"Waldkirchen am Wesen","latitude":48.44059,"longitude":13.82174},{"id":3733,"name":"Waldneukirchen","latitude":47.99854,"longitude":14.25879},{"id":3735,"name":"Waldzell","latitude":48.13562,"longitude":13.42701},{"id":3736,"name":"Wallern an der Trattnach","latitude":48.23296,"longitude":13.9462},{"id":3746,"name":"Wartberg an der Krems","latitude":47.98909,"longitude":14.11863},{"id":3747,"name":"Wartberg ob der Aist","latitude":48.34792,"longitude":14.50796},{"id":3755,"name":"Weibern","latitude":48.18333,"longitude":13.7},{"id":3763,"name":"Weilbach","latitude":48.27725,"longitude":13.37165},{"id":3782,"name":"Weißenkirchen im Attergau","latitude":47.94964,"longitude":13.41843},{"id":3773,"name":"Weisskirchen an der Traun","latitude":48.16202,"longitude":14.12395},{"id":3778,"name":"Weitersfelden","latitude":48.4773,"longitude":14.72546},{"id":3785,"name":"Wels","latitude":48.16667,"longitude":14.03333},{"id":3786,"name":"Wels Stadt","latitude":48.16082,"longitude":14.02164},{"id":3787,"name":"Wels-Land","latitude":48.1166,"longitude":13.96637},{"id":3788,"name":"Wendling","latitude":48.23182,"longitude":13.66622},{"id":3789,"name":"Weng im Innkreis","latitude":48.23508,"longitude":13.17801},{"id":3797,"name":"Wernstein am Inn","latitude":48.50802,"longitude":13.461},{"id":3801,"name":"Weyer","latitude":47.85717,"longitude":14.66409},{"id":3802,"name":"Weyregg","latitude":47.90294,"longitude":13.57193},{"id":3822,"name":"Wimpassing","latitude":48.16667,"longitude":13.98333},{"id":3825,"name":"Wimsbach","latitude":48.06667,"longitude":13.9},{"id":3827,"name":"Windhaag bei Freistadt","latitude":48.58774,"longitude":14.56186},{"id":3828,"name":"Windhaag bei Perg","latitude":48.28582,"longitude":14.68091},{"id":3831,"name":"Windischgarsten","latitude":47.72223,"longitude":14.32755},{"id":3836,"name":"Wippenham","latitude":48.2225,"longitude":13.3792},{"id":3837,"name":"Wispl","latitude":48.16488,"longitude":13.99753},{"id":3839,"name":"Wolfern","latitude":48.08278,"longitude":14.37201},{"id":3844,"name":"Wolfsegg am Hausruck","latitude":48.10669,"longitude":13.67274},{"id":3872,"name":"Zell am Moos","latitude":47.9,"longitude":13.31667},{"id":3873,"name":"Zell am Pettenfirst","latitude":48.08009,"longitude":13.59936},{"id":3876,"name":"Zell an der Pram","latitude":48.31625,"longitude":13.62923},{"id":3893,"name":"Zwettl an der Rodl","latitude":48.46552,"longitude":14.27133}]