[{"id":639,"name":"Achiras","latitude":-33.17538,"longitude":-64.99331},{"id":640,"name":"Adelia María","latitude":-33.63152,"longitude":-64.02097},{"id":641,"name":"Agua de Oro","latitude":-31.06661,"longitude":-64.30017},{"id":647,"name":"Alejandro Roca","latitude":-33.35369,"longitude":-63.71849},{"id":648,"name":"Alejo Ledesma","latitude":-33.60643,"longitude":-62.62304},{"id":651,"name":"Almafuerte","latitude":-32.19296,"longitude":-64.25559},{"id":653,"name":"Alta Gracia","latitude":-31.65292,"longitude":-64.42826},{"id":656,"name":"Altos de Chipión","latitude":-30.9559,"longitude":-62.33727},{"id":668,"name":"Arias","latitude":-33.64411,"longitude":-62.40272},{"id":671,"name":"Arroyito","latitude":-31.42022,"longitude":-63.05002},{"id":672,"name":"Arroyo Cabral","latitude":-32.49119,"longitude":-63.40126},{"id":681,"name":"Balnearia","latitude":-31.0088,"longitude":-62.66733},{"id":688,"name":"Bell Ville","latitude":-32.62591,"longitude":-62.68873},{"id":695,"name":"Berrotarán","latitude":-32.451,"longitude":-64.38867},{"id":701,"name":"Brinkmann","latitude":-30.86589,"longitude":-62.03742},{"id":702,"name":"Buchardo","latitude":-34.72263,"longitude":-63.5092},{"id":716,"name":"Camilo Aldao","latitude":-33.12745,"longitude":-62.09453},{"id":744,"name":"Cañada de Luque","latitude":-30.73341,"longitude":-63.72375},{"id":723,"name":"Canals","latitude":-33.56542,"longitude":-62.88927},{"id":727,"name":"Capilla del Monte","latitude":-30.86088,"longitude":-64.52515},{"id":733,"name":"Carnerillo","latitude":-32.91371,"longitude":-64.02175},{"id":734,"name":"Carrilobo","latitude":-31.87296,"longitude":-63.11715},{"id":742,"name":"Cavanagh","latitude":-33.47606,"longitude":-62.33888},{"id":755,"name":"Charras","latitude":-33.024,"longitude":-64.04719},{"id":757,"name":"Chazón","latitude":-33.07872,"longitude":-63.27657},{"id":769,"name":"Cintra","latitude":-32.30673,"longitude":-62.65214},{"id":780,"name":"Colonia La Tordilla","latitude":-31.23746,"longitude":-63.06134},{"id":781,"name":"Colonia San Bartolomé","latitude":-31.5278,"longitude":-62.72436},{"id":815,"name":"Córdoba","latitude":-31.4135,"longitude":-64.18105},{"id":797,"name":"Coronel Baigorria","latitude":-32.8477,"longitude":-64.36107},{"id":800,"name":"Coronel Moldes","latitude":-33.6227,"longitude":-64.59711},{"id":801,"name":"Corral de Bustos","latitude":-33.28205,"longitude":-62.18463},{"id":802,"name":"Corralito","latitude":-32.02462,"longitude":-64.19216},{"id":805,"name":"Cosquín","latitude":-31.24508,"longitude":-64.46563},{"id":806,"name":"Costa Sacate","latitude":-31.6477,"longitude":-63.75935},{"id":809,"name":"Cruz Alta","latitude":-33.00887,"longitude":-61.80746},{"id":811,"name":"Cruz del Eje","latitude":-30.72644,"longitude":-64.80387},{"id":812,"name":"Cuesta Blanca","latitude":-31.48658,"longitude":-64.5715},{"id":816,"name":"Dalmacio Vélez Sársfield","latitude":-32.61072,"longitude":-63.58038},{"id":1039,"name":"Deán Funes","latitude":-30.42036,"longitude":-64.34984},{"id":818,"name":"Del Campillo","latitude":-34.37659,"longitude":-64.49504},{"id":842,"name":"Departamento de Calamuchita","latitude":-32.25,"longitude":-64.58333},{"id":864,"name":"Departamento de Colón","latitude":-31.16667,"longitude":-64.16667},{"id":871,"name":"Departamento de Cruz del Eje","latitude":-30.75,"longitude":-65.0},{"id":896,"name":"Departamento de General Roca","latitude":-34.66667,"longitude":-64.25},{"id":897,"name":"Departamento de General San Martín","latitude":-32.5,"longitude":-63.33333},{"id":914,"name":"Departamento de Juárez Celman","latitude":-33.33333,"longitude":-63.66667},{"id":939,"name":"Departamento de Marcos Juárez","latitude":-33.0,"longitude":-62.25},{"id":943,"name":"Departamento de Minas","latitude":-31.0,"longitude":-65.33333},{"id":961,"name":"Departamento de Presidente Roque Sáenz Peña","latitude":-34.25,"longitude":-63.5},{"id":974,"name":"Departamento de Río Cuarto","latitude":-33.33333,"longitude":-64.5},{"id":976,"name":"Departamento de Río Primero","latitude":-31.08333,"longitude":-63.5},{"id":977,"name":"Departamento de Río Seco","latitude":-30.08333,"longitude":-63.0},{"id":978,"name":"Departamento de Río Segundo","latitude":-31.75,"longitude":-63.5},{"id":981,"name":"Departamento de San Alberto","latitude":-31.75,"longitude":-65.25},{"id":990,"name":"Departamento de San Javier","latitude":-32.08333,"longitude":-65.16667},{"id":991,"name":"Departamento de San Justo","latitude":-31.33333,"longitude":-62.66667},{"id":1016,"name":"Departamento de Sobremonte","latitude":-29.66667,"longitude":-64.08333},{"id":1022,"name":"Departamento de Totoral","latitude":-30.83333,"longitude":-63.91667},{"id":1024,"name":"Departamento de Tulumba","latitude":-30.25,"longitude":-63.91667},{"id":1029,"name":"Departamento de Unión","latitude":-32.83333,"longitude":-62.75},{"id":1037,"name":"Despeñaderos","latitude":-31.81626,"longitude":-64.28989},{"id":1038,"name":"Devoto","latitude":-31.40431,"longitude":-62.30634},{"id":1049,"name":"El Arañado","latitude":-31.7412,"longitude":-62.89322},{"id":1063,"name":"El Tío","latitude":-31.38357,"longitude":-62.82938},{"id":1064,"name":"Elena","latitude":-32.57205,"longitude":-64.39481},{"id":1066,"name":"Embalse","latitude":-32.18,"longitude":-64.41809},{"id":1073,"name":"Etruria","latitude":-32.94008,"longitude":-63.2466},{"id":1096,"name":"General Baldissera","latitude":-33.12246,"longitude":-62.3063},{"id":1097,"name":"General Cabrera","latitude":-32.81313,"longitude":-63.87243},{"id":1106,"name":"General Levalle","latitude":-34.01472,"longitude":-63.92413},{"id":1111,"name":"General Roca","latitude":-32.73196,"longitude":-61.91599},{"id":1129,"name":"Guatimozín","latitude":-33.46149,"longitude":-62.43844},{"id":1136,"name":"Hernando","latitude":-32.42657,"longitude":-63.73333},{"id":1143,"name":"Huanchillas","latitude":-33.66653,"longitude":-63.63701},{"id":1144,"name":"Huerta Grande","latitude":-31.07524,"longitude":-64.49063},{"id":1146,"name":"Huinca Renancó","latitude":-34.84038,"longitude":-64.3758},{"id":1150,"name":"Idiazábal","latitude":-32.81411,"longitude":-63.03252},{"id":1156,"name":"Inriville","latitude":-32.94424,"longitude":-62.23028},{"id":1159,"name":"Isla Verde","latitude":-33.24104,"longitude":-62.40297},{"id":1160,"name":"Italó","latitude":-34.79237,"longitude":-63.78199},{"id":1165,"name":"James Craik","latitude":-32.1612,"longitude":-63.46688},{"id":1167,"name":"Jesús María","latitude":-30.98153,"longitude":-64.09424},{"id":1173,"name":"Justiniano Posse","latitude":-32.88411,"longitude":-62.67788},{"id":1178,"name":"La Calera","latitude":-31.34377,"longitude":-64.33529},{"id":1179,"name":"La Carlota","latitude":-33.41993,"longitude":-63.29769},{"id":1180,"name":"La Cesira","latitude":-33.95115,"longitude":-62.97238},{"id":1185,"name":"La Cumbre","latitude":-30.98201,"longitude":-64.49139},{"id":1188,"name":"La Falda","latitude":-31.08841,"longitude":-64.48987},{"id":1189,"name":"La Francia","latitude":-31.40675,"longitude":-62.63396},{"id":1190,"name":"La Granja","latitude":-31.00919,"longitude":-64.26869},{"id":1194,"name":"La Para","latitude":-30.89416,"longitude":-63.00107},{"id":1196,"name":"La Playosa","latitude":-32.10002,"longitude":-63.03088},{"id":1204,"name":"Laborde","latitude":-33.15319,"longitude":-62.85661},{"id":1205,"name":"Laboulaye","latitude":-34.12662,"longitude":-63.39119},{"id":1207,"name":"Laguna Larga","latitude":-31.77652,"longitude":-63.80104},{"id":1215,"name":"Las Acequias","latitude":-33.28155,"longitude":-63.9761},{"id":1221,"name":"Las Higueras","latitude":-33.09231,"longitude":-64.28899},{"id":1222,"name":"Las Junturas","latitude":-31.83125,"longitude":-63.45016},{"id":1228,"name":"Las Perdices","latitude":-32.69794,"longitude":-63.70634},{"id":1232,"name":"Las Varas","latitude":-31.8026,"longitude":-62.61655},{"id":1233,"name":"Las Varillas","latitude":-31.87208,"longitude":-62.71946},{"id":1234,"name":"Leones","latitude":-32.66174,"longitude":-62.29678},{"id":1246,"name":"Los Cocos","latitude":-30.92497,"longitude":-64.50207},{"id":1248,"name":"Los Cóndores","latitude":-32.31983,"longitude":-64.27751},{"id":1254,"name":"Los Surgentes","latitude":-32.98454,"longitude":-62.02191},{"id":1266,"name":"Malagueño","latitude":-31.46467,"longitude":-64.3584},{"id":1267,"name":"Malvinas Argentinas","latitude":-31.38194,"longitude":-64.05545},{"id":1269,"name":"Marcos Juárez","latitude":-32.6978,"longitude":-62.10672},{"id":1273,"name":"Marull","latitude":-30.99471,"longitude":-62.82576},{"id":1274,"name":"Mattaldi","latitude":-34.48194,"longitude":-64.17255},{"id":1277,"name":"Mendiolaza","latitude":-31.26738,"longitude":-64.30087},{"id":1282,"name":"Mina Clavero","latitude":-31.72101,"longitude":-65.00619},{"id":1283,"name":"Miramar","latitude":-30.91859,"longitude":-62.67814},{"id":1286,"name":"Monte Buey","latitude":-32.91642,"longitude":-62.45669},{"id":1288,"name":"Monte Cristo","latitude":-31.34312,"longitude":-63.94437},{"id":1289,"name":"Monte Maíz","latitude":-33.20462,"longitude":-62.60085},{"id":1292,"name":"Morrison","latitude":-32.5948,"longitude":-62.83455},{"id":1293,"name":"Morteros","latitude":-30.71164,"longitude":-61.99862},{"id":1299,"name":"Noetinger","latitude":-32.36597,"longitude":-62.31126},{"id":1305,"name":"Obispo Trejo","latitude":-30.78128,"longitude":-63.41349},{"id":1306,"name":"Oliva","latitude":-32.04158,"longitude":-63.56978},{"id":1307,"name":"Oncativo","latitude":-31.91353,"longitude":-63.68201},{"id":1308,"name":"Ordóñez","latitude":-32.84057,"longitude":-62.86552},{"id":1321,"name":"Pascanas","latitude":-33.1255,"longitude":-63.04084},{"id":1322,"name":"Pasco","latitude":-32.74733,"longitude":-63.34232},{"id":1333,"name":"Pilar","latitude":-31.6789,"longitude":-63.87964},{"id":1335,"name":"Piquillín","latitude":-31.30158,"longitude":-63.75788},{"id":1341,"name":"Porteña","latitude":-31.01391,"longitude":-62.0665},{"id":1343,"name":"Pozo del Molle","latitude":-32.0186,"longitude":-62.91984},{"id":1368,"name":"Quilino","latitude":-30.21397,"longitude":-64.50063},{"id":1388,"name":"Río Ceballos","latitude":-31.16486,"longitude":-64.32241},{"id":1390,"name":"Río Cuarto","latitude":-33.13067,"longitude":-64.34992},{"id":1395,"name":"Río Segundo","latitude":-31.6526,"longitude":-63.9099},{"id":1396,"name":"Río Tercero","latitude":-32.17301,"longitude":-64.11405},{"id":1398,"name":"Sacanta","latitude":-31.663,"longitude":-63.04505},{"id":1400,"name":"Saldán","latitude":-31.30262,"longitude":-64.307},{"id":1401,"name":"Salsacate","latitude":-31.31842,"longitude":-65.09003},{"id":1402,"name":"Salsipuedes","latitude":-31.13725,"longitude":-64.29589},{"id":1404,"name":"Sampacho","latitude":-33.3839,"longitude":-64.72211},{"id":1406,"name":"San Agustín","latitude":-31.97681,"longitude":-64.374},{"id":1410,"name":"San Antonio de Litín","latitude":-32.21377,"longitude":-62.63237},{"id":1412,"name":"San Basilio","latitude":-33.49763,"longitude":-64.31495},{"id":1415,"name":"San Carlos","latitude":-31.17761,"longitude":-65.10245},{"id":1422,"name":"San Francisco","latitude":-31.42797,"longitude":-62.08266},{"id":1424,"name":"San Francisco del Chañar","latitude":-29.7883,"longitude":-63.94411},{"id":1432,"name":"San José de la Dormida","latitude":-30.3544,"longitude":-63.94871},{"id":1457,"name":"Santa Eufemia","latitude":-33.17659,"longitude":-63.28281},{"id":1462,"name":"Santa Magdalena","latitude":-34.51776,"longitude":-63.94409},{"id":1467,"name":"Santa Rosa de Calamuchita","latitude":-32.06905,"longitude":-64.53631},{"id":1468,"name":"Santa Rosa de Río Primero","latitude":-31.15231,"longitude":-63.40191},{"id":1472,"name":"Santiago Temple","latitude":-31.38731,"longitude":-63.41821},{"id":1479,"name":"Saturnino M. Laspiur","latitude":-31.70287,"longitude":-62.48202},{"id":1481,"name":"Sebastián Elcano","latitude":-30.16105,"longitude":-63.5936},{"id":1484,"name":"Serrano","latitude":-34.46971,"longitude":-63.53842},{"id":1485,"name":"Serrezuela","latitude":-30.63761,"longitude":-65.38692},{"id":1497,"name":"Tancacha","latitude":-32.24309,"longitude":-63.9807},{"id":1502,"name":"Ticino","latitude":-32.6935,"longitude":-63.43606},{"id":1517,"name":"Tío Pujio","latitude":-32.2879,"longitude":-63.35598},{"id":1507,"name":"Toledo","latitude":-31.55574,"longitude":-64.00947},{"id":1519,"name":"Ucacha","latitude":-33.03203,"longitude":-63.50666},{"id":1521,"name":"Unquillo","latitude":-31.23073,"longitude":-64.31615},{"id":1526,"name":"Valle Hermoso","latitude":-31.11732,"longitude":-64.48084},{"id":1532,"name":"Viamonte","latitude":-33.74647,"longitude":-63.09764},{"id":1535,"name":"Vicuña Mackenna","latitude":-33.91965,"longitude":-64.39215},{"id":1537,"name":"Villa Allende","latitude":-31.29458,"longitude":-64.29538},{"id":1538,"name":"Villa Ascasubi","latitude":-32.16351,"longitude":-63.89157},{"id":1541,"name":"Villa Berna","latitude":-31.91419,"longitude":-64.73249},{"id":1544,"name":"Villa Carlos Paz","latitude":-31.42414,"longitude":-64.49778},{"id":1546,"name":"Villa Concepción del Tío","latitude":-31.32259,"longitude":-62.81354},{"id":1548,"name":"Villa Cura Brochero","latitude":-31.70578,"longitude":-65.01796},{"id":1581,"name":"Villa de Soto","latitude":-30.85523,"longitude":-64.99947},{"id":1582,"name":"Villa del Dique","latitude":-32.17667,"longitude":-64.45543},{"id":1583,"name":"Villa del Rosario","latitude":-31.5566,"longitude":-63.53452},{"id":1585,"name":"Villa del Totoral","latitude":-30.81667,"longitude":-63.71667},{"id":1549,"name":"Villa Dolores","latitude":-31.94585,"longitude":-65.18958},{"id":1552,"name":"Villa General Belgrano","latitude":-31.97828,"longitude":-64.55627},{"id":1556,"name":"Villa Giardino","latitude":-31.03333,"longitude":-64.48333},{"id":1558,"name":"Villa Huidobro","latitude":-34.83826,"longitude":-64.58686},{"id":1560,"name":"Villa Las Rosas","latitude":-31.95021,"longitude":-65.05354},{"id":1563,"name":"Villa María","latitude":-32.40751,"longitude":-63.24016},{"id":1567,"name":"Villa Nueva","latitude":-32.43293,"longitude":-63.24763},{"id":1573,"name":"Villa Reducción","latitude":-33.20105,"longitude":-63.86234},{"id":1575,"name":"Villa Rumipal","latitude":-32.1879,"longitude":-64.48027},{"id":1578,"name":"Villa Tulumba","latitude":-30.39552,"longitude":-64.12241},{"id":1580,"name":"Villa Valeria","latitude":-34.34093,"longitude":-64.9203},{"id":1591,"name":"Wenceslao Escalante","latitude":-33.17303,"longitude":-62.77078}]