[{"id":3916,"name":"Acton Park","latitude":-42.87932,"longitude":147.48459},{"id":4047,"name":"Austins Ferry","latitude":-42.76667,"longitude":147.25},{"id":4062,"name":"Bagdad","latitude":-42.62968,"longitude":147.22339},{"id":4145,"name":"Battery Point","latitude":-42.88995,"longitude":147.33324},{"id":4160,"name":"Beaconsfield","latitude":-41.20227,"longitude":146.81723},{"id":4170,"name":"Beauty Point","latitude":-41.16216,"longitude":146.82146},{"id":4200,"name":"Bellerive","latitude":-42.87551,"longitude":147.3703},{"id":4239,"name":"Berriedale","latitude":-42.81667,"longitude":147.25},{"id":4289,"name":"Blackmans Bay","latitude":-43.00311,"longitude":147.31694},{"id":4292,"name":"Blackstone Heights","latitude":-41.45977,"longitude":147.08407},{"id":4387,"name":"Break O'Day","latitude":-41.39069,"longitude":147.97477},{"id":4398,"name":"Bridgewater","latitude":-42.73719,"longitude":147.22784},{"id":4399,"name":"Bridport","latitude":-41.00046,"longitude":147.39175},{"id":4404,"name":"Brighton","latitude":-42.72673,"longitude":147.24233},{"id":4484,"name":"Burnie","latitude":-41.1965,"longitude":145.81136},{"id":4540,"name":"Cambridge","latitude":-42.83333,"longitude":147.45},{"id":4649,"name":"Central Coast","latitude":-41.26999,"longitude":146.05916},{"id":4653,"name":"Central Highlands","latitude":-42.19653,"longitude":146.63934},{"id":4689,"name":"Chigwell","latitude":-42.80912,"longitude":147.2448},{"id":4707,"name":"Circular Head","latitude":-41.01991,"longitude":145.08366},{"id":4717,"name":"Claremont","latitude":-42.78333,"longitude":147.25},{"id":4720,"name":"Clarence","latitude":-42.87369,"longitude":147.44725},{"id":4725,"name":"Clarendon Vale","latitude":-42.88988,"longitude":147.44368},{"id":4878,"name":"Cressy","latitude":-41.68561,"longitude":147.07792},{"id":4911,"name":"Currie","latitude":-39.92976,"longitude":143.85385},{"id":4917,"name":"Cygnet","latitude":-43.15333,"longitude":147.07253},{"id":4967,"name":"Deloraine","latitude":-41.52477,"longitude":146.65701},{"id":4981,"name":"Derwent Valley","latitude":-42.80383,"longitude":146.5297},{"id":4984,"name":"Devonport","latitude":-41.21296,"longitude":146.32401},{"id":4999,"name":"Dodges Ferry","latitude":-42.85315,"longitude":147.62263},{"id":5015,"name":"Dorset","latitude":-41.04789,"longitude":147.73167},{"id":5052,"name":"Dynnyrne","latitude":-42.90541,"longitude":147.31576},{"id":5073,"name":"East Devonport","latitude":-41.18792,"longitude":146.3866},{"id":5085,"name":"East Launceston","latitude":-41.43843,"longitude":147.15101},{"id":5191,"name":"Evandale","latitude":-41.56858,"longitude":147.25271},{"id":5250,"name":"Flinders","latitude":-40.03799,"longitude":148.13965},{"id":5277,"name":"Franklin","latitude":-43.08884,"longitude":147.00906},{"id":5297,"name":"Gagebrook","latitude":-42.7477,"longitude":147.26984},{"id":5319,"name":"Geeveston","latitude":-43.16337,"longitude":146.92549},{"id":5320,"name":"Geilston Bay","latitude":-42.82955,"longitude":147.3463},{"id":5324,"name":"George Town","latitude":-41.11982,"longitude":147.01731},{"id":5350,"name":"Glamorgan/Spring Bay","latitude":-42.27832,"longitude":147.96675},{"id":5385,"name":"Glenorchy","latitude":-42.83188,"longitude":147.22954},{"id":5409,"name":"Goodwood","latitude":-42.82822,"longitude":147.29301},{"id":5438,"name":"Granton","latitude":-42.75149,"longitude":147.22795},{"id":5503,"name":"Hadspen","latitude":-41.50059,"longitude":147.07359},{"id":5582,"name":"Herdsmans Cove","latitude":-42.75066,"longitude":147.26483},{"id":5609,"name":"Hillcrest","latitude":-41.06324,"longitude":145.89437},{"id":5621,"name":"Hobart","latitude":-42.87936,"longitude":147.32941},{"id":5622,"name":"Hobart city centre","latitude":-42.8828,"longitude":147.32582},{"id":5660,"name":"Howrah","latitude":-42.88728,"longitude":147.40554},{"id":5673,"name":"Huon Valley","latitude":-43.29385,"longitude":146.56555},{"id":5674,"name":"Huonville","latitude":-43.03124,"longitude":147.04813},{"id":5700,"name":"Invermay","latitude":-41.42036,"longitude":147.13358},{"id":5835,"name":"Kentish","latitude":-41.46341,"longitude":146.17726},{"id":5865,"name":"King Island","latitude":-39.87215,"longitude":143.99153},{"id":5867,"name":"Kingborough","latitude":-42.97451,"longitude":147.25113},{"id":5872,"name":"Kings Meadows","latitude":-41.47041,"longitude":147.16196},{"id":5882,"name":"Kingston","latitude":-42.97638,"longitude":147.30351},{"id":5887,"name":"Kingston Beach","latitude":-42.98021,"longitude":147.31941},{"id":5982,"name":"Latrobe","latitude":-41.21551,"longitude":146.40656},{"id":5984,"name":"Lauderdale","latitude":-42.91364,"longitude":147.48747},{"id":5985,"name":"Launceston","latitude":-41.43876,"longitude":147.13467},{"id":5986,"name":"Launceston city centre","latitude":-41.43352,"longitude":147.1378},{"id":6000,"name":"Legana","latitude":-41.36572,"longitude":147.04584},{"id":6005,"name":"Lenah Valley","latitude":-42.87146,"longitude":147.27514},{"id":6028,"name":"Lindisfarne","latitude":-42.84837,"longitude":147.36192},{"id":6064,"name":"Longford","latitude":-41.60512,"longitude":147.11887},{"id":6087,"name":"Lutana","latitude":-42.83475,"longitude":147.31152},{"id":6177,"name":"Margate","latitude":-43.02814,"longitude":147.26256},{"id":6207,"name":"Mayfield","latitude":-41.3876,"longitude":147.13052},{"id":6229,"name":"Meander Valley","latitude":-41.64952,"longitude":146.54572},{"id":6268,"name":"Miandetta","latitude":-41.1955,"longitude":146.35322},{"id":6282,"name":"Midway Point","latitude":-42.7948,"longitude":147.52883},{"id":6350,"name":"Montello","latitude":-41.05762,"longitude":145.89626},{"id":6355,"name":"Montrose","latitude":-42.82895,"longitude":147.24735},{"id":6359,"name":"Moonah","latitude":-42.84617,"longitude":147.30228},{"id":6389,"name":"Mornington","latitude":-42.86267,"longitude":147.39819},{"id":6446,"name":"Mount Nelson","latitude":-42.92073,"longitude":147.32069},{"id":6459,"name":"Mount Stuart","latitude":-42.87157,"longitude":147.30164},{"id":6467,"name":"Mowbray","latitude":-41.40243,"longitude":147.15059},{"id":6560,"name":"New Norfolk","latitude":-42.78261,"longitude":147.0587},{"id":6561,"name":"New Town","latitude":-42.85758,"longitude":147.30869},{"id":6571,"name":"Newnham","latitude":-41.38969,"longitude":147.11397},{"id":6575,"name":"Newstead","latitude":-41.44108,"longitude":147.16183},{"id":6632,"name":"North Hobart","latitude":-42.87406,"longitude":147.31597},{"id":6668,"name":"Northern Midlands","latitude":-41.87988,"longitude":147.45776},{"id":6674,"name":"Norwood","latitude":-41.4592,"longitude":147.18077},{"id":6697,"name":"Oakdowns","latitude":-42.90178,"longitude":147.45595},{"id":6715,"name":"Old Beach","latitude":-42.77758,"longitude":147.26659},{"id":6787,"name":"Park Grove","latitude":-41.05478,"longitude":145.88201},{"id":6828,"name":"Penguin","latitude":-41.12258,"longitude":146.07318},{"id":6839,"name":"Perth","latitude":-41.57231,"longitude":147.17096},{"id":6906,"name":"Port Sorell","latitude":-41.16652,"longitude":146.55283},{"id":6924,"name":"Prospect Vale","latitude":-41.481,"longitude":147.10406},{"id":6943,"name":"Queenstown","latitude":-42.0805,"longitude":145.55646},{"id":6959,"name":"Ranelagh","latitude":-43.00977,"longitude":147.03764},{"id":6970,"name":"Ravenswood","latitude":-41.41593,"longitude":147.1825},{"id":7009,"name":"Richmond","latitude":-42.73554,"longitude":147.43833},{"id":7021,"name":"Risdon Vale","latitude":-42.81242,"longitude":147.35654},{"id":7024,"name":"Riverside","latitude":-41.42105,"longitude":147.05086},{"id":7039,"name":"Rocherlea","latitude":-41.38083,"longitude":147.15738},{"id":7050,"name":"Rokeby","latitude":-42.89875,"longitude":147.44917},{"id":7053,"name":"Romaine","latitude":-41.09944,"longitude":145.89376},{"id":7070,"name":"Rosetta","latitude":-42.82105,"longitude":147.25258},{"id":7115,"name":"Saint Leonards","latitude":-41.45672,"longitude":147.19952},{"id":7134,"name":"Sandford","latitude":-42.93333,"longitude":147.5},{"id":7141,"name":"Sandy Bay","latitude":-42.89449,"longitude":147.32439},{"id":7156,"name":"Scottsdale","latitude":-41.1578,"longitude":147.51727},{"id":7185,"name":"Seven Mile Beach","latitude":-42.85863,"longitude":147.50532},{"id":7194,"name":"Shearwater","latitude":-41.15673,"longitude":146.53178},{"id":7195,"name":"Sheffield","latitude":-41.39947,"longitude":146.33897},{"id":7209,"name":"Shorewell Park","latitude":-41.0699,"longitude":145.87689},{"id":7231,"name":"Smithton","latitude":-40.84587,"longitude":145.12498},{"id":7234,"name":"Snug","latitude":-43.06669,"longitude":147.25468},{"id":7242,"name":"Somerset","latitude":-41.04065,"longitude":145.83055},{"id":7246,"name":"Sorell","latitude":-42.78908,"longitude":147.69488},{"id":7265,"name":"South Hobart","latitude":-42.89459,"longitude":147.30924},{"id":7272,"name":"South Launceston","latitude":-41.45506,"longitude":147.14556},{"id":7296,"name":"Southern Midlands","latitude":-42.41785,"longitude":147.43414},{"id":7306,"name":"Spreyton","latitude":-41.23524,"longitude":146.35108},{"id":7326,"name":"St Helens","latitude":-41.32028,"longitude":148.23889},{"id":7375,"name":"Summerhill","latitude":-41.46747,"longitude":147.12796},{"id":7441,"name":"Taroona","latitude":-42.9452,"longitude":147.3484},{"id":7446,"name":"Tasman Peninsula","latitude":-43.16245,"longitude":147.94739},{"id":7556,"name":"Tranmere","latitude":-42.92179,"longitude":147.41701},{"id":7563,"name":"Trevallyn","latitude":-41.44246,"longitude":147.10484},{"id":7583,"name":"Turners Beach","latitude":-41.1606,"longitude":146.23193},{"id":7599,"name":"Ulverstone","latitude":-41.16026,"longitude":146.18242},{"id":7606,"name":"Upper Burnie","latitude":-41.07139,"longitude":145.8996},{"id":7701,"name":"Waratah/Wynyard","latitude":-41.30709,"longitude":145.45831},{"id":7715,"name":"Warrane","latitude":-42.85546,"longitude":147.38297},{"id":7748,"name":"Waverley","latitude":-41.43602,"longitude":147.18588},{"id":7782,"name":"West Coast","latitude":-42.45246,"longitude":145.52264},{"id":7790,"name":"West Hobart","latitude":-42.87658,"longitude":147.30688},{"id":7796,"name":"West Launceston","latitude":-41.45092,"longitude":147.13114},{"id":7800,"name":"West Moonah","latitude":-42.84996,"longitude":147.28181},{"id":7807,"name":"West Tamar","latitude":-41.26441,"longitude":146.89123},{"id":7809,"name":"West Ulverstone","latitude":-41.14744,"longitude":146.1267},{"id":7818,"name":"Westbury","latitude":-41.52914,"longitude":146.83914},{"id":7975,"name":"Wynyard","latitude":-40.9897,"longitude":145.72617},{"id":8029,"name":"Youngtown","latitude":-41.48332,"longitude":147.17067}]