[{"id":10061,"name":"Abaíra","latitude":-13.32129,"longitude":-41.69759},{"id":10059,"name":"Abaré","latitude":-8.80961,"longitude":-39.27062},{"id":10069,"name":"Acajutiba","latitude":-11.60682,"longitude":-38.03594},{"id":10084,"name":"Adustina","latitude":-10.48227,"longitude":-37.98446},{"id":15659,"name":"Água Fria","latitude":-11.74762,"longitude":-38.73497},{"id":10103,"name":"Aiquara","latitude":-14.11135,"longitude":-39.87641},{"id":10113,"name":"Alagoinhas","latitude":-12.0058,"longitude":-38.36146},{"id":10118,"name":"Alcobaça","latitude":-17.46365,"longitude":-39.37401},{"id":10139,"name":"Almadina","latitude":-14.67608,"longitude":-39.69066},{"id":10211,"name":"Amargosa","latitude":-13.0497,"longitude":-39.6072},{"id":10223,"name":"Amélia Rodrigues","latitude":-12.38975,"longitude":-38.75153},{"id":10224,"name":"América Dourada","latitude":-11.4694,"longitude":-41.47335},{"id":10228,"name":"Anagé","latitude":-14.66168,"longitude":-41.14703},{"id":10242,"name":"Andaraí","latitude":-12.84167,"longitude":-41.27679},{"id":10244,"name":"Andorinha","latitude":-10.22216,"longitude":-39.86387},{"id":10253,"name":"Angical","latitude":-11.9628,"longitude":-44.7498},{"id":10258,"name":"Anguera","latitude":-12.18221,"longitude":-39.21384},{"id":10268,"name":"Antas","latitude":-10.42138,"longitude":-38.30341},{"id":10272,"name":"Antônio Cardoso","latitude":-12.38641,"longitude":-39.14549},{"id":10276,"name":"Antônio Gonçalves","latitude":-10.62282,"longitude":-40.40933},{"id":10298,"name":"Aporá","latitude":-11.75439,"longitude":-38.22784},{"id":10300,"name":"Apuarema","latitude":-13.83005,"longitude":-39.73444},{"id":10374,"name":"Araçás","latitude":-12.14681,"longitude":-38.17233},{"id":10310,"name":"Aracatu","latitude":-14.39011,"longitude":-41.36331},{"id":10311,"name":"Araci","latitude":-11.13564,"longitude":-39.07003},{"id":10330,"name":"Aramari","latitude":-12.04618,"longitude":-38.55762},{"id":10359,"name":"Arataca","latitude":-15.24607,"longitude":-39.42481},{"id":10362,"name":"Aratuípe","latitude":-13.09363,"longitude":-39.08259},{"id":10447,"name":"Aurelino Leal","latitude":-14.3631,"longitude":-39.47961},{"id":10475,"name":"Baianópolis","latitude":-12.48331,"longitude":-44.53105},{"id":10476,"name":"Baixa Grande","latitude":-11.97735,"longitude":-40.17993},{"id":10504,"name":"Banzaê","latitude":-10.61578,"longitude":-38.62688},{"id":10515,"name":"Barra","latitude":-11.08944,"longitude":-43.14167},{"id":10523,"name":"Barra da Estiva","latitude":-13.62611,"longitude":-41.32694},{"id":10533,"name":"Barra do Choça","latitude":-15.01024,"longitude":-40.66731},{"id":10538,"name":"Barra do Mendes","latitude":-12.16094,"longitude":-42.03542},{"id":10544,"name":"Barra do Rocha","latitude":-14.0751,"longitude":-39.59068},{"id":10551,"name":"Barreiras","latitude":-12.15278,"longitude":-44.99},{"id":10560,"name":"Barro Alto","latitude":-11.76083,"longitude":-41.91167},{"id":10563,"name":"Barro Preto","latitude":-14.75795,"longitude":-39.40711},{"id":10564,"name":"Barrocas","latitude":-11.6019,"longitude":-39.12267},{"id":10592,"name":"Beira Rio","latitude":-12.25438,"longitude":-42.75529},{"id":10604,"name":"Belmonte","latitude":-15.86126,"longitude":-38.87982},{"id":10606,"name":"Belo Campo","latitude":-14.87419,"longitude":-41.22671},{"id":10654,"name":"Biritinga","latitude":-11.67075,"longitude":-38.78931},{"id":10663,"name":"Boa Nova","latitude":-14.36412,"longitude":-40.22378},{"id":10676,"name":"Boa Vista do Tupim","latitude":-12.87313,"longitude":-40.62823},{"id":10703,"name":"Bom Jesus da Lapa","latitude":-13.255,"longitude":-43.41806},{"id":10705,"name":"Bom Jesus da Serra","latitude":-14.3838,"longitude":-40.53982},{"id":10735,"name":"Boninal","latitude":-12.80363,"longitude":-41.68338},{"id":10739,"name":"Bonito","latitude":-12.00488,"longitude":-41.31779},{"id":10747,"name":"Boquira","latitude":-12.82306,"longitude":-42.73056},{"id":10760,"name":"Botuporã","latitude":-13.29549,"longitude":-42.52593},{"id":10800,"name":"Brejões","latitude":-13.07059,"longitude":-39.82099},{"id":10798,"name":"Brejolândia","latitude":-12.41237,"longitude":-43.92822},{"id":10808,"name":"Brotas de Macaúbas","latitude":-12.10605,"longitude":-42.51108},{"id":10810,"name":"Brumado","latitude":-14.20361,"longitude":-41.66528},{"id":10817,"name":"Buerarema","latitude":-14.95944,"longitude":-39.29972},{"id":10832,"name":"Buritirama","latitude":-10.57081,"longitude":-43.68863},{"id":10844,"name":"Caatiba","latitude":-14.9761,"longitude":-40.39048},{"id":10846,"name":"Cabaceiras do Paraguaçu","latitude":-12.55423,"longitude":-39.19596},{"id":10861,"name":"Cachoeira","latitude":-12.60139,"longitude":-38.96576},{"id":10887,"name":"Caculé","latitude":-14.38829,"longitude":-42.41516},{"id":11225,"name":"Caém","latitude":-11.14182,"longitude":-40.29142},{"id":10888,"name":"Caetanos","latitude":-14.29234,"longitude":-41.01004},{"id":10890,"name":"Caetité","latitude":-13.97883,"longitude":-42.49334},{"id":10893,"name":"Cafarnaum","latitude":-11.69361,"longitude":-41.46833},{"id":10905,"name":"Cairu","latitude":-13.52662,"longitude":-38.94814},{"id":10927,"name":"Caldeirão Grande","latitude":-11.04347,"longitude":-40.29515},{"id":10934,"name":"Camacan","latitude":-15.42769,"longitude":-39.50818},{"id":10943,"name":"Camaçari","latitude":-12.6975,"longitude":-38.32417},{"id":10937,"name":"Camamu","latitude":-13.94472,"longitude":-39.10389},{"id":10979,"name":"Campo Alegre de Lourdes","latitude":-9.50097,"longitude":-42.98275},{"id":10988,"name":"Campo Formoso","latitude":-10.5075,"longitude":-40.32139},{"id":11060,"name":"Canápolis","latitude":-13.12516,"longitude":-44.25095},{"id":11025,"name":"Canarana","latitude":-11.68472,"longitude":-41.76889},{"id":11029,"name":"Canavieiras","latitude":-15.675,"longitude":-38.94722},{"id":11032,"name":"Candeal","latitude":-11.89504,"longitude":-39.2039},{"id":11033,"name":"Candeias","latitude":-12.65569,"longitude":-38.487},{"id":11037,"name":"Candiba","latitude":-14.46972,"longitude":-42.87386},{"id":11549,"name":"Cândido Sales","latitude":-15.46082,"longitude":-41.16353},{"id":11051,"name":"Cansanção","latitude":-10.73105,"longitude":-39.47418},{"id":11057,"name":"Canudos","latitude":-9.87981,"longitude":-39.14723},{"id":11070,"name":"Capela do Alto Alegre","latitude":-11.61838,"longitude":-39.83227},{"id":11075,"name":"Capim Grosso","latitude":-11.38111,"longitude":-40.01278},{"id":11116,"name":"Caraíbas","latitude":-14.60631,"longitude":-41.25763},{"id":11112,"name":"Caravelas","latitude":-17.65842,"longitude":-39.35989},{"id":11121,"name":"Cardeal da Silva","latitude":-11.99798,"longitude":-37.92468},{"id":11131,"name":"Carinhanha","latitude":-14.30472,"longitude":-43.765},{"id":11173,"name":"Casa Nova","latitude":-9.10439,"longitude":-41.15736},{"id":11192,"name":"Castro Alves","latitude":-12.74937,"longitude":-39.37691},{"id":11204,"name":"Catolândia","latitude":-12.29613,"longitude":-44.67528},{"id":11206,"name":"Catu","latitude":-12.35306,"longitude":-38.37889},{"id":11209,"name":"Caturama","latitude":-13.18601,"longitude":-42.3025},{"id":11238,"name":"Central","latitude":-11.15424,"longitude":-42.08146},{"id":11280,"name":"Chorrochó","latitude":-9.3055,"longitude":-39.15652},{"id":11552,"name":"Cícero Dantas","latitude":-10.6,"longitude":-38.38333},{"id":11295,"name":"Cipó","latitude":-11.09972,"longitude":-38.51361},{"id":11303,"name":"Coaraci","latitude":-14.64083,"longitude":-39.55111},{"id":11312,"name":"Cocos","latitude":-14.59438,"longitude":-45.2796},{"id":11348,"name":"Conceição da Feira","latitude":-12.50583,"longitude":-38.99861},{"id":11353,"name":"Conceição do Almeida","latitude":-12.77944,"longitude":-39.17},{"id":11357,"name":"Conceição do Coité","latitude":-11.56389,"longitude":-39.28278},{"id":11358,"name":"Conceição do Jacuípe","latitude":-12.31667,"longitude":-38.76667},{"id":11372,"name":"Conde","latitude":-11.81361,"longitude":-37.61056},{"id":11373,"name":"Condeúba","latitude":-14.93275,"longitude":-42.00693},{"id":11391,"name":"Contendas do Sincorá","latitude":-13.79599,"longitude":-41.05002},{"id":11397,"name":"Coração de Maria","latitude":-12.23333,"longitude":-38.75},{"id":11400,"name":"Cordeiros","latitude":-14.99846,"longitude":-41.89749},{"id":11408,"name":"Coribe","latitude":-13.72337,"longitude":-44.43538},{"id":11423,"name":"Coronel João Sá","latitude":-10.38878,"longitude":-37.94281},{"id":11436,"name":"Correntina","latitude":-13.34333,"longitude":-44.63667},{"id":11451,"name":"Cotegipe","latitude":-11.58844,"longitude":-44.17},{"id":11463,"name":"Cravolândia","latitude":-13.47018,"longitude":-39.75493},{"id":11482,"name":"Crisópolis","latitude":-11.45532,"longitude":-38.13933},{"id":11480,"name":"Cristópolis","latitude":-12.21789,"longitude":-44.24987},{"id":11491,"name":"Cruz das Almas","latitude":-12.67,"longitude":-39.10194},{"id":11521,"name":"Curaçá","latitude":-8.99028,"longitude":-39.90944},{"id":11671,"name":"Dário Meira","latitude":-14.4234,"longitude":-39.95935},{"id":11591,"name":"Dias d'Ávila","latitude":-12.60625,"longitude":-38.33717},{"id":11623,"name":"Dom Basílio","latitude":-13.79717,"longitude":-41.70877},{"id":11631,"name":"Dom Macedo Costa","latitude":-12.93379,"longitude":-39.14621},{"id":11685,"name":"Elísio Medrado","latitude":-12.95431,"longitude":-39.50579},{"id":11696,"name":"Encruzilhada","latitude":-15.56839,"longitude":-40.90789},{"id":11705,"name":"Entre Rios","latitude":-11.94194,"longitude":-38.08444},{"id":15682,"name":"Érico Cardoso","latitude":-13.43695,"longitude":-42.10325},{"id":11737,"name":"Esplanada","latitude":-11.79611,"longitude":-37.945},{"id":11759,"name":"Euclides da Cunha","latitude":-10.5075,"longitude":-39.01583},{"id":11763,"name":"Eunápolis","latitude":-16.3775,"longitude":-39.58028},{"id":11907,"name":"Fátima","latitude":-10.546,"longitude":-38.22367},{"id":11793,"name":"Feira da Mata","latitude":-14.13203,"longitude":-44.25281},{"id":11794,"name":"Feira de Santana","latitude":-12.26667,"longitude":-38.96667},{"id":11821,"name":"Filadélfia","latitude":-10.76635,"longitude":-40.20555},{"id":11822,"name":"Firmino Alves","latitude":-14.9136,"longitude":-39.91192},{"id":11836,"name":"Floresta Azul","latitude":-14.8445,"longitude":-39.75503},{"id":11855,"name":"Formosa do Rio Preto","latitude":-11.04833,"longitude":-45.19306},{"id":11918,"name":"Gandu","latitude":-13.74389,"longitude":-39.48667},{"id":11930,"name":"Gavião","latitude":-11.48891,"longitude":-39.77412},{"id":11941,"name":"Gentio do Ouro","latitude":-11.36279,"longitude":-42.54827},{"id":11950,"name":"Glória","latitude":-9.11097,"longitude":-38.40655},{"id":11972,"name":"Gongogi","latitude":-14.29995,"longitude":-39.60138},{"id":11987,"name":"Governador Mangabeira","latitude":-12.57719,"longitude":-39.03115},{"id":12021,"name":"Guajeru","latitude":-14.57881,"longitude":-42.03986},{"id":12024,"name":"Guanambi","latitude":-14.22333,"longitude":-42.78139},{"id":12057,"name":"Guaratinga","latitude":-16.58564,"longitude":-39.78189},{"id":12095,"name":"Heliópolis","latitude":-10.72863,"longitude":-38.2549},{"id":12119,"name":"Iaçu","latitude":-12.76722,"longitude":-40.21167},{"id":12131,"name":"Ibiassucê","latitude":-14.20285,"longitude":-42.30214},{"id":12134,"name":"Ibicaraí","latitude":-14.865,"longitude":-39.5875},{"id":12136,"name":"Ibicoara","latitude":-13.37664,"longitude":-41.34081},{"id":12138,"name":"Ibicuí","latitude":-14.84167,"longitude":-39.98667},{"id":12140,"name":"Ibipeba","latitude":-11.64083,"longitude":-42.01111},{"id":12141,"name":"Ibipitanga","latitude":-12.88655,"longitude":-42.37115},{"id":12143,"name":"Ibiquera","latitude":-12.57265,"longitude":-40.84158},{"id":12149,"name":"Ibirapitanga","latitude":-14.16417,"longitude":-39.37361},{"id":12151,"name":"Ibirapuã","latitude":-17.75567,"longitude":-39.97365},{"id":12153,"name":"Ibirataia","latitude":-14.06694,"longitude":-39.64056},{"id":12158,"name":"Ibitiara","latitude":-12.56582,"longitude":-42.3899},{"id":12161,"name":"Ibititá","latitude":-11.69354,"longitude":-41.84148},{"id":12166,"name":"Ibotirama","latitude":-12.18528,"longitude":-43.22056},{"id":12171,"name":"Ichu","latitude":-11.70344,"longitude":-39.18722},{"id":12178,"name":"Igaporã","latitude":-13.89064,"longitude":-42.76046},{"id":12192,"name":"Igrapiúna","latitude":-13.85607,"longitude":-39.19363},{"id":12203,"name":"Iguaí","latitude":-14.75639,"longitude":-40.08917},{"id":12214,"name":"Ilhéus","latitude":-14.79364,"longitude":-39.03949},{"id":12247,"name":"Inhambupe","latitude":-11.78444,"longitude":-38.35306},{"id":12268,"name":"Ipecaetá","latitude":-12.33777,"longitude":-39.32835},{"id":12272,"name":"Ipiaú","latitude":-14.13449,"longitude":-39.73948},{"id":12280,"name":"Ipirá","latitude":-12.15833,"longitude":-39.73722},{"id":12297,"name":"Ipupiara","latitude":-11.76946,"longitude":-42.43301},{"id":12304,"name":"Irajuba","latitude":-13.17999,"longitude":-39.9953},{"id":12305,"name":"Iramaia","latitude":-13.54627,"longitude":-40.82834},{"id":12310,"name":"Iraquara","latitude":-12.28624,"longitude":-41.59153},{"id":12311,"name":"Irará","latitude":-12.05,"longitude":-38.76667},{"id":12317,"name":"Irecê","latitude":-11.30417,"longitude":-41.85583},{"id":12328,"name":"Itabela","latitude":-16.71635,"longitude":-39.57325},{"id":12329,"name":"Itaberaba","latitude":-12.5275,"longitude":-40.30694},{"id":12337,"name":"Itabuna","latitude":-14.78556,"longitude":-39.28028},{"id":12341,"name":"Itacaré","latitude":-14.2789,"longitude":-38.99584},{"id":12346,"name":"Itaeté","latitude":-13.08598,"longitude":-41.02566},{"id":12347,"name":"Itagi","latitude":-14.16278,"longitude":-40.00611},{"id":12348,"name":"Itagibá","latitude":-14.28361,"longitude":-39.84278},{"id":12349,"name":"Itagimirim","latitude":-16.13473,"longitude":-39.81646},{"id":12356,"name":"Itaguaçu da Bahia","latitude":-10.64259,"longitude":-42.21083},{"id":12369,"name":"Itaju do Colônia","latitude":-15.15505,"longitude":-39.71598},{"id":12371,"name":"Itajuípe","latitude":-14.67806,"longitude":-39.375},{"id":12376,"name":"Itamaraju","latitude":-17.03917,"longitude":-39.53111},{"id":12380,"name":"Itamari","latitude":-13.7859,"longitude":-39.68416},{"id":12383,"name":"Itambé","latitude":-15.245,"longitude":-40.62444},{"id":12389,"name":"Itanagra","latitude":-12.30982,"longitude":-38.11328},{"id":12394,"name":"Itanhém","latitude":-17.16639,"longitude":-40.33},{"id":12402,"name":"Itaparica","latitude":-12.90598,"longitude":-38.66383},{"id":12441,"name":"Itapé","latitude":-14.91851,"longitude":-39.48637},{"id":12403,"name":"Itapebi","latitude":-15.88751,"longitude":-39.68792},{"id":12413,"name":"Itapetinga","latitude":-15.24889,"longitude":-40.24778},{"id":12418,"name":"Itapicuru","latitude":-11.31667,"longitude":-38.23333},{"id":12427,"name":"Itapitanga","latitude":-14.46369,"longitude":-39.62565},{"id":12443,"name":"Itaquara","latitude":-13.4472,"longitude":-39.9103},{"id":12448,"name":"Itarantim","latitude":-15.65972,"longitude":-40.06556},{"id":12458,"name":"Itatim","latitude":-12.62835,"longitude":-39.68234},{"id":12478,"name":"Itiruçu","latitude":-13.53167,"longitude":-40.15028},{"id":12479,"name":"Itiúba","latitude":-10.79357,"longitude":-39.80381},{"id":12481,"name":"Itororó","latitude":-15.11694,"longitude":-40.07028},{"id":12483,"name":"Ituaçu","latitude":-13.81333,"longitude":-41.29667},{"id":12484,"name":"Ituberá","latitude":-13.73538,"longitude":-39.14785},{"id":12497,"name":"Iuiu","latitude":-14.65015,"longitude":-43.6487},{"id":12510,"name":"Jaborandi","latitude":-14.0385,"longitude":-45.18408},{"id":12517,"name":"Jacaraci","latitude":-14.83523,"longitude":-42.40112},{"id":12527,"name":"Jacobina","latitude":-11.18143,"longitude":-40.51372},{"id":12537,"name":"Jaguaquara","latitude":-13.53056,"longitude":-39.97083},{"id":12538,"name":"Jaguarari","latitude":-10.26389,"longitude":-40.19583},{"id":12545,"name":"Jaguaripe","latitude":-13.12834,"longitude":-39.01339},{"id":12559,"name":"Jandaíra","latitude":-11.61099,"longitude":-37.61845},{"id":12619,"name":"Jequié","latitude":-13.85875,"longitude":-40.08512},{"id":12620,"name":"Jeremoabo","latitude":-9.92088,"longitude":-38.72629},{"id":12632,"name":"Jiquiriçá","latitude":-13.31081,"longitude":-39.58091},{"id":12633,"name":"Jitaúna","latitude":-14.01274,"longitude":-39.89833},{"id":12661,"name":"João Dourado","latitude":-11.14883,"longitude":-41.40438},{"id":12673,"name":"Juazeiro","latitude":-9.39679,"longitude":-40.23381},{"id":12678,"name":"Jucuruçu","latitude":-16.84832,"longitude":-40.08414},{"id":12705,"name":"Jussara","latitude":-10.96408,"longitude":-41.85572},{"id":12708,"name":"Jussari","latitude":-15.15451,"longitude":-39.51559},{"id":12709,"name":"Jussiape","latitude":-13.4881,"longitude":-41.62335},{"id":12724,"name":"Lafaiete Coutinho","latitude":-13.62029,"longitude":-40.20444},{"id":12742,"name":"Lagoa Real","latitude":-14.10985,"longitude":-42.21697},{"id":12773,"name":"Laje","latitude":-10.18708,"longitude":-40.97076},{"id":12783,"name":"Lajedão","latitude":-17.57112,"longitude":-40.31123},{"id":12780,"name":"Lajedinho","latitude":-12.42698,"longitude":-41.15097},{"id":12782,"name":"Lajedo do Tabocal","latitude":-13.37125,"longitude":-40.23004},{"id":12787,"name":"Lamarão","latitude":-11.77625,"longitude":-38.90341},{"id":12793,"name":"Lapão","latitude":-11.38333,"longitude":-41.83194},{"id":12806,"name":"Lauro de Freitas","latitude":-12.89444,"longitude":-38.32722},{"id":12817,"name":"Lençóis","latitude":-12.47259,"longitude":-41.30815},{"id":12825,"name":"Licínio de Almeida","latitude":-14.70644,"longitude":-42.50442},{"id":12843,"name":"Livramento de Nossa Senhora","latitude":-13.8068,"longitude":-41.99709},{"id":12844,"name":"Livramento do Brumado","latitude":-13.65145,"longitude":-41.84564},{"id":12881,"name":"Luís Eduardo Magalhães","latitude":-12.23208,"longitude":-46.1146},{"id":12884,"name":"Macajuba","latitude":-12.14371,"longitude":-40.30199},{"id":12888,"name":"Macarani","latitude":-15.557,"longitude":-40.39049},{"id":12894,"name":"Macaúbas","latitude":-13.01944,"longitude":-42.69861},{"id":12904,"name":"Macururé","latitude":-9.28091,"longitude":-38.91463},{"id":12907,"name":"Madre de Deus","latitude":-12.74083,"longitude":-38.62083},{"id":12909,"name":"Maetinga","latitude":-14.6653,"longitude":-41.49055},{"id":12915,"name":"Maiquinique","latitude":-15.69897,"longitude":-40.26411},{"id":12916,"name":"Mairi","latitude":-11.71139,"longitude":-40.14889},{"id":12925,"name":"Malhada","latitude":-14.19145,"longitude":-43.63151},{"id":12926,"name":"Malhada de Pedras","latitude":-14.27766,"longitude":-41.89207},{"id":12956,"name":"Manoel Vitorino","latitude":-14.00487,"longitude":-40.48008},{"id":12957,"name":"Mansidão","latitude":-11.2078,"longitude":-44.14109},{"id":12972,"name":"Maracás","latitude":-13.44111,"longitude":-40.43083},{"id":12974,"name":"Maragogipe","latitude":-12.77778,"longitude":-38.91944},{"id":12989,"name":"Maraú","latitude":-14.10395,"longitude":-39.0149},{"id":12994,"name":"Marcionílio Souza","latitude":-13.11581,"longitude":-40.62915},{"id":13040,"name":"Mascote","latitude":-15.56306,"longitude":-39.3025},{"id":13049,"name":"Mata de São João","latitude":-12.53028,"longitude":-38.29917},{"id":13059,"name":"Matina","latitude":-13.89342,"longitude":-42.98279},{"id":13091,"name":"Medeiros Neto","latitude":-17.37389,"longitude":-40.22056},{"id":13110,"name":"Miguel Calmon","latitude":-11.42889,"longitude":-40.595},{"id":13115,"name":"Milagres","latitude":-12.95591,"longitude":-39.81783},{"id":13143,"name":"Mirangaba","latitude":-10.80362,"longitude":-40.67056},{"id":13145,"name":"Mirante","latitude":-14.18613,"longitude":-40.7831},{"id":13208,"name":"Monte Santo","latitude":-10.43778,"longitude":-39.33278},{"id":13234,"name":"Morpará","latitude":-11.75265,"longitude":-43.09133},{"id":13248,"name":"Morro do Chapéu","latitude":-11.54852,"longitude":-41.15804},{"id":13252,"name":"Mortugaba","latitude":-14.9848,"longitude":-42.40555},{"id":13261,"name":"Mucugê","latitude":-13.14869,"longitude":-41.51742},{"id":13262,"name":"Mucuri","latitude":-18.08639,"longitude":-39.55083},{"id":13268,"name":"Mulungu do Morro","latitude":-12.00797,"longitude":-41.42582},{"id":13269,"name":"Mundo Novo","latitude":-11.85889,"longitude":-40.4725},{"id":13274,"name":"Muniz Ferreira","latitude":-13.00146,"longitude":-39.10601},{"id":13277,"name":"Muquém do São Francisco","latitude":-12.19886,"longitude":-43.51311},{"id":13283,"name":"Muritiba","latitude":-12.91667,"longitude":-39.25},{"id":13287,"name":"Mutuípe","latitude":-13.22861,"longitude":-39.50472},{"id":13311,"name":"Nazaré","latitude":-12.95002,"longitude":-38.97869},{"id":13324,"name":"Nilo Peçanha","latitude":-13.64812,"longitude":-39.23876},{"id":13334,"name":"Nordestina","latitude":-10.89685,"longitude":-39.45141},{"id":13363,"name":"Nova Canaã","latitude":-14.84621,"longitude":-40.17826},{"id":13381,"name":"Nova Fátima","latitude":-11.56608,"longitude":-39.58609},{"id":13388,"name":"Nova Ibiá","latitude":-13.8623,"longitude":-39.58877},{"id":13395,"name":"Nova Itarana","latitude":-13.04028,"longitude":-40.00784},{"id":13425,"name":"Nova Redenção","latitude":-12.87403,"longitude":-41.12335},{"id":13437,"name":"Nova Soure","latitude":-11.23333,"longitude":-38.48333},{"id":13447,"name":"Nova Viçosa","latitude":-17.89194,"longitude":-39.37194},{"id":13461,"name":"Novo Horizonte","latitude":-12.87886,"longitude":-42.13834},{"id":13481,"name":"Novo Triunfo","latitude":-10.34787,"longitude":-38.40211},{"id":13504,"name":"Olindina","latitude":-11.36667,"longitude":-38.33333},{"id":13509,"name":"Oliveira dos Brejinhos","latitude":-12.31694,"longitude":-42.89611},{"id":13536,"name":"Ouriçangas","latitude":-12.00343,"longitude":-38.65208},{"id":13551,"name":"Ourolândia","latitude":-10.83804,"longitude":-41.02839},{"id":13588,"name":"Palmas de Monte Alto","latitude":-14.26722,"longitude":-43.16194},{"id":13597,"name":"Palmeiras","latitude":-12.51485,"longitude":-41.57707},{"id":13634,"name":"Paramirim","latitude":-13.4425,"longitude":-42.23889},{"id":13653,"name":"Paratinga","latitude":-12.69056,"longitude":-43.18417},{"id":13673,"name":"Paripiranga","latitude":-10.6875,"longitude":-37.86167},{"id":13714,"name":"Pau Brasil","latitude":-15.46417,"longitude":-39.65111},{"id":13731,"name":"Paulo Afonso","latitude":-9.55234,"longitude":-38.16905},{"id":14120,"name":"Pé de Serra","latitude":-11.88974,"longitude":-39.61937},{"id":13786,"name":"Pedrão","latitude":-12.13311,"longitude":-38.60621},{"id":13773,"name":"Pedro Alexandre","latitude":-9.97693,"longitude":-37.91489},{"id":13825,"name":"Piatã","latitude":-13.12099,"longitude":-41.89093},{"id":13840,"name":"Pilão Arcado","latitude":-10.00201,"longitude":-43.39371},{"id":13851,"name":"Pindaí","latitude":-14.52319,"longitude":-42.67822},{"id":13853,"name":"Pindobaçu","latitude":-10.74167,"longitude":-40.36083},{"id":13875,"name":"Pintadas","latitude":-11.92312,"longitude":-39.97782},{"id":13911,"name":"Piraí do Norte","latitude":-13.84971,"longitude":-39.39208},{"id":13918,"name":"Piripá","latitude":-14.92617,"longitude":-41.75304},{"id":13919,"name":"Piritiba","latitude":-11.73028,"longitude":-40.55528},{"id":13936,"name":"Planaltino","latitude":-13.27349,"longitude":-40.22316},{"id":13937,"name":"Planalto","latitude":-14.72862,"longitude":-40.38025},{"id":14056,"name":"Poções","latitude":-14.52972,"longitude":-40.36528},{"id":13949,"name":"Pojuca","latitude":-12.36588,"longitude":-38.24332},{"id":13977,"name":"Ponto Novo","latitude":-10.86278,"longitude":-40.13361},{"id":14017,"name":"Porto Seguro","latitude":-16.44972,"longitude":-39.06472},{"id":14031,"name":"Posto da Mata","latitude":-17.88828,"longitude":-39.85593},{"id":14034,"name":"Potiraguá","latitude":-15.70117,"longitude":-39.76689},{"id":14059,"name":"Prado","latitude":-17.31655,"longitude":-39.23355},{"id":14080,"name":"Presidente Dutra","latitude":-11.29503,"longitude":-41.98563},{"id":14086,"name":"Presidente Jânio Quadros","latitude":-14.82942,"longitude":-41.78616},{"id":14097,"name":"Presidente Tancredo Neves","latitude":-13.46145,"longitude":-39.42126},{"id":14139,"name":"Queimadas","latitude":-10.97833,"longitude":-39.62639},{"id":14148,"name":"Quijingue","latitude":-10.7525,"longitude":-39.20917},{"id":14160,"name":"Quixabeira","latitude":-11.41345,"longitude":-40.13302},{"id":14167,"name":"Rafael Jambeiro","latitude":-12.50087,"longitude":-39.50915},{"id":14193,"name":"Remanso","latitude":-9.54115,"longitude":-42.36956},{"id":14207,"name":"Retirolândia","latitude":-11.47733,"longitude":-39.40649},{"id":14222,"name":"Riachão das Neves","latitude":-11.74611,"longitude":-44.91},{"id":14225,"name":"Riachão do Jacuípe","latitude":-11.80694,"longitude":-39.38556},{"id":14213,"name":"Riacho de Santana","latitude":-13.60917,"longitude":-42.93889},{"id":14232,"name":"Ribeira do Amparo","latitude":-11.00558,"longitude":-38.38732},{"id":14234,"name":"Ribeira do Pombal","latitude":-10.83444,"longitude":-38.53583},{"id":14248,"name":"Ribeirão do Largo","latitude":-15.38558,"longitude":-40.65886},{"id":14308,"name":"Rio de Contas","latitude":-13.62169,"longitude":-41.68702},{"id":14310,"name":"Rio do Antônio","latitude":-14.22674,"longitude":-42.16613},{"id":14314,"name":"Rio do Pires","latitude":-13.11134,"longitude":-42.17747},{"id":14295,"name":"Rio Real","latitude":-11.48472,"longitude":-37.93278},{"id":14331,"name":"Rodelas","latitude":-9.21767,"longitude":-38.64607},{"id":14364,"name":"Ruy Barbosa","latitude":-12.28389,"longitude":-40.49389},{"id":14388,"name":"Salinas da Margarida","latitude":-12.90667,"longitude":-38.78043},{"id":14404,"name":"Salvador","latitude":-12.97111,"longitude":-38.51083},{"id":14422,"name":"Santa Bárbara","latitude":-11.9177,"longitude":-38.99206},{"id":14421,"name":"Santa Brígida","latitude":-9.67904,"longitude":-38.11371},{"id":14441,"name":"Santa Cruz Cabrália","latitude":-16.27806,"longitude":-39.02472},{"id":14445,"name":"Santa Cruz da Vitória","latitude":-14.90311,"longitude":-39.79148},{"id":14476,"name":"Santa Inês","latitude":-13.29222,"longitude":-39.81889},{"id":14492,"name":"Santa Luzia","latitude":-15.46388,"longitude":-39.27671},{"id":14507,"name":"Santa Maria da Vitória","latitude":-13.38814,"longitude":-44.19868},{"id":14528,"name":"Santa Rita de Cássia","latitude":-11.02715,"longitude":-44.59582},{"id":14557,"name":"Santa Terezinha","latitude":-12.6712,"longitude":-39.55082},{"id":14567,"name":"Santaluz","latitude":-11.25583,"longitude":-39.37472},{"id":14569,"name":"Santana","latitude":-14.46667,"longitude":-41.8},{"id":14597,"name":"Santanópolis","latitude":-12.02416,"longitude":-38.88007},{"id":14603,"name":"Santo Amaro","latitude":-12.54667,"longitude":-38.71194},{"id":14617,"name":"Santo Antônio de Jesus","latitude":-12.96889,"longitude":-39.26139},{"id":14646,"name":"Santo Estêvão","latitude":-12.43028,"longitude":-39.25139},{"id":14860,"name":"São Desidério","latitude":-12.36333,"longitude":-44.97333},{"id":14863,"name":"São Domingos","latitude":-11.48464,"longitude":-39.59916},{"id":14875,"name":"São Felipe","latitude":-14.8386,"longitude":-41.39174},{"id":14899,"name":"São Félix","latitude":-12.67807,"longitude":-38.99979},{"id":14903,"name":"São Félix do Coribe","latitude":-13.41471,"longitude":-43.98138},{"id":14891,"name":"São Francisco do Conde","latitude":-12.64556,"longitude":-38.63335},{"id":14907,"name":"São Gabriel","latitude":-10.95576,"longitude":-41.55411},{"id":14926,"name":"São Gonçalo dos Campos","latitude":-12.43333,"longitude":-38.96667},{"id":14949,"name":"São José da Vitória","latitude":-15.07185,"longitude":-39.35016},{"id":14976,"name":"São José do Jacuípe","latitude":-11.46833,"longitude":-39.90377},{"id":15082,"name":"São Miguel das Matas","latitude":-13.04308,"longitude":-39.43403},{"id":15149,"name":"São Sebastião do Passé","latitude":-12.5125,"longitude":-38.49528},{"id":14656,"name":"Sapeaçu","latitude":-12.772,"longitude":-39.23848},{"id":14830,"name":"Sátiro Dias","latitude":-11.63166,"longitude":-38.48886},{"id":14675,"name":"Saubara","latitude":-12.7375,"longitude":-38.76861},{"id":14678,"name":"Saúde","latitude":-10.84463,"longitude":-40.3751},{"id":14680,"name":"Seabra","latitude":-12.41713,"longitude":-41.77049},{"id":14684,"name":"Sebastião Laranjeiras","latitude":-14.56848,"longitude":-43.13729},{"id":14710,"name":"Senhor do Bonfim","latitude":-10.46139,"longitude":-40.18944},{"id":14715,"name":"Sento Sé","latitude":-10.21251,"longitude":-41.57947},{"id":14740,"name":"Serra do Ramalho","latitude":-13.41101,"longitude":-43.77849},{"id":14727,"name":"Serra Dourada","latitude":-12.91499,"longitude":-43.796},{"id":14732,"name":"Serra Preta","latitude":-12.06913,"longitude":-39.3005},{"id":14751,"name":"Serrinha","latitude":-11.66417,"longitude":-39.0075},{"id":14756,"name":"Serrolândia","latitude":-11.54018,"longitude":-40.24783},{"id":14789,"name":"Simões Filho","latitude":-12.78444,"longitude":-38.40389},{"id":15180,"name":"Sítio do Mato","latitude":-13.00385,"longitude":-43.54537},{"id":15181,"name":"Sítio do Quinto","latitude":-10.34321,"longitude":-38.07346},{"id":14795,"name":"Sobradinho","latitude":-12.83333,"longitude":-39.1},{"id":14816,"name":"Souto Soares","latitude":-11.94603,"longitude":-41.94815},{"id":15188,"name":"Tabocas do Brejo Velho","latitude":-12.36943,"longitude":-44.08362},{"id":15219,"name":"Tanhaçu","latitude":-14.0701,"longitude":-41.13506},{"id":15220,"name":"Tanque Novo","latitude":-13.58365,"longitude":-42.54311},{"id":15223,"name":"Tanquinho","latitude":-11.95674,"longitude":-39.09608},{"id":15231,"name":"Taperoá","latitude":-13.56959,"longitude":-39.2202},{"id":15235,"name":"Tapiramutá","latitude":-11.84722,"longitude":-40.79139},{"id":15267,"name":"Teixeira de Freitas","latitude":-17.42402,"longitude":-39.78697},{"id":15278,"name":"Teodoro Sampaio","latitude":-12.26547,"longitude":-38.61211},{"id":15280,"name":"Teofilândia","latitude":-11.53412,"longitude":-38.94519},{"id":15281,"name":"Teolândia","latitude":-13.57031,"longitude":-39.46492},{"id":15292,"name":"Terra Nova","latitude":-12.38537,"longitude":-38.61874},{"id":15353,"name":"Tremedal","latitude":-14.9008,"longitude":-41.32339},{"id":15386,"name":"Tucano","latitude":-10.99427,"longitude":-38.86249},{"id":15424,"name":"Uauá","latitude":-9.84143,"longitude":-39.23025},{"id":15432,"name":"Ubaíra","latitude":-13.287,"longitude":-39.69347},{"id":15425,"name":"Ubaitaba","latitude":-14.3125,"longitude":-39.32333},{"id":15430,"name":"Ubatã","latitude":-14.05629,"longitude":-39.52278},{"id":15440,"name":"Uibaí","latitude":-11.3906,"longitude":-42.15615},{"id":15447,"name":"Umburanas","latitude":-10.5086,"longitude":-41.17419},{"id":15452,"name":"Una","latitude":-15.16451,"longitude":-39.20568},{"id":15465,"name":"Urandi","latitude":-14.734,"longitude":-42.66544},{"id":15486,"name":"Uruçuca","latitude":-14.59306,"longitude":-39.28444},{"id":15489,"name":"Utinga","latitude":-12.04274,"longitude":-41.19475},{"id":15499,"name":"Valença","latitude":-13.37213,"longitude":-39.24002},{"id":15497,"name":"Valente","latitude":-11.43393,"longitude":-39.48472},{"id":15622,"name":"Várzea da Roça","latitude":-11.53905,"longitude":-40.07647},{"id":15623,"name":"Várzea do Poço","latitude":-11.53021,"longitude":-40.30918},{"id":15619,"name":"Várzea Nova","latitude":-11.05523,"longitude":-41.2323},{"id":15522,"name":"Varzedo","latitude":-12.99662,"longitude":-39.37091},{"id":15533,"name":"Vera Cruz","latitude":-13.0255,"longitude":-38.70906},{"id":15541,"name":"Vereda","latitude":-17.14998,"longitude":-40.04873},{"id":15599,"name":"Vitória da Conquista","latitude":-15.27953,"longitude":-40.96575},{"id":15624,"name":"Wagner","latitude":-12.2593,"longitude":-41.22095},{"id":15626,"name":"Wanderley","latitude":-11.765,"longitude":-43.99378},{"id":15630,"name":"Wenceslau Guimarães","latitude":-13.61819,"longitude":-39.58092},{"id":15642,"name":"Xique Xique","latitude":-10.82294,"longitude":-42.72815},{"id":15643,"name":"Xique-Xique","latitude":-10.83393,"longitude":-42.5632}]