[{"id":8612,"name":"Aiseau","latitude":50.41158,"longitude":4.58671},{"id":8615,"name":"Amay","latitude":50.54829,"longitude":5.30974},{"id":8616,"name":"Amblève","latitude":50.35357,"longitude":6.17002},{"id":8617,"name":"Andenne","latitude":50.48941,"longitude":5.09513},{"id":8618,"name":"Anderlues","latitude":50.40704,"longitude":4.27136},{"id":8619,"name":"Anhée","latitude":50.31039,"longitude":4.87827},{"id":8620,"name":"Ans","latitude":50.6623,"longitude":5.52029},{"id":8621,"name":"Anthisnes","latitude":50.48323,"longitude":5.519},{"id":8622,"name":"Antoing","latitude":50.56765,"longitude":3.4492},{"id":8627,"name":"Arlon","latitude":49.68333,"longitude":5.81667},{"id":8631,"name":"Assesse","latitude":50.36934,"longitude":5.02204},{"id":8632,"name":"Ath","latitude":50.62937,"longitude":3.77801},{"id":8633,"name":"Attert","latitude":49.75035,"longitude":5.78634},{"id":8634,"name":"Aubange","latitude":49.56652,"longitude":5.80492},{"id":8635,"name":"Aubel","latitude":50.70189,"longitude":5.85812},{"id":8637,"name":"Awans","latitude":50.66774,"longitude":5.46329},{"id":8638,"name":"Aywaille","latitude":50.47411,"longitude":5.67684},{"id":8640,"name":"Baelen","latitude":50.63131,"longitude":5.97433},{"id":8642,"name":"Basse Lasne","latitude":50.69503,"longitude":4.49218},{"id":8643,"name":"Bassenge","latitude":50.75883,"longitude":5.60989},{"id":8644,"name":"Bastogne","latitude":50.00347,"longitude":5.71844},{"id":8645,"name":"Beaumont","latitude":50.23699,"longitude":4.23926},{"id":8646,"name":"Beauraing","latitude":50.11042,"longitude":4.95554},{"id":8647,"name":"Beauvechain","latitude":50.78195,"longitude":4.7718},{"id":8653,"name":"Beloeil","latitude":50.55047,"longitude":3.73484},{"id":8657,"name":"Berloz","latitude":50.69829,"longitude":5.21236},{"id":8658,"name":"Bernissart","latitude":50.4746,"longitude":3.64961},{"id":8660,"name":"Bertogne","latitude":50.08364,"longitude":5.66689},{"id":8661,"name":"Bertrix","latitude":49.85596,"longitude":5.25539},{"id":8664,"name":"Beyne-Heusay","latitude":50.62251,"longitude":5.66508},{"id":8668,"name":"Bièvre","latitude":49.94085,"longitude":5.01591},{"id":8667,"name":"Binche","latitude":50.41155,"longitude":4.16469},{"id":8670,"name":"Blégny","latitude":50.67255,"longitude":5.72508},{"id":8679,"name":"Bouillon","latitude":49.79324,"longitude":5.06703},{"id":8680,"name":"Boussu","latitude":50.43417,"longitude":3.7944},{"id":8682,"name":"Braine-l'Alleud","latitude":50.68363,"longitude":4.36784},{"id":8683,"name":"Braine-le-Château","latitude":50.6799,"longitude":4.27385},{"id":8684,"name":"Braine-le-Comte","latitude":50.60979,"longitude":4.14658},{"id":8685,"name":"Braives","latitude":50.61745,"longitude":5.13302},{"id":8690,"name":"Brugelette","latitude":50.59577,"longitude":3.85363},{"id":8692,"name":"Brunehault","latitude":50.50524,"longitude":4.43209},{"id":8695,"name":"Bullange","latitude":50.40731,"longitude":6.25749},{"id":8696,"name":"Burdinne","latitude":50.58454,"longitude":5.07663},{"id":8697,"name":"Butgenbach","latitude":50.42689,"longitude":6.20504},{"id":8698,"name":"Celles","latitude":50.71229,"longitude":3.45733},{"id":8699,"name":"Cerfontaine","latitude":50.17047,"longitude":4.41028},{"id":8700,"name":"Chapelle-lez-Herlaimont","latitude":50.4713,"longitude":4.28227},{"id":8701,"name":"Charleroi","latitude":50.41136,"longitude":4.44448},{"id":8702,"name":"Chastre-Villeroux-Blanmont","latitude":50.60857,"longitude":4.64198},{"id":8708,"name":"Châtelet","latitude":50.40338,"longitude":4.52826},{"id":8703,"name":"Chaudfontaine","latitude":50.5828,"longitude":5.6341},{"id":8704,"name":"Chaumont-Gistoux","latitude":50.67753,"longitude":4.7212},{"id":8707,"name":"Chièvres","latitude":50.58787,"longitude":3.80711},{"id":8705,"name":"Chimay","latitude":50.04856,"longitude":4.31712},{"id":8706,"name":"Chiny","latitude":49.73833,"longitude":5.34104},{"id":8709,"name":"Ciney","latitude":50.29449,"longitude":5.10015},{"id":8710,"name":"Clavier","latitude":50.40069,"longitude":5.35154},{"id":8711,"name":"Colfontaine","latitude":50.4141,"longitude":3.85569},{"id":8712,"name":"Comblain-au-Pont","latitude":50.47488,"longitude":5.57711},{"id":8713,"name":"Courcelles","latitude":50.46379,"longitude":4.3747},{"id":8714,"name":"Court-Saint-Étienne","latitude":50.63378,"longitude":4.56851},{"id":8715,"name":"Couvin","latitude":50.05284,"longitude":4.49495},{"id":8716,"name":"Crisnée","latitude":50.71703,"longitude":5.39802},{"id":8717,"name":"Dalhem","latitude":50.71315,"longitude":5.72774},{"id":8719,"name":"Daverdisse","latitude":50.02161,"longitude":5.11811},{"id":8736,"name":"Dinant","latitude":50.25807,"longitude":4.91166},{"id":8737,"name":"Dison","latitude":50.61004,"longitude":5.8534},{"id":8738,"name":"Doische","latitude":50.13356,"longitude":4.73545},{"id":8739,"name":"Donceel","latitude":50.64827,"longitude":5.32},{"id":8740,"name":"Dour","latitude":50.39583,"longitude":3.77792},{"id":8743,"name":"Durbuy","latitude":50.35291,"longitude":5.45631},{"id":9154,"name":"Écaussinnes-d’Enghien","latitude":50.56822,"longitude":4.1658},{"id":9155,"name":"Éghezée","latitude":50.59076,"longitude":4.91175},{"id":8746,"name":"Ellezelles","latitude":50.73512,"longitude":3.67985},{"id":8747,"name":"Enghien","latitude":50.68373,"longitude":4.03284},{"id":8748,"name":"Engis","latitude":50.58156,"longitude":5.39916},{"id":9156,"name":"Érezée","latitude":50.29292,"longitude":5.55815},{"id":8749,"name":"Erquelinnes","latitude":50.30688,"longitude":4.11129},{"id":8750,"name":"Esneux","latitude":50.53596,"longitude":5.56775},{"id":8752,"name":"Estaimpuis","latitude":50.70485,"longitude":3.26785},{"id":8753,"name":"Estinnes-au-Val","latitude":50.41016,"longitude":4.10477},{"id":9157,"name":"Étalle","latitude":49.67385,"longitude":5.60019},{"id":8754,"name":"Eupen","latitude":50.6279,"longitude":6.03647},{"id":8756,"name":"Faimes","latitude":50.66252,"longitude":5.26005},{"id":8757,"name":"Farciennes","latitude":50.43006,"longitude":4.54152},{"id":8758,"name":"Fauvillers","latitude":49.85116,"longitude":5.66405},{"id":8759,"name":"Ferrières","latitude":50.40157,"longitude":5.61092},{"id":8760,"name":"Fexhe-le-Haut-Clocher","latitude":50.6654,"longitude":5.39978},{"id":8766,"name":"Flémalle-Haute","latitude":50.59994,"longitude":5.44471},{"id":8767,"name":"Fléron","latitude":50.61516,"longitude":5.68062},{"id":8761,"name":"Fleurus","latitude":50.48351,"longitude":4.55006},{"id":8762,"name":"Flobecq","latitude":50.73733,"longitude":3.73876},{"id":8763,"name":"Floreffe","latitude":50.43452,"longitude":4.7596},{"id":8764,"name":"Florennes","latitude":50.25127,"longitude":4.60636},{"id":8765,"name":"Florenville","latitude":49.69983,"longitude":5.3074},{"id":8768,"name":"Forville","latitude":50.57424,"longitude":4.99861},{"id":8769,"name":"Fosses-la-Ville","latitude":50.39517,"longitude":4.69623},{"id":8770,"name":"Frameries","latitude":50.40578,"longitude":3.89603},{"id":8771,"name":"Frasnes-lez-Buissenal","latitude":50.66783,"longitude":3.62047},{"id":8772,"name":"Froidchapelle","latitude":50.15106,"longitude":4.32742},{"id":8775,"name":"Gedinne","latitude":49.98037,"longitude":4.93674},{"id":8777,"name":"Geer","latitude":50.6699,"longitude":5.17364},{"id":8779,"name":"Gembloux","latitude":50.56149,"longitude":4.69889},{"id":8780,"name":"Genappe","latitude":50.61173,"longitude":4.45152},{"id":8784,"name":"Gerpinnes","latitude":50.33789,"longitude":4.52731},{"id":8785,"name":"Gesves","latitude":50.40146,"longitude":5.07457},{"id":8790,"name":"Gouvy","latitude":50.186,"longitude":5.93917},{"id":8791,"name":"Grez-Doiceau","latitude":50.73901,"longitude":4.69829},{"id":8796,"name":"Habay-la-Vieille","latitude":49.72329,"longitude":5.61999},{"id":8800,"name":"Hamoir","latitude":50.42675,"longitude":5.53304},{"id":8801,"name":"Hamois","latitude":50.3402,"longitude":5.15619},{"id":8802,"name":"Hannut","latitude":50.67142,"longitude":5.07898},{"id":8805,"name":"Hastière-Lavaux","latitude":50.21849,"longitude":4.82446},{"id":8806,"name":"Havelange","latitude":50.38931,"longitude":5.23816},{"id":8811,"name":"Hensies","latitude":50.43263,"longitude":3.68411},{"id":8812,"name":"Herbeumont","latitude":49.78086,"longitude":5.2358},{"id":8839,"name":"Héron","latitude":50.54731,"longitude":5.09774},{"id":8819,"name":"Herstal","latitude":50.66415,"longitude":5.62346},{"id":8820,"name":"Herve","latitude":50.64083,"longitude":5.79353},{"id":8830,"name":"Hotton","latitude":50.26742,"longitude":5.44609},{"id":8831,"name":"Houffalize","latitude":50.13235,"longitude":5.78962},{"id":8834,"name":"Houyet","latitude":50.18619,"longitude":5.00762},{"id":8838,"name":"Huy","latitude":50.51894,"longitude":5.23284},{"id":8842,"name":"Incourt","latitude":50.69151,"longitude":4.79816},{"id":8844,"name":"Ittre","latitude":50.64396,"longitude":4.26476},{"id":8847,"name":"Jalhay","latitude":50.55876,"longitude":5.96764},{"id":8848,"name":"Jodoigne","latitude":50.72357,"longitude":4.86914},{"id":8849,"name":"Juprelle","latitude":50.7076,"longitude":5.53127},{"id":8850,"name":"Jurbise","latitude":50.531,"longitude":3.90942},{"id":8873,"name":"La Bruyère","latitude":50.39478,"longitude":4.61444},{"id":8874,"name":"La Calamine","latitude":50.71809,"longitude":6.01107},{"id":8875,"name":"La Hulpe","latitude":50.73091,"longitude":4.48577},{"id":8876,"name":"La Louvière","latitude":50.48657,"longitude":4.18785},{"id":8877,"name":"La Roche-en-Ardenne","latitude":50.18361,"longitude":5.57547},{"id":8911,"name":"Léglise","latitude":49.79985,"longitude":5.53652},{"id":8886,"name":"Lens","latitude":50.55696,"longitude":3.89946},{"id":8888,"name":"Lessines","latitude":50.71104,"longitude":3.83579},{"id":8890,"name":"Libin","latitude":49.98107,"longitude":5.25612},{"id":8900,"name":"Liège","latitude":50.63373,"longitude":5.56749},{"id":8894,"name":"Lierneux","latitude":50.28477,"longitude":5.79236},{"id":8896,"name":"Limbourg","latitude":50.61222,"longitude":5.9412},{"id":8897,"name":"Lincent","latitude":50.71222,"longitude":5.03654},{"id":8901,"name":"Lobbes","latitude":50.35258,"longitude":4.26716},{"id":8906,"name":"Lontzen","latitude":50.68126,"longitude":6.00712},{"id":8907,"name":"Louvain-la-Neuve","latitude":50.66829,"longitude":4.61443},{"id":8916,"name":"Malmédy","latitude":50.42686,"longitude":6.02794},{"id":8917,"name":"Manage","latitude":50.50312,"longitude":4.23589},{"id":8918,"name":"Manhay","latitude":50.29219,"longitude":5.67562},{"id":8919,"name":"Marche-en-Famenne","latitude":50.22678,"longitude":5.34416},{"id":8920,"name":"Marchin","latitude":50.46707,"longitude":5.2428},{"id":8921,"name":"Martelange","latitude":49.83195,"longitude":5.73655},{"id":8925,"name":"Meix-devant-Virton","latitude":49.60581,"longitude":5.48045},{"id":8928,"name":"Merbes-le-Château","latitude":50.32449,"longitude":4.16489},{"id":8932,"name":"Messancy","latitude":49.59201,"longitude":5.81879},{"id":8933,"name":"Mettet","latitude":50.32119,"longitude":4.66232},{"id":8936,"name":"Modave","latitude":50.44614,"longitude":5.29532},{"id":8939,"name":"Momignies","latitude":50.0271,"longitude":4.16519},{"id":8940,"name":"Mons","latitude":50.45413,"longitude":3.95229},{"id":8941,"name":"Mons-lez-Liège","latitude":50.61667,"longitude":5.46667},{"id":8942,"name":"Mont-Saint-Guibert","latitude":50.63427,"longitude":4.61061},{"id":8944,"name":"Morlanwelz-Mariemont","latitude":50.45502,"longitude":4.24519},{"id":8946,"name":"Mouscron","latitude":50.74497,"longitude":3.20639},{"id":8947,"name":"Musson","latitude":49.55835,"longitude":5.70525},{"id":8948,"name":"Namur","latitude":50.4669,"longitude":4.86746},{"id":8949,"name":"Nandrin","latitude":50.50675,"longitude":5.41905},{"id":8950,"name":"Nassogne","latitude":50.12849,"longitude":5.34274},{"id":8953,"name":"Neufchâteau","latitude":49.84074,"longitude":5.43535},{"id":8960,"name":"Nivelles","latitude":50.59833,"longitude":4.32848},{"id":8961,"name":"Noville-les-Bois","latitude":50.55702,"longitude":4.98466},{"id":8962,"name":"Ohey","latitude":50.4357,"longitude":5.12375},{"id":8964,"name":"Olne","latitude":50.58994,"longitude":5.74662},{"id":8965,"name":"Onhaye","latitude":50.24148,"longitude":4.84069},{"id":8973,"name":"Oreye","latitude":50.71749,"longitude":5.3488},{"id":8975,"name":"Ottignies","latitude":50.66535,"longitude":4.56679},{"id":8980,"name":"Ouffet","latitude":50.4387,"longitude":5.4657},{"id":8981,"name":"Oupeye","latitude":50.71184,"longitude":5.6468},{"id":8984,"name":"Paliseul","latitude":49.90395,"longitude":5.13537},{"id":8985,"name":"Pecq","latitude":50.68619,"longitude":3.33789},{"id":8988,"name":"Pepinster","latitude":50.57375,"longitude":5.8049},{"id":9009,"name":"Péruwelz","latitude":50.50819,"longitude":3.59373},{"id":8990,"name":"Perwez","latitude":50.62426,"longitude":4.81354},{"id":8991,"name":"Philippeville","latitude":50.19612,"longitude":4.54374},{"id":8993,"name":"Plombières","latitude":50.73656,"longitude":5.95922},{"id":8994,"name":"Pont-à-Celles","latitude":50.50518,"longitude":4.36887},{"id":8996,"name":"Profondeville","latitude":50.37581,"longitude":4.86506},{"id":8997,"name":"Province de Liège","latitude":50.63427,"longitude":5.56543},{"id":8998,"name":"Province de Namur","latitude":50.33333,"longitude":4.83333},{"id":8999,"name":"Province du Brabant Wallon","latitude":50.75,"longitude":4.58333},{"id":9000,"name":"Province du Hainaut","latitude":50.5,"longitude":3.83333},{"id":9001,"name":"Province du Luxembourg","latitude":50.0,"longitude":5.5},{"id":9010,"name":"Quaregnon","latitude":50.44067,"longitude":3.8653},{"id":9012,"name":"Quévy-le-Petit","latitude":50.36879,"longitude":3.93602},{"id":9011,"name":"Quiévrain","latitude":50.40737,"longitude":3.68351},{"id":9013,"name":"Raeren","latitude":50.6672,"longitude":6.11535},{"id":9014,"name":"Ramillies","latitude":50.63395,"longitude":4.90119},{"id":9017,"name":"Rebecq-Rognon","latitude":50.65147,"longitude":4.10683},{"id":9018,"name":"Remicourt","latitude":50.68069,"longitude":5.32785},{"id":9019,"name":"Rendeux","latitude":50.23423,"longitude":5.50414},{"id":9023,"name":"Rixensart","latitude":50.71229,"longitude":4.52529},{"id":9024,"name":"Rochefort","latitude":50.1631,"longitude":5.2216},{"id":9026,"name":"Roeulx","latitude":50.50365,"longitude":4.11163},{"id":9029,"name":"Rouvroy","latitude":49.53771,"longitude":5.49031},{"id":9031,"name":"Rumes","latitude":50.5545,"longitude":3.30535},{"id":9033,"name":"Saint-Ghislain","latitude":50.44816,"longitude":3.81886},{"id":9034,"name":"Saint-Hubert","latitude":50.02668,"longitude":5.37401},{"id":9035,"name":"Saint-Léger","latitude":49.61196,"longitude":5.65688},{"id":9036,"name":"Saint-Nicolas","latitude":50.62837,"longitude":5.53243},{"id":9037,"name":"Saint-Vith","latitude":50.28146,"longitude":6.12724},{"id":9038,"name":"Sainte-Ode","latitude":50.01723,"longitude":5.51926},{"id":9042,"name":"Seneffe","latitude":50.53135,"longitude":4.26301},{"id":9043,"name":"Seraing","latitude":50.58362,"longitude":5.50115},{"id":9044,"name":"Silly","latitude":50.64877,"longitude":3.92363},{"id":9060,"name":"Soignies","latitude":50.57904,"longitude":4.07129},{"id":9061,"name":"Sombreffe","latitude":50.52865,"longitude":4.60087},{"id":9062,"name":"Somme-Leuze","latitude":50.33699,"longitude":5.36705},{"id":9063,"name":"Soumagne","latitude":50.61385,"longitude":5.74679},{"id":9064,"name":"Spa","latitude":50.48375,"longitude":5.86674},{"id":9065,"name":"Sprimont","latitude":50.50922,"longitude":5.6595},{"id":9068,"name":"Stavelot","latitude":50.395,"longitude":5.93124},{"id":9071,"name":"Stoumont","latitude":50.40667,"longitude":5.80838},{"id":9072,"name":"Tellin","latitude":50.08038,"longitude":5.21638},{"id":9074,"name":"Tenneville","latitude":50.09501,"longitude":5.52895},{"id":9079,"name":"Theux","latitude":50.53323,"longitude":5.81245},{"id":9080,"name":"Thuin","latitude":50.33933,"longitude":4.28604},{"id":9083,"name":"Tinlot","latitude":50.47493,"longitude":5.37755},{"id":9084,"name":"Tintigny","latitude":49.68326,"longitude":5.51349},{"id":9087,"name":"Tournai","latitude":50.60715,"longitude":3.38932},{"id":9089,"name":"Trois-Ponts","latitude":50.37128,"longitude":5.87146},{"id":9090,"name":"Trooz","latitude":50.57026,"longitude":5.69521},{"id":9091,"name":"Tubize","latitude":50.69059,"longitude":4.2009},{"id":9093,"name":"Vaux-sur-Sûre","latitude":49.911,"longitude":5.57848},{"id":9094,"name":"Verlaine","latitude":50.60743,"longitude":5.3174},{"id":9095,"name":"Verviers","latitude":50.58907,"longitude":5.86241},{"id":9097,"name":"Vielsalm","latitude":50.28407,"longitude":5.91502},{"id":9098,"name":"Villers-la-Ville","latitude":50.56667,"longitude":4.51667},{"id":9099,"name":"Villers-le-Bouillet","latitude":50.57708,"longitude":5.25945},{"id":9101,"name":"Virton","latitude":49.56824,"longitude":5.53259},{"id":9102,"name":"Visé","latitude":50.7376,"longitude":5.69907},{"id":9108,"name":"Waimes","latitude":50.41488,"longitude":6.11207},{"id":9109,"name":"Walcourt","latitude":50.25401,"longitude":4.43796},{"id":9110,"name":"Walhain-Saint-Paul","latitude":50.62627,"longitude":4.69837},{"id":9111,"name":"Wanze","latitude":50.53907,"longitude":5.20846},{"id":9113,"name":"Waremme","latitude":50.6976,"longitude":5.25524},{"id":9114,"name":"Wasseiges","latitude":50.62186,"longitude":5.00528},{"id":9115,"name":"Waterloo","latitude":50.71469,"longitude":4.3991},{"id":9116,"name":"Wavre","latitude":50.71717,"longitude":4.60138},{"id":9117,"name":"Welkenraedt","latitude":50.6605,"longitude":5.97034},{"id":9119,"name":"Wellin","latitude":50.08133,"longitude":5.11413},{"id":9134,"name":"Yvoir","latitude":50.3279,"longitude":4.88059}]