[{"id":8042,"name":"Amirdzhan","latitude":40.42639,"longitude":49.98361},{"id":8051,"name":"Badamdar","latitude":40.34024,"longitude":49.8045},{"id":8053,"name":"Bakıxanov","latitude":40.41894,"longitude":49.96693},{"id":8052,"name":"Baku","latitude":40.37767,"longitude":49.89201},{"id":8054,"name":"Balakhani","latitude":40.46344,"longitude":49.91893},{"id":8060,"name":"Bilajari","latitude":40.4444,"longitude":49.80566},{"id":8061,"name":"Bilajer","latitude":40.56441,"longitude":50.04002},{"id":8062,"name":"Binagadi","latitude":40.46602,"longitude":49.82783},{"id":8063,"name":"Biny Selo","latitude":40.45076,"longitude":50.08686},{"id":8066,"name":"Buzovna","latitude":40.51903,"longitude":50.11438},{"id":8093,"name":"Hövsan","latitude":40.37444,"longitude":50.08528},{"id":8100,"name":"Khodzhi-Gasan","latitude":40.41293,"longitude":49.76904},{"id":8104,"name":"Korgöz","latitude":40.30446,"longitude":49.6236},{"id":8111,"name":"Lökbatan","latitude":40.3256,"longitude":49.73376},{"id":8113,"name":"Mardakan","latitude":40.49182,"longitude":50.14292},{"id":8116,"name":"Maştağa","latitude":40.52983,"longitude":50.00616},{"id":8121,"name":"Nardaran","latitude":40.55611,"longitude":50.00556},{"id":8123,"name":"Nizami Rayonu","latitude":40.4097,"longitude":49.91926},{"id":8131,"name":"Pirallahı","latitude":40.47013,"longitude":50.32476},{"id":8134,"name":"Puta","latitude":40.29667,"longitude":49.66028},{"id":8136,"name":"Qala","latitude":40.44256,"longitude":50.16759},{"id":8142,"name":"Qaraçuxur","latitude":40.39667,"longitude":49.97361},{"id":8149,"name":"Qobustan","latitude":40.08238,"longitude":49.41205},{"id":8159,"name":"Ramana","latitude":40.44222,"longitude":49.98056},{"id":8162,"name":"Sabunçu","latitude":40.4425,"longitude":49.94806},{"id":8168,"name":"Sanqaçal","latitude":40.16991,"longitude":49.46394},{"id":8184,"name":"Türkan","latitude":40.3646,"longitude":50.22075},{"id":8197,"name":"Yeni Suraxanı","latitude":40.43026,"longitude":50.03598},{"id":8201,"name":"Zabrat","latitude":40.47746,"longitude":49.94174},{"id":8205,"name":"Zyrya","latitude":40.36613,"longitude":50.29198}]