[{"id":18864,"name":"Adzopé","latitude":6.10694,"longitude":-3.86194},{"id":18865,"name":"Affery","latitude":6.32035,"longitude":-3.95235},{"id":18866,"name":"Agboville","latitude":5.92801,"longitude":-4.21319},{"id":18868,"name":"Agnéby-Tiassa","latitude":5.79488,"longitude":-4.37187},{"id":18869,"name":"Akoupé","latitude":6.38423,"longitude":-3.88759},{"id":18891,"name":"Dabou","latitude":5.32556,"longitude":-4.37685},{"id":18904,"name":"Grand-Lahou","latitude":5.25068,"longitude":-5.00333},{"id":18905,"name":"Grands-Ponts","latitude":5.30487,"longitude":-4.39247},{"id":18935,"name":"Tiassalé","latitude":5.89839,"longitude":-4.82293}]