[{"id":9867,"name":"Guayaramerín","latitude":-10.8258,"longitude":-65.3581},{"id":9920,"name":"Provincia Cercado","latitude":-14.5,"longitude":-64.33333},{"id":9932,"name":"Provincia General José Ballivián","latitude":-14.0,"longitude":-67.08333},{"id":9941,"name":"Provincia Iténez","latitude":-13.41667,"longitude":-63.5},{"id":9949,"name":"Provincia Mamoré","latitude":-13.0,"longitude":-64.91667},{"id":9953,"name":"Provincia Marbán","latitude":-15.66667,"longitude":-64.33333},{"id":9956,"name":"Provincia Moxos","latitude":-15.16667,"longitude":-65.5},{"id":9990,"name":"Provincia Vaca Diez","latitude":-11.66667,"longitude":-66.0},{"id":9994,"name":"Provincia Yacuma","latitude":-13.5,"longitude":-66.0},{"id":10005,"name":"Reyes","latitude":-14.2952,"longitude":-67.33624},{"id":10006,"name":"Riberalta","latitude":-11.00654,"longitude":-66.06312},{"id":10008,"name":"Rurrenabaque","latitude":-14.44125,"longitude":-67.52781},{"id":10011,"name":"San Borja","latitude":-14.81667,"longitude":-66.85},{"id":10020,"name":"San Ramón","latitude":-13.28333,"longitude":-64.71667},{"id":10021,"name":"Santa Ana de Yacuma","latitude":-13.74406,"longitude":-65.42688},{"id":10025,"name":"Santa Rosa","latitude":-14.16667,"longitude":-66.88333},{"id":10041,"name":"Trinidad","latitude":-14.83333,"longitude":-64.9}]