[{"id":679,"name":"Añatuya","latitude":-28.46064,"longitude":-62.83472},{"id":691,"name":"Beltrán","latitude":-27.82913,"longitude":-64.06098},{"id":717,"name":"Campo Gallo","latitude":-26.58333,"longitude":-62.85},{"id":771,"name":"Clodomira","latitude":-27.5744,"longitude":-64.13108},{"id":777,"name":"Colonia Dora","latitude":-28.6,"longitude":-62.95},{"id":820,"name":"Departamento de Aguirre","latitude":-29.33333,"longitude":-62.5},{"id":834,"name":"Departamento de Banda","latitude":-27.5,"longitude":-64.33333},{"id":861,"name":"Departamento de Choya","latitude":-28.75,"longitude":-64.75},{"id":904,"name":"Departamento de Guasayán","latitude":-28.0,"longitude":-64.83333},{"id":930,"name":"Departamento de Loreto","latitude":-28.55,"longitude":-64.33333},{"id":948,"name":"Departamento de Moreno","latitude":-27.33333,"longitude":-62.5},{"id":975,"name":"Departamento de Río Hondo","latitude":-27.58333,"longitude":-64.75},{"id":969,"name":"Departamento de Robles","latitude":-27.83333,"longitude":-63.91667},{"id":997,"name":"Departamento de San Martín","latitude":-28.16667,"longitude":-63.83333},{"id":1011,"name":"Departamento de Sarmiento","latitude":-28.08333,"longitude":-63.41667},{"id":1056,"name":"El Hoyo","latitude":-27.02872,"longitude":-63.23197},{"id":1176,"name":"La Banda","latitude":-27.73348,"longitude":-64.24278},{"id":1251,"name":"Los Juríes","latitude":-28.46539,"longitude":-62.10862},{"id":1255,"name":"Los Telares","latitude":-28.98479,"longitude":-63.44889},{"id":1315,"name":"Pampa de los Guanacos","latitude":-26.23002,"longitude":-61.83774},{"id":1369,"name":"Quimilí","latitude":-27.64615,"longitude":-62.41655},{"id":1445,"name":"San Pedro","latitude":-27.95386,"longitude":-65.16651},{"id":1473,"name":"Santiago del Estero","latitude":-27.79511,"longitude":-64.26149},{"id":1489,"name":"Sumampa","latitude":-29.3847,"longitude":-63.46907},{"id":1491,"name":"Suncho Corral","latitude":-27.93357,"longitude":-63.42938},{"id":1501,"name":"Termas de Río Hondo","latitude":-27.49362,"longitude":-64.85972},{"id":1506,"name":"Tintina","latitude":-27.02687,"longitude":-62.70643},{"id":1539,"name":"Villa Atamisqui","latitude":-28.49609,"longitude":-63.81609},{"id":1554,"name":"Villa General Mitre","latitude":-29.1431,"longitude":-62.65248},{"id":1569,"name":"Villa Ojo de Agua","latitude":-29.50003,"longitude":-63.69377}]