[{"id":10191,"name":"Alvarães","latitude":-3.22083,"longitude":-64.80417},{"id":10212,"name":"Amaturá","latitude":-3.38926,"longitude":-68.22698},{"id":10233,"name":"Anamã","latitude":-3.4799,"longitude":-61.71689},{"id":10266,"name":"Anori","latitude":-3.77278,"longitude":-61.64417},{"id":10303,"name":"Apuí","latitude":-7.78922,"longitude":-59.34104},{"id":10436,"name":"Atalaia do Norte","latitude":-5.66448,"longitude":-71.82776},{"id":10454,"name":"Autazes","latitude":-3.57972,"longitude":-59.13056},{"id":10513,"name":"Barcelos","latitude":-0.97357,"longitude":-62.9269},{"id":10553,"name":"Barreirinha","latitude":-2.79333,"longitude":-57.07},{"id":10626,"name":"Benjamin Constant","latitude":-4.37555,"longitude":-70.03179},{"id":10641,"name":"Beruri","latitude":-4.34371,"longitude":-61.75126},{"id":10674,"name":"Boa Vista do Ramos","latitude":-3.15779,"longitude":-57.90517},{"id":10678,"name":"Boca do Acre","latitude":-8.75222,"longitude":-67.39778},{"id":10749,"name":"Borba","latitude":-4.39143,"longitude":-59.58864},{"id":10841,"name":"Caapiranga","latitude":-3.12981,"longitude":-61.74406},{"id":11059,"name":"Canutama","latitude":-6.53389,"longitude":-64.38306},{"id":11111,"name":"Carauari","latitude":-4.88278,"longitude":-66.89583},{"id":11125,"name":"Careiro","latitude":-3.78706,"longitude":-60.3479},{"id":11126,"name":"Careiro da Várzea","latitude":-3.19695,"longitude":-59.82674},{"id":11304,"name":"Coari","latitude":-4.085,"longitude":-63.14139},{"id":11313,"name":"Codajás","latitude":-3.83667,"longitude":-62.05694},{"id":11676,"name":"Eirunepé","latitude":-6.66028,"longitude":-69.87361},{"id":11711,"name":"Envira","latitude":-7.3,"longitude":-70.21667},{"id":11848,"name":"Fonte Boa","latitude":-2.51389,"longitude":-66.09167},{"id":12018,"name":"Guajará","latitude":-2.96667,"longitude":-57.66667},{"id":12110,"name":"Humaitá","latitude":-7.51651,"longitude":-63.03105},{"id":12281,"name":"Ipixuna","latitude":-7.1191,"longitude":-71.3759},{"id":12306,"name":"Iranduba","latitude":-3.28472,"longitude":-60.18611},{"id":12342,"name":"Itacoatiara","latitude":-3.13435,"longitude":-58.43353},{"id":12378,"name":"Itamarati","latitude":-6.76472,"longitude":-68.03926},{"id":12421,"name":"Itapiranga","latitude":-2.516,"longitude":-58.5573},{"id":12575,"name":"Japurá","latitude":-1.55349,"longitude":-68.24526},{"id":12703,"name":"Juruá","latitude":-3.27526,"longitude":-66.24211},{"id":12710,"name":"Jutaí","latitude":-5.18333,"longitude":-68.9},{"id":12883,"name":"Lábrea","latitude":-8.18437,"longitude":-66.075},{"id":12936,"name":"Manacapuru","latitude":-3.29972,"longitude":-60.62056},{"id":12937,"name":"Manaquiri","latitude":-3.31667,"longitude":-60.35},{"id":12939,"name":"Manaus","latitude":-3.04361,"longitude":-60.01282},{"id":12951,"name":"Manicoré","latitude":-5.80917,"longitude":-61.30028},{"id":12988,"name":"Maraã","latitude":-1.82403,"longitude":-65.35883},{"id":13085,"name":"Maués","latitude":-3.38361,"longitude":-57.71861},{"id":13321,"name":"Nhamundá","latitude":-2.18611,"longitude":-56.71306},{"id":13413,"name":"Nova Olinda do Norte","latitude":-3.89174,"longitude":-59.09542},{"id":13451,"name":"Novo Airão","latitude":-1.98386,"longitude":-61.78513},{"id":13453,"name":"Novo Aripuanã","latitude":-5.12056,"longitude":-60.37972},{"id":13672,"name":"Parintins","latitude":-2.62833,"longitude":-56.73583},{"id":13720,"name":"Pauini","latitude":-7.71361,"longitude":-66.97639},{"id":14082,"name":"Presidente Figueiredo","latitude":-1.28344,"longitude":-59.98317},{"id":14293,"name":"Rio Preto da Eva","latitude":-2.69795,"longitude":-59.70172},{"id":14483,"name":"Santa Isabel do Rio Negro","latitude":-0.41389,"longitude":-65.01917},{"id":14628,"name":"Santo Antônio do Içá","latitude":-3.10222,"longitude":-67.93972},{"id":14909,"name":"São Gabriel da Cachoeira","latitude":-0.1181,"longitude":-67.08527},{"id":15103,"name":"São Paulo de Olivença","latitude":-3.37833,"longitude":-68.8725},{"id":15153,"name":"São Sebastião do Uatumã","latitude":-1.93197,"longitude":-58.74216},{"id":14780,"name":"Silves","latitude":-2.76846,"longitude":-58.62751},{"id":15184,"name":"Tabatinga","latitude":-3.96298,"longitude":-69.60265},{"id":15225,"name":"Tapauá","latitude":-6.21423,"longitude":-65.69985},{"id":15264,"name":"Tefé","latitude":-3.36841,"longitude":-64.72054},{"id":15336,"name":"Tonantins","latitude":-2.87306,"longitude":-67.80222},{"id":15423,"name":"Uarini","latitude":-3.14736,"longitude":-65.42036},{"id":15475,"name":"Urucará","latitude":-2.53639,"longitude":-57.76},{"id":15477,"name":"Urucurituba","latitude":-3.12845,"longitude":-58.15856}]