[{"id":659,"name":"Ancasti","latitude":-28.81247,"longitude":-65.50145},{"id":661,"name":"Andalgalá","latitude":-27.58185,"longitude":-66.31626},{"id":663,"name":"Antofagasta de la Sierra","latitude":-26.0594,"longitude":-67.40636},{"id":726,"name":"Capayán","latitude":-28.77436,"longitude":-66.04749},{"id":824,"name":"Departamento de Ambato","latitude":-28.0,"longitude":-65.91667},{"id":825,"name":"Departamento de Ancasti","latitude":-29.0,"longitude":-65.5},{"id":826,"name":"Departamento de Andalgalá","latitude":-27.58333,"longitude":-66.46667},{"id":829,"name":"Departamento de Antofagasta de la Sierra","latitude":-26.0,"longitude":-67.58333},{"id":846,"name":"Departamento de Capayán","latitude":-28.83333,"longitude":-66.0},{"id":849,"name":"Departamento de Capital","latitude":-28.41667,"longitude":-65.8},{"id":877,"name":"Departamento de El Alto","latitude":-28.41667,"longitude":-65.41667},{"id":884,"name":"Departamento de Fray Mamerto Esquiú","latitude":-28.3,"longitude":-65.75},{"id":918,"name":"Departamento de La Paz","latitude":-29.25,"longitude":-65.25},{"id":959,"name":"Departamento de Pomán","latitude":-28.25,"longitude":-66.41667},{"id":1006,"name":"Departamento de Santa María","latitude":-26.66667,"longitude":-66.41667},{"id":1007,"name":"Departamento de Santa Rosa","latitude":-28.08333,"longitude":-65.25},{"id":1020,"name":"Departamento de Tinogasta","latitude":-27.5,"longitude":-68.0},{"id":1030,"name":"Departamento de Valle Viejo","latitude":-28.58333,"longitude":-65.75},{"id":1060,"name":"El Rodeo","latitude":-28.21518,"longitude":-65.8742},{"id":1078,"name":"Fiambalá","latitude":-27.67225,"longitude":-67.6187},{"id":1142,"name":"Hualfín","latitude":-27.22896,"longitude":-66.83131},{"id":1145,"name":"Huillapima","latitude":-28.72533,"longitude":-65.9787},{"id":1149,"name":"Icaño","latitude":-28.91934,"longitude":-65.32817},{"id":1197,"name":"La Puerta de San José","latitude":-27.55,"longitude":-67.01667},{"id":1239,"name":"Londres","latitude":-27.71439,"longitude":-67.13349},{"id":1243,"name":"Los Altos","latitude":-28.04845,"longitude":-65.49945},{"id":1256,"name":"Los Varela","latitude":-27.93003,"longitude":-65.87153},{"id":1294,"name":"Mutquín","latitude":-28.32104,"longitude":-66.14253},{"id":1340,"name":"Pomán","latitude":-28.39455,"longitude":-66.22052},{"id":1350,"name":"Puerta de Corral Quemado","latitude":-27.23,"longitude":-66.93635},{"id":1378,"name":"Recreo","latitude":-29.28184,"longitude":-65.06096},{"id":1408,"name":"San Antonio","latitude":-28.01009,"longitude":-65.70874},{"id":1421,"name":"San Fernando del Valle de Catamarca","latitude":-28.46957,"longitude":-65.78524},{"id":1464,"name":"Santa María","latitude":-26.69547,"longitude":-66.04732},{"id":1505,"name":"Tinogasta","latitude":-28.06319,"longitude":-67.56488}]