[{"id":153,"name":"Banaj","latitude":40.82492,"longitude":19.84074},{"id":154,"name":"Bashkia Berat","latitude":40.69997,"longitude":19.94983},{"id":170,"name":"Bashkia Kuçovë","latitude":40.82489,"longitude":19.9535},{"id":180,"name":"Bashkia Poliçan","latitude":40.58608,"longitude":20.04535},{"id":186,"name":"Bashkia Skrapar","latitude":40.56036,"longitude":20.25477},{"id":191,"name":"Berat","latitude":40.70583,"longitude":19.95222},{"id":280,"name":"Çorovodë","latitude":40.50417,"longitude":20.22722},{"id":219,"name":"Kuçovë","latitude":40.80028,"longitude":19.91667},{"id":238,"name":"Poliçan","latitude":40.61222,"longitude":20.09806},{"id":242,"name":"Rrethi i Beratit","latitude":40.66667,"longitude":20.0},{"id":253,"name":"Rrethi i Kuçovës","latitude":40.83333,"longitude":19.91667},{"id":258,"name":"Rrethi i Skraparit","latitude":40.55,"longitude":20.26667},{"id":273,"name":"Ura Vajgurore","latitude":40.76889,"longitude":19.87778}]