[{"id":10221,"name":"Amparo de São Francisco","latitude":-10.13736,"longitude":-36.92219},{"id":10304,"name":"Aquidabã","latitude":-10.31619,"longitude":-37.10451},{"id":10308,"name":"Aracaju","latitude":-10.98232,"longitude":-37.10333},{"id":10364,"name":"Arauá","latitude":-11.26222,"longitude":-37.61972},{"id":10385,"name":"Areia Branca","latitude":-10.75778,"longitude":-37.31528},{"id":10546,"name":"Barra dos Coqueiros","latitude":-10.90889,"longitude":-37.03861},{"id":10746,"name":"Boquim","latitude":-11.14694,"longitude":-37.62056},{"id":10790,"name":"Brejo Grande","latitude":-10.49241,"longitude":-36.45883},{"id":11005,"name":"Campo do Brito","latitude":-10.73333,"longitude":-37.49333},{"id":11044,"name":"Canhoba","latitude":-10.14847,"longitude":-37.00031},{"id":11047,"name":"Canindé de São Francisco","latitude":-9.66,"longitude":-37.78944},{"id":11065,"name":"Capela","latitude":-10.50333,"longitude":-37.05278},{"id":11132,"name":"Carira","latitude":-10.36555,"longitude":-37.7499},{"id":11152,"name":"Carmópolis","latitude":-10.6671,"longitude":-36.95751},{"id":11232,"name":"Cedro de São João","latitude":-10.28046,"longitude":-36.8883},{"id":11478,"name":"Cristinápolis","latitude":-11.47556,"longitude":-37.75528},{"id":11515,"name":"Cumbe","latitude":-10.34959,"longitude":-37.17665},{"id":11599,"name":"Divina Pastora","latitude":-10.67935,"longitude":-37.16817},{"id":11757,"name":"Estância","latitude":-11.23831,"longitude":-37.42046},{"id":11791,"name":"Feira Nova","latitude":-10.31724,"longitude":-37.3385},{"id":11896,"name":"Frei Paulo","latitude":-10.52224,"longitude":-37.58028},{"id":11920,"name":"Gararu","latitude":-9.9675,"longitude":-37.08333},{"id":11937,"name":"General Maynard","latitude":-10.69412,"longitude":-36.98304},{"id":11991,"name":"Gracho Cardoso","latitude":-10.235,"longitude":-37.20389},{"id":12210,"name":"Ilha das Flores","latitude":-10.44455,"longitude":-36.56429},{"id":12241,"name":"Indiaroba","latitude":-11.51917,"longitude":-37.51167},{"id":12326,"name":"Itabaiana","latitude":-10.685,"longitude":-37.42528},{"id":12327,"name":"Itabaianinha","latitude":-11.26994,"longitude":-37.79205},{"id":12332,"name":"Itabi","latitude":-10.10882,"longitude":-37.20004},{"id":12431,"name":"Itaporanga d'Ajuda","latitude":-11.07087,"longitude":-37.33296},{"id":12567,"name":"Japaratuba","latitude":-10.59333,"longitude":-36.94028},{"id":12572,"name":"Japoatã","latitude":-10.34667,"longitude":-36.80111},{"id":12726,"name":"Lagarto","latitude":-10.89844,"longitude":-37.67993},{"id":12799,"name":"Laranjeiras","latitude":-10.807,"longitude":-37.16896},{"id":12885,"name":"Macambira","latitude":-10.68545,"longitude":-37.60003},{"id":12927,"name":"Malhada dos Bois","latitude":-10.32806,"longitude":-36.93573},{"id":12928,"name":"Malhador","latitude":-10.65778,"longitude":-37.30472},{"id":13036,"name":"Maruim","latitude":-10.7375,"longitude":-37.08167},{"id":13169,"name":"Moita Bonita","latitude":-10.5775,"longitude":-37.34278},{"id":13190,"name":"Monte Alegre de Sergipe","latitude":-10.07263,"longitude":-37.6047},{"id":13279,"name":"Muribeca","latitude":-10.38925,"longitude":-36.97628},{"id":13320,"name":"Neópolis","latitude":-10.35698,"longitude":-36.6687},{"id":13336,"name":"Nossa Senhora Aparecida","latitude":-10.29846,"longitude":-37.48812},{"id":13337,"name":"Nossa Senhora da Glória","latitude":-10.19293,"longitude":-37.53292},{"id":13338,"name":"Nossa Senhora das Dores","latitude":-10.45356,"longitude":-37.24677},{"id":13340,"name":"Nossa Senhora de Lourdes","latitude":-10.10241,"longitude":-37.02768},{"id":13343,"name":"Nossa Senhora do Socorro","latitude":-10.855,"longitude":-37.12611},{"id":13558,"name":"Pacatuba","latitude":-10.49466,"longitude":-36.60382},{"id":13755,"name":"Pedra Mole","latitude":-10.6649,"longitude":-37.68505},{"id":13769,"name":"Pedrinhas","latitude":-11.21666,"longitude":-37.65664},{"id":13874,"name":"Pinhão","latitude":-10.57105,"longitude":-37.78582},{"id":13891,"name":"Pirambu","latitude":-10.69075,"longitude":-36.84859},{"id":14048,"name":"Poço Redondo","latitude":-9.88033,"longitude":-37.77612},{"id":14049,"name":"Poço Verde","latitude":-10.81636,"longitude":-38.15053},{"id":14024,"name":"Porto da Folha","latitude":-9.98927,"longitude":-37.48059},{"id":14111,"name":"Propriá","latitude":-10.25379,"longitude":-36.78579},{"id":14224,"name":"Riachão do Dantas","latitude":-11.01281,"longitude":-37.78679},{"id":14218,"name":"Riachuelo","latitude":-10.71605,"longitude":-37.22502},{"id":14253,"name":"Ribeirópolis","latitude":-10.52176,"longitude":-37.37833},{"id":14353,"name":"Rosário do Catete","latitude":-10.68551,"longitude":-37.03447},{"id":14383,"name":"Salgado","latitude":-11.03194,"longitude":-37.475},{"id":14494,"name":"Santa Luzia do Itanhy","latitude":-11.36149,"longitude":-37.47848},{"id":14543,"name":"Santa Rosa de Lima","latitude":-10.63139,"longitude":-37.22866},{"id":14594,"name":"Santana do São Francisco","latitude":-10.27648,"longitude":-36.63314},{"id":14605,"name":"Santo Amaro das Brotas","latitude":-10.78889,"longitude":-37.05444},{"id":14858,"name":"São Cristóvão","latitude":-11.01472,"longitude":-37.20639},{"id":14865,"name":"São Domingos","latitude":-10.78191,"longitude":-37.56218},{"id":14880,"name":"São Francisco","latitude":-10.33062,"longitude":-36.8639},{"id":15085,"name":"São Miguel do Aleixo","latitude":-10.36859,"longitude":-37.35856},{"id":14786,"name":"Simão Dias","latitude":-10.71163,"longitude":-37.77142},{"id":14794,"name":"Siriri","latitude":-10.58724,"longitude":-37.12123},{"id":15272,"name":"Telha","latitude":-10.17943,"longitude":-36.86754},{"id":15324,"name":"Tobias Barreto","latitude":-11.07792,"longitude":-38.02178},{"id":15331,"name":"Tomar do Geru","latitude":-11.37415,"longitude":-37.87537},{"id":15446,"name":"Umbaúba","latitude":-11.40045,"longitude":-37.6627}]