[{"id":9250,"name":"Aheloy","latitude":42.64987,"longitude":27.64838},{"id":9251,"name":"Ahtopol","latitude":42.09768,"longitude":27.93961},{"id":9261,"name":"Aytos","latitude":42.7,"longitude":27.25},{"id":9266,"name":"Bata","latitude":42.73802,"longitude":27.49643},{"id":9292,"name":"Burgas","latitude":42.50606,"longitude":27.46781},{"id":9299,"name":"Chernomorets","latitude":42.44408,"longitude":27.63902},{"id":9353,"name":"Kameno","latitude":42.57084,"longitude":27.29875},{"id":9356,"name":"Karnobat","latitude":42.65,"longitude":26.98333},{"id":9363,"name":"Kiten","latitude":42.23424,"longitude":27.7749},{"id":9397,"name":"Malko Tarnovo","latitude":41.97958,"longitude":27.52477},{"id":9406,"name":"Nesebar","latitude":42.65921,"longitude":27.73602},{"id":9419,"name":"Obshtina Aytos","latitude":42.7,"longitude":27.25},{"id":9442,"name":"Obshtina Burgas","latitude":42.5,"longitude":27.46667},{"id":9495,"name":"Obshtina Kameno","latitude":42.51667,"longitude":27.18333},{"id":9498,"name":"Obshtina Karnobat","latitude":42.65,"longitude":26.98333},{"id":9529,"name":"Obshtina Malko Tarnovo","latitude":42.08333,"longitude":27.53333},{"id":9538,"name":"Obshtina Nesebar","latitude":42.78333,"longitude":27.73333},{"id":9560,"name":"Obshtina Pomorie","latitude":42.73333,"longitude":27.55},{"id":9564,"name":"Obshtina Primorsko","latitude":42.25,"longitude":27.63333},{"id":9596,"name":"Obshtina Sozopol","latitude":42.31123,"longitude":27.51733},{"id":9605,"name":"Obshtina Sungurlare","latitude":42.83333,"longitude":26.83333},{"id":9640,"name":"Obzor","latitude":42.81998,"longitude":27.88007},{"id":9658,"name":"Pomorie","latitude":42.56326,"longitude":27.62986},{"id":9662,"name":"Primorsko","latitude":42.26791,"longitude":27.75611},{"id":9668,"name":"Ravda","latitude":42.64185,"longitude":27.67713},{"id":9674,"name":"Ruen","latitude":42.8,"longitude":27.28333},{"id":9683,"name":"Sarafovo","latitude":42.56079,"longitude":27.52195},{"id":9702,"name":"Sozopol","latitude":42.41801,"longitude":27.6956},{"id":9703,"name":"Sredets","latitude":42.34747,"longitude":27.17898},{"id":9713,"name":"Sungurlare","latitude":42.76667,"longitude":26.78333},{"id":9715,"name":"Sveti Vlas","latitude":42.7136,"longitude":27.75867},{"id":9728,"name":"Tsarevo","latitude":42.16955,"longitude":27.84541}]