[{"id":16209,"name":"Behchokǫ̀","latitude":62.8025,"longitude":-116.04639},{"id":16431,"name":"Fort McPherson","latitude":67.43863,"longitude":-134.88543},{"id":16434,"name":"Fort Smith","latitude":60.00439,"longitude":-111.88871},{"id":16498,"name":"Hay River","latitude":60.81555,"longitude":-115.79993},{"id":16522,"name":"Inuvik","latitude":68.34986,"longitude":-133.72181},{"id":16753,"name":"Norman Wells","latitude":65.28201,"longitude":-126.8329},{"id":17221,"name":"Yellowknife","latitude":62.45411,"longitude":-114.37248}]