[{"id":15730,"name":"Botlhapatlou","latitude":-24.02591,"longitude":25.48976},{"id":15733,"name":"Dutlwe","latitude":-23.98333,"longitude":23.9},{"id":15734,"name":"Gabane","latitude":-24.66667,"longitude":25.78222},{"id":15736,"name":"Gaphatshwe","latitude":-24.57389,"longitude":25.83417},{"id":15746,"name":"Khudumelapye","latitude":-23.88333,"longitude":24.75},{"id":15749,"name":"Lenchwe Le Tau","latitude":-24.38333,"longitude":25.85},{"id":15751,"name":"Letlhakeng","latitude":-24.09442,"longitude":25.02977},{"id":15766,"name":"Metsemotlhaba","latitude":-24.55139,"longitude":25.80306},{"id":15768,"name":"Mmopone","latitude":-24.56694,"longitude":25.87417},{"id":15771,"name":"Mogoditshane","latitude":-24.62694,"longitude":25.86556},{"id":15773,"name":"Molepolole","latitude":-24.40659,"longitude":25.49508},{"id":15779,"name":"Nkoyaphiri","latitude":-24.63222,"longitude":25.83139},{"id":15799,"name":"Thamaga","latitude":-24.67014,"longitude":25.53975}]