[{"id":1657,"name":"Andau","latitude":47.77441,"longitude":17.03293},{"id":1671,"name":"Antau","latitude":47.77377,"longitude":16.47984},{"id":1673,"name":"Apetlon","latitude":47.74394,"longitude":16.8302},{"id":1734,"name":"Bad Sauerbrunn","latitude":47.77439,"longitude":16.32841},{"id":1737,"name":"Bad Tatzmannsdorf","latitude":47.33126,"longitude":16.23067},{"id":1743,"name":"Badersdorf","latitude":47.2,"longitude":16.36667},{"id":1765,"name":"Bernstein","latitude":47.4,"longitude":16.25},{"id":1787,"name":"Bocksdorf","latitude":47.14256,"longitude":16.17784},{"id":1798,"name":"Breitenbrunn","latitude":47.94452,"longitude":16.73149},{"id":1811,"name":"Bruckneudorf","latitude":48.01667,"longitude":16.78333},{"id":1839,"name":"Deutsch Jahrndorf","latitude":48.01667,"longitude":17.1},{"id":1840,"name":"Deutsch Kaltenbrunn","latitude":47.09455,"longitude":16.13145},{"id":1843,"name":"Deutschkreutz","latitude":47.6,"longitude":16.63333},{"id":1859,"name":"Donnerskirchen","latitude":47.89425,"longitude":16.64635},{"id":1868,"name":"Drassburg","latitude":47.74645,"longitude":16.48679},{"id":1888,"name":"Eberau","latitude":47.10764,"longitude":16.46044},{"id":1902,"name":"Edelstal","latitude":48.1,"longitude":16.98333},{"id":1924,"name":"Eisenstadt","latitude":47.84565,"longitude":16.52327},{"id":1925,"name":"Eisenstadt Stadt","latitude":47.8445,"longitude":16.52575},{"id":1926,"name":"Eisenstadt-Umgebung","latitude":47.83333,"longitude":16.58333},{"id":1934,"name":"Eltendorf","latitude":47.0087,"longitude":16.20239},{"id":2005,"name":"Forchtenstein","latitude":47.71161,"longitude":16.34525},{"id":2014,"name":"Frauenkirchen","latitude":47.83678,"longitude":16.92581},{"id":2064,"name":"Gattendorf","latitude":48.01667,"longitude":16.98333},{"id":2104,"name":"Gols","latitude":47.89689,"longitude":16.91113},{"id":2111,"name":"Grafenschachen","latitude":47.36667,"longitude":16.06667},{"id":2141,"name":"Grosshöflein","latitude":47.83586,"longitude":16.48035},{"id":2142,"name":"Grosspetersdorf","latitude":47.23895,"longitude":16.31783},{"id":2197,"name":"Güssing","latitude":47.05936,"longitude":16.32431},{"id":2198,"name":"Güttenbach","latitude":47.1571,"longitude":16.2923},{"id":2203,"name":"Hackerberg","latitude":47.2,"longitude":16.11667},{"id":2222,"name":"Halbturn","latitude":47.87019,"longitude":16.97542},{"id":2228,"name":"Hannersdorf","latitude":47.22895,"longitude":16.3825},{"id":2259,"name":"Heiligenbrunn","latitude":47.02705,"longitude":16.41688},{"id":2263,"name":"Heiligenkreuz im Lafnitztal","latitude":46.98917,"longitude":16.26083},{"id":2278,"name":"Heugraben","latitude":47.11783,"longitude":16.19041},{"id":2290,"name":"Hirm","latitude":47.78652,"longitude":16.4546},{"id":2330,"name":"Horitschon","latitude":47.58729,"longitude":16.54696},{"id":2332,"name":"Hornstein","latitude":47.88049,"longitude":16.44447},{"id":2351,"name":"Illmitz","latitude":47.76148,"longitude":16.80024},{"id":2362,"name":"Inzenhof","latitude":47.01667,"longitude":16.31667},{"id":2370,"name":"Jabing","latitude":47.2388,"longitude":16.27659},{"id":2377,"name":"Jennersdorf","latitude":46.93848,"longitude":16.14158},{"id":2381,"name":"Jois","latitude":47.96165,"longitude":16.79604},{"id":2390,"name":"Kaisersdorf","latitude":47.53741,"longitude":16.39198},{"id":2418,"name":"Kemeten","latitude":47.24859,"longitude":16.15213},{"id":2442,"name":"Kittsee","latitude":48.0925,"longitude":17.06389},{"id":2454,"name":"Kleinhöflein im Burgenland","latitude":47.84151,"longitude":16.50413},{"id":2456,"name":"Kleinmürbisch","latitude":47.03299,"longitude":16.32448},{"id":2460,"name":"Klingenbach","latitude":47.75202,"longitude":16.54069},{"id":2467,"name":"Kobersdorf","latitude":47.59572,"longitude":16.39173},{"id":2469,"name":"Kohfidisch","latitude":47.17472,"longitude":16.35701},{"id":2509,"name":"Königsdorf","latitude":47.0,"longitude":16.16667},{"id":2487,"name":"Krensdorf","latitude":47.78552,"longitude":16.41495},{"id":2504,"name":"Kukmirn","latitude":47.07544,"longitude":16.21033},{"id":2523,"name":"Lackenbach","latitude":47.59042,"longitude":16.46533},{"id":2524,"name":"Lackendorf","latitude":47.58996,"longitude":16.50404},{"id":2568,"name":"Leithaprodersdorf","latitude":47.93348,"longitude":16.47915},{"id":2606,"name":"Litzelsdorf","latitude":47.20826,"longitude":16.1717},{"id":2608,"name":"Lockenhaus","latitude":47.40753,"longitude":16.41623},{"id":2611,"name":"Loipersbach im Burgenland","latitude":47.69656,"longitude":16.47919},{"id":2614,"name":"Loretto","latitude":47.91559,"longitude":16.5179},{"id":2622,"name":"Lutzmannsburg","latitude":47.46373,"longitude":16.63665},{"id":2631,"name":"Mannersdorf an der Rabnitz","latitude":47.42815,"longitude":16.52678},{"id":2654,"name":"Mariasdorf","latitude":47.3658,"longitude":16.23136},{"id":2661,"name":"Markt Allhau","latitude":47.28333,"longitude":16.08333},{"id":2662,"name":"Markt Neuhodis","latitude":47.29565,"longitude":16.39564},{"id":2664,"name":"Markt Sankt Martin","latitude":47.56205,"longitude":16.42508},{"id":2666,"name":"Marz","latitude":47.71667,"longitude":16.41667},{"id":2669,"name":"Mattersburg","latitude":47.73333,"longitude":16.4},{"id":2705,"name":"Mischendorf","latitude":47.19277,"longitude":16.31444},{"id":2718,"name":"Mitterpullendorf","latitude":47.49325,"longitude":16.52129},{"id":2722,"name":"Mogersdorf","latitude":46.94917,"longitude":16.23222},{"id":2745,"name":"Mönchhof","latitude":47.8802,"longitude":16.94126},{"id":2748,"name":"Mörbisch am See","latitude":47.75,"longitude":16.66667},{"id":2730,"name":"Moschendorf","latitude":47.05843,"longitude":16.47728},{"id":2759,"name":"Mühlgraben","latitude":46.88972,"longitude":16.04083},{"id":2760,"name":"Müllendorf","latitude":47.83943,"longitude":16.46258},{"id":2776,"name":"Neckenmarkt","latitude":47.59964,"longitude":16.5467},{"id":2787,"name":"Neuberg im Burgenland","latitude":47.16894,"longitude":16.26054},{"id":2790,"name":"Neudörfl","latitude":47.79655,"longitude":16.2977},{"id":2792,"name":"Neufeld an der Leitha","latitude":47.86558,"longitude":16.37856},{"id":2795,"name":"Neuhaus am Klausenbach","latitude":46.86667,"longitude":16.03333},{"id":2811,"name":"Neusiedl am See","latitude":47.94901,"longitude":16.8417},{"id":2813,"name":"Neustift an der Lafnitz","latitude":47.36667,"longitude":16.03333},{"id":2814,"name":"Neustift bei Güssing","latitude":47.02474,"longitude":16.26041},{"id":2816,"name":"Neutal","latitude":47.54548,"longitude":16.44619},{"id":2819,"name":"Nickelsdorf","latitude":47.94056,"longitude":17.06944},{"id":2834,"name":"Nikitsch","latitude":47.53615,"longitude":16.66017},{"id":2848,"name":"Oberdorf im Burgenland","latitude":47.21667,"longitude":16.21667},{"id":2859,"name":"Oberloisdorf","latitude":47.44736,"longitude":16.50764},{"id":2871,"name":"Oberpullendorf","latitude":47.50352,"longitude":16.50447},{"id":2873,"name":"Oberschützen","latitude":47.35138,"longitude":16.20732},{"id":2884,"name":"Oberwart","latitude":47.28971,"longitude":16.20595},{"id":2896,"name":"Oggau","latitude":47.83333,"longitude":16.66667},{"id":2898,"name":"Olbendorf","latitude":47.18333,"longitude":16.2},{"id":2899,"name":"Ollersdorf im Burgenland","latitude":47.18333,"longitude":16.16667},{"id":2905,"name":"Oslip","latitude":47.82906,"longitude":16.61957},{"id":2921,"name":"Pama","latitude":48.05,"longitude":17.03333},{"id":2922,"name":"Pamhagen","latitude":47.70092,"longitude":16.90779},{"id":2924,"name":"Parndorf","latitude":47.99963,"longitude":16.86049},{"id":2968,"name":"Pilgersdorf","latitude":47.44106,"longitude":16.3492},{"id":2972,"name":"Pinkafeld","latitude":47.36667,"longitude":16.11667},{"id":2975,"name":"Piringsdorf","latitude":47.44826,"longitude":16.41516},{"id":2985,"name":"Podersdorf am See","latitude":47.85412,"longitude":16.83706},{"id":3005,"name":"Politischer Bezirk Güssing","latitude":47.10164,"longitude":16.30363},{"id":3013,"name":"Politischer Bezirk Jennersdorf","latitude":46.96667,"longitude":16.15},{"id":3027,"name":"Politischer Bezirk Mattersburg","latitude":47.73823,"longitude":16.39486},{"id":3034,"name":"Politischer Bezirk Neusiedl am See","latitude":47.88853,"longitude":16.92465},{"id":3035,"name":"Politischer Bezirk Oberpullendorf","latitude":47.50184,"longitude":16.50593},{"id":3036,"name":"Politischer Bezirk Oberwart","latitude":47.28854,"longitude":16.20861},{"id":3109,"name":"Pöttelsdorf","latitude":47.75369,"longitude":16.43864},{"id":3111,"name":"Pöttsching","latitude":47.80445,"longitude":16.37109},{"id":3070,"name":"Potzneusiedl","latitude":48.04504,"longitude":16.9477},{"id":3098,"name":"Purbach am Neusiedler See","latitude":47.91289,"longitude":16.69561},{"id":3129,"name":"Raiding","latitude":47.56581,"longitude":16.53056},{"id":3156,"name":"Rechnitz","latitude":47.30467,"longitude":16.44095},{"id":3190,"name":"Riedlingsdorf","latitude":47.35,"longitude":16.13333},{"id":3197,"name":"Ritzing","latitude":47.61316,"longitude":16.49546},{"id":3198,"name":"Rohr im Burgenland","latitude":47.11667,"longitude":16.16667},{"id":3204,"name":"Rohrbach bei Mattersburg","latitude":47.7052,"longitude":16.43005},{"id":3213,"name":"Rotenturm an der Pinka","latitude":47.25,"longitude":16.25},{"id":3216,"name":"Rudersdorf","latitude":47.05,"longitude":16.11667},{"id":3220,"name":"Rust","latitude":47.80122,"longitude":16.67158},{"id":3221,"name":"Rust Stadt","latitude":47.80174,"longitude":16.6721},{"id":3240,"name":"Sankt Andrä am Zicksee","latitude":47.7841,"longitude":16.94195},{"id":3253,"name":"Sankt Georgen am Leithagebirge","latitude":47.85,"longitude":16.55},{"id":3297,"name":"Sankt Margarethen im Burgenland","latitude":47.80335,"longitude":16.60875},{"id":3305,"name":"Sankt Martin an der Raab","latitude":46.9225,"longitude":16.13611},{"id":3309,"name":"Sankt Michael im Burgenland","latitude":47.12852,"longitude":16.27148},{"id":3353,"name":"Schachendorf","latitude":47.26667,"longitude":16.43333},{"id":3357,"name":"Schandorf","latitude":47.24183,"longitude":16.42267},{"id":3362,"name":"Schattendorf","latitude":47.70973,"longitude":16.50979},{"id":3424,"name":"Schützen am Gebirge","latitude":47.85233,"longitude":16.62334},{"id":3449,"name":"Siegendorf im Burgenland","latitude":47.78098,"longitude":16.54232},{"id":3451,"name":"Sieggraben","latitude":47.65128,"longitude":16.37993},{"id":3456,"name":"Sigless","latitude":47.77533,"longitude":16.39503},{"id":3492,"name":"Stadtschlaining","latitude":47.31667,"longitude":16.28333},{"id":3509,"name":"Stegersbach","latitude":47.16667,"longitude":16.16667},{"id":3516,"name":"Steinbrunn","latitude":47.83333,"longitude":16.41667},{"id":3530,"name":"Stinatz","latitude":47.20266,"longitude":16.13312},{"id":3535,"name":"Stoob","latitude":47.52845,"longitude":16.4776},{"id":3536,"name":"Stotzing","latitude":47.90688,"longitude":16.5458},{"id":3550,"name":"Strem","latitude":47.04498,"longitude":16.41426},{"id":3568,"name":"Tadten","latitude":47.76667,"longitude":16.98333},{"id":3605,"name":"Tobaj","latitude":47.08333,"longitude":16.3},{"id":3615,"name":"Trausdorf an der Wulka","latitude":47.8135,"longitude":16.5576},{"id":3630,"name":"Tschanigraben","latitude":47.01667,"longitude":16.3},{"id":3652,"name":"Unterfrauenhaid","latitude":47.57116,"longitude":16.49885},{"id":3654,"name":"Unterkohlstätten","latitude":47.38333,"longitude":16.31667},{"id":3666,"name":"Unterwart","latitude":47.25,"longitude":16.23333},{"id":3737,"name":"Wallern im Burgenland","latitude":47.72847,"longitude":16.93706},{"id":3756,"name":"Weichselbaum","latitude":46.9425,"longitude":16.1875},{"id":3757,"name":"Weiden am See","latitude":47.92532,"longitude":16.86899},{"id":3758,"name":"Weiden bei Rechnitz","latitude":47.3,"longitude":16.35},{"id":3767,"name":"Weingraben","latitude":47.51393,"longitude":16.36375},{"id":3791,"name":"Weppersdorf","latitude":47.57954,"longitude":16.42679},{"id":3809,"name":"Wiesen","latitude":47.73776,"longitude":16.33798},{"id":3810,"name":"Wiesfleck","latitude":47.38458,"longitude":16.14552},{"id":3823,"name":"Wimpassing an der Leitha","latitude":47.91667,"longitude":16.43333},{"id":3826,"name":"Winden am See","latitude":47.95,"longitude":16.75},{"id":3838,"name":"Wolfau","latitude":47.25,"longitude":16.1},{"id":3859,"name":"Wörterberg","latitude":47.21667,"longitude":16.1},{"id":3850,"name":"Wulkaprodersdorf","latitude":47.79753,"longitude":16.50447},{"id":3866,"name":"Zagersdorf","latitude":47.76471,"longitude":16.51382},{"id":3887,"name":"Zillingtal","latitude":47.81442,"longitude":16.40928},{"id":3890,"name":"Zurndorf","latitude":47.98314,"longitude":17.00315}]