[{"id":15652,"name":"Água Branca","latitude":-9.26988,"longitude":-37.91917},{"id":10227,"name":"Anadia","latitude":-9.67495,"longitude":-36.3379},{"id":10337,"name":"Arapiraca","latitude":-9.7438,"longitude":-36.59315},{"id":10434,"name":"Atalaia","latitude":-9.50194,"longitude":-36.02278},{"id":10527,"name":"Barra de Santo Antônio","latitude":-9.40472,"longitude":-35.50722},{"id":10529,"name":"Barra de São Miguel","latitude":-9.8123,"longitude":-35.96087},{"id":10581,"name":"Batalha","latitude":-9.73256,"longitude":-37.08877},{"id":10616,"name":"Belém","latitude":-9.54424,"longitude":-36.50196},{"id":10609,"name":"Belo Monte","latitude":-9.80521,"longitude":-37.19157},{"id":10677,"name":"Boca da Mata","latitude":-9.64651,"longitude":-36.14134},{"id":10767,"name":"Branquinha","latitude":-9.21168,"longitude":-36.08956},{"id":10883,"name":"Cacimbinhas","latitude":-9.40028,"longitude":-36.99028},{"id":10919,"name":"Cajueiro","latitude":-9.71667,"longitude":-36.45},{"id":10957,"name":"Campestre","latitude":-8.89393,"longitude":-35.53237},{"id":10976,"name":"Campo Alegre","latitude":-9.78194,"longitude":-36.35083},{"id":10990,"name":"Campo Grande","latitude":-9.94997,"longitude":-36.75593},{"id":11024,"name":"Canapi","latitude":-9.17327,"longitude":-37.51985},{"id":11066,"name":"Capela","latitude":-9.39342,"longitude":-36.1239},{"id":11160,"name":"Carneiros","latitude":-9.46467,"longitude":-37.35559},{"id":11287,"name":"Chã Preta","latitude":-9.22921,"longitude":-36.33049},{"id":11317,"name":"Coité do Nóia","latitude":-9.62616,"longitude":-36.60044},{"id":11336,"name":"Colônia Leopoldina","latitude":-8.94183,"longitude":-35.76005},{"id":11394,"name":"Coqueiro Seco","latitude":-9.64656,"longitude":-35.80938},{"id":11445,"name":"Coruripe","latitude":-10.12556,"longitude":-36.17556},{"id":11464,"name":"Craíbas","latitude":-9.60115,"longitude":-36.80273},{"id":11569,"name":"Delmiro Gouveia","latitude":-9.38861,"longitude":-37.99917},{"id":11619,"name":"Dois Riachos","latitude":-9.3925,"longitude":-37.10056},{"id":11752,"name":"Estrela de Alagoas","latitude":-9.39858,"longitude":-36.76219},{"id":11789,"name":"Feira Grande","latitude":-9.9247,"longitude":-36.66953},{"id":11799,"name":"Feliz Deserto","latitude":-10.2908,"longitude":-36.35367},{"id":11824,"name":"Flexeiras","latitude":-9.20061,"longitude":-35.78},{"id":11945,"name":"Girau do Ponciano","latitude":-9.88417,"longitude":-36.82889},{"id":12123,"name":"Ibateguara","latitude":-8.9725,"longitude":-35.93944},{"id":12177,"name":"Igaci","latitude":-9.53694,"longitude":-36.63361},{"id":12193,"name":"Igreja Nova","latitude":-10.1666,"longitude":-36.61724},{"id":12249,"name":"Inhapi","latitude":-9.22139,"longitude":-37.74861},{"id":12522,"name":"Jacaré dos Homens","latitude":-9.67278,"longitude":-37.22275},{"id":12535,"name":"Jacuípe","latitude":-8.87722,"longitude":-35.45885},{"id":12566,"name":"Japaratinga","latitude":-9.099,"longitude":-35.29631},{"id":12582,"name":"Jaramataia","latitude":-9.65053,"longitude":-36.96036},{"id":12618,"name":"Jequiá da Praia","latitude":-9.91151,"longitude":-36.09896},{"id":12637,"name":"Joaquim Gomes","latitude":-9.10352,"longitude":-35.73739},{"id":12686,"name":"Jundiá","latitude":-8.93472,"longitude":-35.57361},{"id":12688,"name":"Junqueiro","latitude":-9.88524,"longitude":-36.4564},{"id":12749,"name":"Lagoa da Canoa","latitude":-9.82972,"longitude":-36.73778},{"id":12832,"name":"Limoeiro de Anadia","latitude":-9.72685,"longitude":-36.45407},{"id":12896,"name":"Maceió","latitude":-9.66583,"longitude":-35.73528},{"id":12921,"name":"Major Isidoro","latitude":-9.53222,"longitude":-36.985},{"id":12961,"name":"Mar Vermelho","latitude":-9.49247,"longitude":-36.35042},{"id":12973,"name":"Maragogi","latitude":-9.01222,"longitude":-35.2225},{"id":12985,"name":"Maravilha","latitude":-9.22305,"longitude":-37.37936},{"id":12999,"name":"Marechal Deodoro","latitude":-9.71028,"longitude":-35.895},{"id":13011,"name":"Maribondo","latitude":-9.57722,"longitude":-36.30528},{"id":13046,"name":"Mata Grande","latitude":-8.98543,"longitude":-37.7615},{"id":13073,"name":"Matriz de Camaragibe","latitude":-9.15167,"longitude":-35.53333},{"id":13106,"name":"Messias","latitude":-9.38333,"longitude":-35.84167},{"id":13121,"name":"Minador do Negrão","latitude":-9.30528,"longitude":-36.86472},{"id":13217,"name":"Monteirópolis","latitude":-9.62019,"longitude":-37.2935},{"id":13280,"name":"Murici","latitude":-9.29835,"longitude":-35.89999},{"id":13468,"name":"Novo Lino","latitude":-8.88091,"longitude":-35.61948},{"id":13497,"name":"Olho d'Água das Flores","latitude":-9.54034,"longitude":-37.25214},{"id":13498,"name":"Olho d'Água do Casado","latitude":-9.45648,"longitude":-37.83496},{"id":13495,"name":"Olho d'Água Grande","latitude":-10.05622,"longitude":-36.79522},{"id":13510,"name":"Olivença","latitude":-9.51861,"longitude":-37.19056},{"id":13539,"name":"Ouro Branco","latitude":-9.12895,"longitude":-37.37367},{"id":13575,"name":"Palestina","latitude":-9.67504,"longitude":-37.331},{"id":13594,"name":"Palmeira dos Índios","latitude":-9.40902,"longitude":-36.60651},{"id":14119,"name":"Pão de Açúcar","latitude":-9.68353,"longitude":-37.45431},{"id":13671,"name":"Pariconha","latitude":-9.22039,"longitude":-38.0167},{"id":13674,"name":"Paripueira","latitude":-9.4294,"longitude":-35.58979},{"id":13697,"name":"Passo de Camaragibe","latitude":-9.29865,"longitude":-35.42788},{"id":13734,"name":"Paulo Jacinto","latitude":-9.36843,"longitude":-36.39294},{"id":13795,"name":"Penedo","latitude":-10.24448,"longitude":-36.46992},{"id":13827,"name":"Piaçabuçu","latitude":-10.40556,"longitude":-36.43444},{"id":13837,"name":"Pilar","latitude":-9.61752,"longitude":-36.06323},{"id":13852,"name":"Pindoba","latitude":-9.47492,"longitude":-36.30343},{"id":13897,"name":"Piranhas","latitude":-9.54806,"longitude":-37.74529},{"id":14051,"name":"Poço das Trincheiras","latitude":-9.3125,"longitude":-37.28556},{"id":14001,"name":"Porto Calvo","latitude":-9.045,"longitude":-35.39833},{"id":14026,"name":"Porto de Pedras","latitude":-9.11562,"longitude":-35.39158},{"id":14014,"name":"Porto Real do Colégio","latitude":-10.10538,"longitude":-36.72695},{"id":14136,"name":"Quebrangulo","latitude":-9.31889,"longitude":-36.47111},{"id":14279,"name":"Rio Largo","latitude":-9.47833,"longitude":-35.85333},{"id":14356,"name":"Roteiro","latitude":-9.85906,"longitude":-35.98311},{"id":14495,"name":"Santa Luzia do Norte","latitude":-9.61082,"longitude":-35.82917},{"id":14582,"name":"Santana do Ipanema","latitude":-9.37833,"longitude":-37.24528},{"id":14589,"name":"Santana do Mundaú","latitude":-9.16806,"longitude":-36.22222},{"id":14850,"name":"São Brás","latitude":-10.12409,"longitude":-36.85043},{"id":14944,"name":"São José da Laje","latitude":-9.00972,"longitude":-36.05833},{"id":14947,"name":"São José da Tapera","latitude":-9.55833,"longitude":-37.38111},{"id":15067,"name":"São Luís do Quitunde","latitude":-9.31833,"longitude":-35.56111},{"id":15097,"name":"São Miguel dos Campos","latitude":-9.78111,"longitude":-36.09361},{"id":15098,"name":"São Miguel dos Milagres","latitude":-9.25423,"longitude":-35.38419},{"id":15136,"name":"São Sebastião","latitude":-9.96698,"longitude":-36.5528},{"id":14673,"name":"Satuba","latitude":-9.56333,"longitude":-35.82444},{"id":14706,"name":"Senador Rui Palmeira","latitude":-9.33827,"longitude":-37.55968},{"id":15221,"name":"Tanque d'Arca","latitude":-9.56069,"longitude":-36.40824},{"id":15243,"name":"Taquarana","latitude":-9.64342,"longitude":-36.49419},{"id":15282,"name":"Teotônio Vilela","latitude":-9.99012,"longitude":-36.43273},{"id":15347,"name":"Traipu","latitude":-9.8924,"longitude":-36.97849},{"id":15463,"name":"União dos Palmares","latitude":-9.13251,"longitude":-36.08182},{"id":15606,"name":"Viçosa","latitude":-9.36022,"longitude":-36.32095}]