[{"id":1604,"name":"Abtissendorf","latitude":46.99583,"longitude":15.45639},{"id":1610,"name":"Admont","latitude":47.57537,"longitude":14.46075},{"id":1613,"name":"Aflenz Kurort","latitude":47.54211,"longitude":15.23898},{"id":1616,"name":"Aibl","latitude":46.68145,"longitude":15.22619},{"id":1618,"name":"Aigen im Ennstal","latitude":47.51667,"longitude":14.13333},{"id":1624,"name":"Albersdorf","latitude":47.12166,"longitude":15.69826},{"id":1629,"name":"Allerheiligen bei Wildon","latitude":46.91417,"longitude":15.55444},{"id":1631,"name":"Allerheiligen im Mürztal","latitude":47.46667,"longitude":15.4},{"id":1636,"name":"Altaussee","latitude":47.63844,"longitude":13.76278},{"id":1642,"name":"Altenmarkt bei Fürstenfeld","latitude":47.06638,"longitude":16.04785},{"id":1643,"name":"Altenmarkt bei Sankt Gallen","latitude":47.72327,"longitude":14.64838},{"id":1661,"name":"Andritz","latitude":47.11387,"longitude":15.42348},{"id":1664,"name":"Anger","latitude":47.27422,"longitude":15.69139},{"id":1674,"name":"Apfelberg","latitude":47.2,"longitude":14.83333},{"id":1677,"name":"Ardning","latitude":47.5912,"longitude":14.36372},{"id":1678,"name":"Arnfels","latitude":46.67639,"longitude":15.40306},{"id":1682,"name":"Arzberg","latitude":47.25,"longitude":15.51667},{"id":1694,"name":"Attendorf","latitude":47.00426,"longitude":15.33897},{"id":1707,"name":"Auersbach","latitude":47.01667,"longitude":15.86667},{"id":1716,"name":"Bad Aussee","latitude":47.60998,"longitude":13.78243},{"id":1717,"name":"Bad Blumau","latitude":47.11667,"longitude":16.05},{"id":1721,"name":"Bad Gams","latitude":46.87111,"longitude":15.22472},{"id":1723,"name":"Bad Gleichenberg","latitude":46.87556,"longitude":15.90861},{"id":1732,"name":"Bad Radkersburg","latitude":46.68806,"longitude":15.98806},{"id":1740,"name":"Bad Waltersdorf","latitude":47.1696,"longitude":16.0087},{"id":1744,"name":"Baierdorf-Umgebung","latitude":47.28511,"longitude":15.71045},{"id":1745,"name":"Bairisch Kölldorf","latitude":46.86667,"longitude":15.93333},{"id":1823,"name":"Bärnbach","latitude":47.07141,"longitude":15.12792},{"id":1750,"name":"Baumgarten bei Gnas","latitude":46.91667,"longitude":15.76667},{"id":1762,"name":"Berndorf","latitude":47.41667,"longitude":15.26667},{"id":1772,"name":"Bierbaum am Auersbach","latitude":46.82949,"longitude":15.79237},{"id":1775,"name":"Birkfeld","latitude":47.35,"longitude":15.68333},{"id":1780,"name":"Blaindorf","latitude":47.17498,"longitude":15.86795},{"id":1799,"name":"Breitenfeld am Tannenriegel","latitude":46.85,"longitude":15.63333},{"id":1800,"name":"Breitenfeld an der Rittschein","latitude":47.03333,"longitude":15.95},{"id":1803,"name":"Bretstein","latitude":47.33333,"longitude":14.41667},{"id":1810,"name":"Bruck an der Mur","latitude":47.41667,"longitude":15.28333},{"id":1812,"name":"Brunn","latitude":46.72944,"longitude":15.3},{"id":1820,"name":"Burgau","latitude":47.14268,"longitude":16.09643},{"id":1832,"name":"Dechantskirchen","latitude":47.41667,"longitude":16.01667},{"id":1836,"name":"Deuchendorf","latitude":47.46593,"longitude":15.32172},{"id":1837,"name":"Deutsch Goritz","latitude":46.75083,"longitude":15.82944},{"id":1842,"name":"Deutschfeistritz","latitude":47.19852,"longitude":15.33623},{"id":1844,"name":"Deutschlandsberg","latitude":46.81528,"longitude":15.22222},{"id":1846,"name":"Diemlach","latitude":47.4361,"longitude":15.2746},{"id":1847,"name":"Dienersdorf","latitude":47.23979,"longitude":15.90142},{"id":1852,"name":"Dietersdorf","latitude":47.2,"longitude":14.66667},{"id":1853,"name":"Dietersdorf am Gnasbach","latitude":46.80917,"longitude":15.81167},{"id":1857,"name":"Donawitz","latitude":47.36667,"longitude":15.06667},{"id":1858,"name":"Donnersbach","latitude":47.46139,"longitude":14.12972},{"id":1879,"name":"Dürnstein in der Steiermark","latitude":46.98833,"longitude":14.39167},{"id":1892,"name":"Ebersdorf","latitude":47.19852,"longitude":15.96219},{"id":1899,"name":"Edelsbach bei Feldbach","latitude":46.98944,"longitude":15.83694},{"id":1900,"name":"Edelschrott","latitude":47.02156,"longitude":15.05266},{"id":1901,"name":"Edelsgrub","latitude":47.03333,"longitude":15.6},{"id":1903,"name":"Edelstauden","latitude":46.98333,"longitude":15.61667},{"id":1908,"name":"Eggenberg","latitude":47.07,"longitude":15.39871},{"id":1912,"name":"Eggersdorf bei Graz","latitude":47.12338,"longitude":15.60084},{"id":1914,"name":"Ehrenhausen","latitude":46.72417,"longitude":15.58667},{"id":1916,"name":"Eibiswald","latitude":46.68667,"longitude":15.24722},{"id":1917,"name":"Eichberg","latitude":47.38188,"longitude":15.97356},{"id":1919,"name":"Eichfeld","latitude":46.72528,"longitude":15.76806},{"id":1922,"name":"Eisbach","latitude":47.11667,"longitude":15.26667},{"id":1923,"name":"Eisenerz","latitude":47.53333,"longitude":14.88333},{"id":1936,"name":"Empersdorf","latitude":46.99892,"longitude":15.59959},{"id":1945,"name":"Eppenstein","latitude":47.12833,"longitude":14.7375},{"id":1959,"name":"Falkenburg","latitude":47.5,"longitude":14.08333},{"id":1962,"name":"Farrach","latitude":47.18333,"longitude":14.73333},{"id":1964,"name":"Fehring","latitude":46.94,"longitude":16.00806},{"id":1968,"name":"Feistritz bei Knittelfeld","latitude":47.26802,"longitude":14.89334},{"id":1972,"name":"Feldbach","latitude":46.95306,"longitude":15.88833},{"id":1975,"name":"Feldkirchen bei Graz","latitude":47.01667,"longitude":15.45},{"id":1982,"name":"Fernitz","latitude":46.97389,"longitude":15.50111},{"id":1991,"name":"Fischbach","latitude":47.44234,"longitude":15.64972},{"id":1995,"name":"Fladnitz im Raabtal","latitude":46.99167,"longitude":15.78528},{"id":1996,"name":"Flatschach","latitude":47.21667,"longitude":14.75},{"id":2001,"name":"Floing","latitude":47.26356,"longitude":15.7465},{"id":2003,"name":"Fohnsdorf","latitude":47.2,"longitude":14.68333},{"id":2011,"name":"Frannach","latitude":46.91306,"longitude":15.63361},{"id":2013,"name":"Frauenberg","latitude":47.42855,"longitude":15.34206},{"id":2017,"name":"Freidorf an der Laßnitz","latitude":46.81667,"longitude":15.25},{"id":2018,"name":"Freiland bei Deutschlandsberg","latitude":46.83333,"longitude":15.13333},{"id":2023,"name":"Friedberg","latitude":47.43333,"longitude":16.05},{"id":2026,"name":"Frohnleiten","latitude":47.26667,"longitude":15.31667},{"id":2037,"name":"Fürstenfeld","latitude":47.05,"longitude":16.08333},{"id":2039,"name":"Gaal","latitude":47.27268,"longitude":14.67003},{"id":2040,"name":"Gabersdorf","latitude":46.77722,"longitude":15.58417},{"id":2047,"name":"Gallmannsegg","latitude":47.18333,"longitude":15.06667},{"id":2053,"name":"Gamlitz","latitude":46.72028,"longitude":15.55333},{"id":2055,"name":"Gams bei Hieflau","latitude":47.66667,"longitude":14.78333},{"id":2056,"name":"Ganz","latitude":47.6,"longitude":15.68333},{"id":2057,"name":"Garanas","latitude":46.76667,"longitude":15.11667},{"id":2061,"name":"Gasen","latitude":47.38333,"longitude":15.56667},{"id":2070,"name":"Geidorf","latitude":47.08393,"longitude":15.444},{"id":2071,"name":"Geistthal","latitude":47.16667,"longitude":15.16667},{"id":2079,"name":"Gersdorf an der Feistritz","latitude":47.16667,"longitude":15.85},{"id":2085,"name":"Gleinstätten","latitude":46.75361,"longitude":15.36972},{"id":2086,"name":"Gleisdorf","latitude":47.10559,"longitude":15.71011},{"id":2090,"name":"Glojach","latitude":46.86667,"longitude":15.66667},{"id":2097,"name":"Gnas","latitude":46.87306,"longitude":15.82528},{"id":2100,"name":"Gniebing","latitude":46.96252,"longitude":15.85645},{"id":2106,"name":"Gosdorf","latitude":46.72778,"longitude":15.7925},{"id":2187,"name":"Göss","latitude":47.35871,"longitude":15.10015},{"id":2188,"name":"Gössenberg","latitude":47.41667,"longitude":13.81667},{"id":2107,"name":"Gossendorf","latitude":46.91076,"longitude":15.93043},{"id":2190,"name":"Gösting","latitude":47.09788,"longitude":15.39777},{"id":2192,"name":"Göttelsberg","latitude":47.21667,"longitude":15.6},{"id":2108,"name":"Grabersdorf","latitude":46.84306,"longitude":15.82472},{"id":2109,"name":"Grafendorf bei Hartberg","latitude":47.34028,"longitude":15.9906},{"id":2115,"name":"Gralla","latitude":46.81404,"longitude":15.5551},{"id":2119,"name":"Grambach","latitude":47.01473,"longitude":15.50407},{"id":2120,"name":"Gratkorn","latitude":47.13333,"longitude":15.35},{"id":2121,"name":"Gratwein","latitude":47.11667,"longitude":15.31667},{"id":2122,"name":"Graz","latitude":47.06667,"longitude":15.45},{"id":2123,"name":"Graz Stadt","latitude":47.06667,"longitude":15.43333},{"id":2127,"name":"Greisdorf","latitude":46.92647,"longitude":15.21906},{"id":2128,"name":"Gressenberg","latitude":46.8,"longitude":15.11667},{"id":2131,"name":"Gries","latitude":47.06236,"longitude":15.42421},{"id":2165,"name":"Gröbming","latitude":47.44272,"longitude":13.90122},{"id":2145,"name":"Groß Sankt Florian","latitude":46.82444,"longitude":15.31861},{"id":2156,"name":"Großklein","latitude":46.73611,"longitude":15.44444},{"id":2158,"name":"Großlobming","latitude":47.18333,"longitude":14.8},{"id":2162,"name":"Großsölk","latitude":47.41667,"longitude":13.96667},{"id":2144,"name":"Grosssulz","latitude":46.94556,"longitude":15.49028},{"id":2174,"name":"Gundersdorf","latitude":46.95,"longitude":15.23333},{"id":2206,"name":"Hafendorf","latitude":47.45653,"longitude":15.31837},{"id":2217,"name":"Hainersdorf","latitude":47.11506,"longitude":15.94374},{"id":2219,"name":"Hainsdorf im Schwarzautal","latitude":46.83583,"longitude":15.64139},{"id":2221,"name":"Halbenrain","latitude":46.72194,"longitude":15.94667},{"id":2223,"name":"Hall bei Admont","latitude":47.587,"longitude":14.46372},{"id":2236,"name":"Hart bei Graz","latitude":47.04311,"longitude":15.51527},{"id":2238,"name":"Hartberg","latitude":47.28333,"longitude":15.96667},{"id":2241,"name":"Hartl","latitude":47.18333,"longitude":15.91667},{"id":2242,"name":"Hartmannsdorf","latitude":47.05461,"longitude":15.83941},{"id":2246,"name":"Hatzendorf","latitude":46.97686,"longitude":16.00107},{"id":2250,"name":"Haus","latitude":47.40997,"longitude":13.76724},{"id":2251,"name":"Haus im Ennstal","latitude":47.41058,"longitude":13.76759},{"id":2255,"name":"Hausmannstätten","latitude":46.99111,"longitude":15.51139},{"id":2262,"name":"Heiligenkreuz am Waasen","latitude":46.95583,"longitude":15.58806},{"id":2264,"name":"Heimschuh","latitude":46.76,"longitude":15.49306},{"id":2268,"name":"Hengsberg","latitude":46.86667,"longitude":15.43333},{"id":2277,"name":"Hetzendorf","latitude":47.18333,"longitude":14.68333},{"id":2279,"name":"Hieflau","latitude":47.60639,"longitude":14.74503},{"id":2284,"name":"Hinterberg","latitude":47.36066,"longitude":15.06951},{"id":2291,"name":"Hirnsdorf","latitude":47.19167,"longitude":15.82868},{"id":2296,"name":"Hitzendorf","latitude":47.03333,"longitude":15.3},{"id":2301,"name":"Hochtregist","latitude":47.1,"longitude":15.13333},{"id":2337,"name":"Höf","latitude":47.13401,"longitude":15.49092},{"id":2307,"name":"Hof bei Straden","latitude":46.8,"longitude":15.93333},{"id":2311,"name":"Hofstätten an der Raab","latitude":47.06667,"longitude":15.73333},{"id":2313,"name":"Hohenau an der Raab","latitude":47.3,"longitude":15.55},{"id":2318,"name":"Hohentauern","latitude":47.43333,"longitude":14.48333},{"id":2322,"name":"Hollenegg","latitude":46.79147,"longitude":15.21345},{"id":2341,"name":"Hönigsberg","latitude":47.58038,"longitude":15.64808},{"id":2352,"name":"Ilz","latitude":47.08649,"longitude":15.92676},{"id":2357,"name":"Innere Stadt","latitude":47.0665,"longitude":15.44051},{"id":2365,"name":"Irdning","latitude":47.50529,"longitude":14.10155},{"id":2371,"name":"Jagerberg","latitude":46.85361,"longitude":15.73806},{"id":2373,"name":"Jakomini","latitude":47.05441,"longitude":15.44984},{"id":2380,"name":"Johnsbach","latitude":47.53333,"longitude":14.58333},{"id":2382,"name":"Judenburg","latitude":47.16667,"longitude":14.66667},{"id":2383,"name":"Judendorf","latitude":47.4,"longitude":15.1},{"id":2385,"name":"Kaibing","latitude":47.2,"longitude":15.83333},{"id":2386,"name":"Kainach bei Voitsberg","latitude":47.13637,"longitude":15.0953},{"id":2387,"name":"Kainbach","latitude":47.08333,"longitude":15.51667},{"id":2388,"name":"Kaindorf","latitude":47.22537,"longitude":15.91125},{"id":2389,"name":"Kaindorf an der Sulm","latitude":46.79248,"longitude":15.53879},{"id":2391,"name":"Kalsdorf bei Graz","latitude":46.96528,"longitude":15.48028},{"id":2395,"name":"Kalwang","latitude":47.42678,"longitude":14.75442},{"id":2396,"name":"Kammern im Liesingtal","latitude":47.39245,"longitude":14.90407},{"id":2397,"name":"Kapellen","latitude":47.64784,"longitude":15.62863},{"id":2399,"name":"Kapfenberg","latitude":47.44458,"longitude":15.29331},{"id":2400,"name":"Kapfenstein","latitude":46.88611,"longitude":15.97167},{"id":2423,"name":"Kindberg","latitude":47.5,"longitude":15.45},{"id":2425,"name":"Kirchbach in Steiermark","latitude":46.93167,"longitude":15.66194},{"id":2430,"name":"Kirchberg an der Raab","latitude":46.98583,"longitude":15.76694},{"id":2436,"name":"Kirchenviertel","latitude":47.13124,"longitude":15.34764},{"id":2444,"name":"Kitzeck im Sausal","latitude":46.78072,"longitude":15.45384},{"id":2455,"name":"Kleinlobming","latitude":47.14954,"longitude":14.84875},{"id":2457,"name":"Kleinsöding","latitude":47.0,"longitude":15.28333},{"id":2458,"name":"Kleinsölk","latitude":47.39444,"longitude":13.93944},{"id":2463,"name":"Klöch","latitude":46.76472,"longitude":15.96556},{"id":2461,"name":"Kloster","latitude":46.88333,"longitude":15.08333},{"id":2465,"name":"Knittelfeld","latitude":47.21667,"longitude":14.81667},{"id":2466,"name":"Kobenz","latitude":47.25,"longitude":14.85},{"id":2508,"name":"Köflach","latitude":47.06667,"longitude":15.08333},{"id":2470,"name":"Kohlberg","latitude":46.9,"longitude":15.78333},{"id":2471,"name":"Kohlschwarz","latitude":47.11667,"longitude":15.11667},{"id":2478,"name":"Krakaudorf","latitude":47.18131,"longitude":14.02061},{"id":2479,"name":"Krakauhintermühlen","latitude":47.18333,"longitude":13.98333},{"id":2480,"name":"Krakauschatten","latitude":47.18333,"longitude":13.96667},{"id":2482,"name":"Kraubath an der Mur","latitude":47.3,"longitude":14.93333},{"id":2488,"name":"Krieglach","latitude":47.54728,"longitude":15.56248},{"id":2493,"name":"Krottendorf","latitude":47.2,"longitude":15.63333},{"id":2494,"name":"Krottendorf bei Ligist","latitude":47.01667,"longitude":15.21667},{"id":2498,"name":"Krumegg","latitude":47.02111,"longitude":15.63139},{"id":2501,"name":"Krusdorf","latitude":46.83944,"longitude":15.86083},{"id":2505,"name":"Kulm am Zirbitz","latitude":47.05814,"longitude":14.48702},{"id":2506,"name":"Kumberg","latitude":47.16422,"longitude":15.53261},{"id":2522,"name":"Labuch","latitude":47.06667,"longitude":15.66667},{"id":2527,"name":"Lafnitz","latitude":47.36792,"longitude":16.01103},{"id":2532,"name":"Landl","latitude":47.65666,"longitude":14.73189},{"id":2534,"name":"Lang","latitude":46.83765,"longitude":15.50471},{"id":2536,"name":"Langegg bei Graz","latitude":47.05,"longitude":15.63333},{"id":2543,"name":"Langenwang","latitude":47.56667,"longitude":15.61667},{"id":2547,"name":"Lannach","latitude":46.94611,"longitude":15.33722},{"id":2552,"name":"Lassnitzhöhe","latitude":47.06667,"longitude":15.58333},{"id":2564,"name":"Leibnitz","latitude":46.78161,"longitude":15.53836},{"id":2566,"name":"Leitendorf","latitude":47.36667,"longitude":15.08333},{"id":2567,"name":"Leitersdorf im Raabtal","latitude":46.94182,"longitude":15.93365},{"id":2569,"name":"Leitring","latitude":46.76667,"longitude":15.56667},{"id":2573,"name":"Lend","latitude":47.08256,"longitude":15.41589},{"id":2578,"name":"Leoben","latitude":47.3765,"longitude":15.09144},{"id":2589,"name":"Leutschach","latitude":46.66722,"longitude":15.46889},{"id":2593,"name":"Liebenau","latitude":47.03333,"longitude":15.46667},{"id":2595,"name":"Lieboch","latitude":46.97417,"longitude":15.3375},{"id":2597,"name":"Liesingtal","latitude":47.34597,"longitude":15.01352},{"id":2598,"name":"Liezen","latitude":47.56667,"longitude":14.23333},{"id":2599,"name":"Ligist","latitude":46.99389,"longitude":15.21083},{"id":2624,"name":"Lödersdorf","latitude":46.95861,"longitude":15.94333},{"id":2612,"name":"Loipersdorf bei Fürstenfeld","latitude":47.0,"longitude":16.1},{"id":2625,"name":"Maierdorf","latitude":46.8925,"longitude":15.84972},{"id":2643,"name":"Maria Lankowitz","latitude":47.0622,"longitude":15.06525},{"id":2652,"name":"Mariahof","latitude":47.1,"longitude":14.4},{"id":2657,"name":"Mariatrost","latitude":47.1,"longitude":15.5},{"id":2658,"name":"Mariazell","latitude":47.77306,"longitude":15.31639},{"id":2680,"name":"Mautern in Steiermark","latitude":47.4,"longitude":14.83333},{"id":2689,"name":"Mellach","latitude":46.93333,"longitude":15.51667},{"id":2691,"name":"Merkendorf","latitude":46.85722,"longitude":15.90389},{"id":2693,"name":"Mettersdorf am Saßbach","latitude":46.80583,"longitude":15.71111},{"id":2694,"name":"Michaelerberg","latitude":47.41083,"longitude":13.89333},{"id":2710,"name":"Mitterdorf an der Raab","latitude":47.16667,"longitude":15.6},{"id":2711,"name":"Mitterdorf im Mürztal","latitude":47.53333,"longitude":15.51667},{"id":2714,"name":"Mitterlabill","latitude":46.88917,"longitude":15.63556},{"id":2717,"name":"Mitterndorf im Steirischen Salzkammergut","latitude":47.55556,"longitude":13.93187},{"id":2721,"name":"Modriach","latitude":46.95,"longitude":15.05},{"id":2747,"name":"Mönichwald","latitude":47.44655,"longitude":15.88275},{"id":2728,"name":"Mooskirchen","latitude":46.98167,"longitude":15.27889},{"id":2729,"name":"Mortantsch","latitude":47.20752,"longitude":15.57954},{"id":2757,"name":"Mühldorf bei Feldbach","latitude":46.93861,"longitude":15.9075},{"id":2758,"name":"Mühlen","latitude":47.03071,"longitude":14.50848},{"id":2735,"name":"Murau","latitude":47.11056,"longitude":14.16944},{"id":2736,"name":"Mureck","latitude":46.70806,"longitude":15.77472},{"id":2765,"name":"Mürzhofen","latitude":47.48333,"longitude":15.38333},{"id":2766,"name":"Mürzsteg","latitude":47.67556,"longitude":15.49145},{"id":2767,"name":"Mürzzuschlag","latitude":47.6066,"longitude":15.67226},{"id":2769,"name":"Naas","latitude":47.25086,"longitude":15.59449},{"id":2780,"name":"Nestelbach bei Graz","latitude":47.06053,"longitude":15.6114},{"id":2781,"name":"Nestelbach im Ilztal","latitude":47.08333,"longitude":15.86667},{"id":2786,"name":"Neuberg an der Mürz","latitude":47.66423,"longitude":15.57226},{"id":2788,"name":"Neudau","latitude":47.17554,"longitude":16.10184},{"id":2808,"name":"Neumarkt in Steiermark","latitude":47.07398,"longitude":14.42728},{"id":2817,"name":"Neutillmitsch","latitude":46.81667,"longitude":15.53333},{"id":2833,"name":"Niederöblarn","latitude":47.47667,"longitude":14.01937},{"id":2829,"name":"Niederschöckl","latitude":47.15,"longitude":15.5},{"id":2832,"name":"Niederwölz","latitude":47.15126,"longitude":14.37479},{"id":2835,"name":"Niklasdorf","latitude":47.38333,"longitude":15.15},{"id":2837,"name":"Nitscha","latitude":47.11667,"longitude":15.75},{"id":2842,"name":"Obdach","latitude":47.06667,"longitude":14.68333},{"id":2844,"name":"Oberaich","latitude":47.4,"longitude":15.21667},{"id":2847,"name":"Oberdorf am Hochegg","latitude":46.97861,"longitude":15.72167},{"id":2851,"name":"Oberhaag","latitude":46.6869,"longitude":15.33202},{"id":2857,"name":"Oberkurzheim","latitude":47.23333,"longitude":14.58333},{"id":2870,"name":"Oberpremstätten","latitude":46.97444,"longitude":15.40444},{"id":2872,"name":"Oberrettenbach","latitude":47.15,"longitude":15.8},{"id":2876,"name":"Oberstorcha","latitude":46.96667,"longitude":15.8},{"id":2880,"name":"Obervogau","latitude":46.745,"longitude":15.58472},{"id":2885,"name":"Oberweg","latitude":47.15,"longitude":14.63333},{"id":2887,"name":"Oberwölz Stadt","latitude":47.20117,"longitude":14.28321},{"id":2888,"name":"Oberzeiring","latitude":47.25,"longitude":14.48333},{"id":3897,"name":"Öblarn","latitude":47.45938,"longitude":13.99023},{"id":2900,"name":"Oppenberg","latitude":47.48333,"longitude":14.26667},{"id":2903,"name":"Ortgraben","latitude":47.45,"longitude":16.05},{"id":2908,"name":"Osterwitz","latitude":46.85943,"longitude":15.08998},{"id":2917,"name":"Pack","latitude":46.97917,"longitude":14.98417},{"id":2918,"name":"Paldau","latitude":46.94222,"longitude":15.79583},{"id":2919,"name":"Palfau","latitude":47.7,"longitude":14.8},{"id":2925,"name":"Parschlug","latitude":47.4809,"longitude":15.28645},{"id":2927,"name":"Passail","latitude":47.28333,"longitude":15.51667},{"id":2933,"name":"Peggau","latitude":47.2,"longitude":15.35},{"id":2936,"name":"Perchau am Sattel","latitude":47.1,"longitude":14.45},{"id":2939,"name":"Perlsdorf","latitude":46.91361,"longitude":15.81417},{"id":2941,"name":"Pernegg an der Mur","latitude":47.35979,"longitude":15.34236},{"id":2945,"name":"Pertlstein","latitude":46.94056,"longitude":15.96167},{"id":2962,"name":"Piberegg","latitude":47.09424,"longitude":15.11658},{"id":2965,"name":"Pichling bei Köflach","latitude":47.04785,"longitude":15.07098},{"id":2971,"name":"Pinggau","latitude":47.44232,"longitude":16.06713},{"id":2974,"name":"Pirching am Traubenberg","latitude":46.95,"longitude":15.6},{"id":2976,"name":"Pirka","latitude":47.0,"longitude":15.38333},{"id":2977,"name":"Pischelsdorf in der Steiermark","latitude":47.17417,"longitude":15.80572},{"id":2978,"name":"Pistorf","latitude":46.76667,"longitude":15.36667},{"id":2979,"name":"Pitschgau","latitude":46.7,"longitude":15.26667},{"id":2993,"name":"Politischer Bezirk Bruck-Mürzzuschlag","latitude":47.4188,"longitude":15.27512},{"id":2994,"name":"Politischer Bezirk Deutschlandsberg","latitude":46.75,"longitude":15.2},{"id":3002,"name":"Politischer Bezirk Graz-Umgebung","latitude":47.1386,"longitude":15.38823},{"id":3007,"name":"Politischer Bezirk Hartberg-Fürstenfeld","latitude":47.27923,"longitude":15.98373},{"id":3021,"name":"Politischer Bezirk Leibnitz","latitude":46.79565,"longitude":15.51849},{"id":3022,"name":"Politischer Bezirk Leoben","latitude":47.41667,"longitude":14.91667},{"id":3024,"name":"Politischer Bezirk Liezen","latitude":47.53521,"longitude":14.34314},{"id":3030,"name":"Politischer Bezirk Murau","latitude":47.13333,"longitude":14.2},{"id":3031,"name":"Politischer Bezirk Murtal","latitude":47.16964,"longitude":14.66469},{"id":3050,"name":"Politischer Bezirk Südoststeiermark","latitude":46.94089,"longitude":15.88623},{"id":3055,"name":"Politischer Bezirk Voitsberg","latitude":47.05,"longitude":15.1},{"id":3059,"name":"Politischer Bezirk Weiz","latitude":47.3,"longitude":15.65},{"id":3105,"name":"Pöllau","latitude":47.3,"longitude":15.83333},{"id":3106,"name":"Pöllauberg","latitude":47.31667,"longitude":15.85},{"id":3107,"name":"Pöls","latitude":47.21667,"longitude":14.58333},{"id":3065,"name":"Poppendorf","latitude":46.85611,"longitude":15.85639},{"id":3076,"name":"Preding","latitude":46.85861,"longitude":15.40972},{"id":3084,"name":"Proleb","latitude":47.4,"longitude":15.13333},{"id":3086,"name":"Pruggern","latitude":47.4237,"longitude":13.87625},{"id":3089,"name":"Puch bei Weiz","latitude":47.21667,"longitude":15.71667},{"id":3097,"name":"Puntigam","latitude":47.03333,"longitude":15.43333},{"id":3101,"name":"Pusterwald","latitude":47.30611,"longitude":14.37556},{"id":3114,"name":"Raaba","latitude":47.03333,"longitude":15.5},{"id":3115,"name":"Raabau","latitude":46.96278,"longitude":15.91167},{"id":3121,"name":"Rabenwald","latitude":47.4,"longitude":15.9},{"id":3122,"name":"Rachau","latitude":47.21667,"longitude":14.9},{"id":3128,"name":"Ragnitz","latitude":46.83667,"longitude":15.59278},{"id":3134,"name":"Ramsau am Dachstein","latitude":47.4215,"longitude":13.65545},{"id":3139,"name":"Raning","latitude":46.85,"longitude":15.81667},{"id":3143,"name":"Ranten","latitude":47.15949,"longitude":14.08349},{"id":3145,"name":"Rassach","latitude":46.86028,"longitude":15.27},{"id":3147,"name":"Ratsch an der Weinstraße","latitude":46.68944,"longitude":15.57111},{"id":3148,"name":"Ratschendorf","latitude":46.74222,"longitude":15.81583},{"id":3149,"name":"Ratten","latitude":47.48333,"longitude":15.71667},{"id":3164,"name":"Reichendorf","latitude":47.18922,"longitude":15.7616},{"id":3168,"name":"Reifling","latitude":47.13333,"longitude":14.66667},{"id":3179,"name":"Rettenegg","latitude":47.52694,"longitude":15.78104},{"id":3182,"name":"Retznei","latitude":46.73333,"longitude":15.56667},{"id":3192,"name":"Riegersburg","latitude":47.0,"longitude":15.93028},{"id":3193,"name":"Ries","latitude":47.08315,"longitude":15.485},{"id":3203,"name":"Rohrbach an der Lafnitz","latitude":47.38333,"longitude":16.0},{"id":3212,"name":"Rosental an der Kainach","latitude":47.05192,"longitude":15.122},{"id":3226,"name":"Röthelstein","latitude":47.31667,"longitude":15.36667},{"id":3214,"name":"Rottenmann","latitude":47.51667,"longitude":14.35},{"id":3232,"name":"Salla","latitude":47.1,"longitude":14.96667},{"id":3243,"name":"Sankt Anna am Aigen","latitude":46.83111,"longitude":15.97139},{"id":3245,"name":"Sankt Bartholomä","latitude":47.05457,"longitude":15.25889},{"id":3246,"name":"Sankt Blasen","latitude":47.08333,"longitude":14.3},{"id":3250,"name":"Sankt Gallen","latitude":47.68631,"longitude":14.61705},{"id":3257,"name":"Sankt Georgen an der Stiefing","latitude":46.87333,"longitude":15.57972},{"id":3260,"name":"Sankt Georgen ob Judenburg","latitude":47.20744,"longitude":14.49736},{"id":3261,"name":"Sankt Georgen ob Murau","latitude":47.1,"longitude":14.1},{"id":3264,"name":"Sankt Ilgen","latitude":47.55,"longitude":15.16667},{"id":3265,"name":"Sankt Jakob im Walde","latitude":47.46667,"longitude":15.78333},{"id":3266,"name":"Sankt Jakob-Breitenau","latitude":47.39229,"longitude":15.4297},{"id":3267,"name":"Sankt Johann am Tauern","latitude":47.35,"longitude":14.46667},{"id":3268,"name":"Sankt Johann bei Herberstein","latitude":47.2,"longitude":15.8},{"id":3270,"name":"Sankt Johann im Saggautal","latitude":46.70389,"longitude":15.40278},{"id":3272,"name":"Sankt Johann in der Haide","latitude":47.2808,"longitude":16.02579},{"id":3273,"name":"Sankt Josef (Weststeiermark)","latitude":46.90917,"longitude":15.33639},{"id":3274,"name":"Sankt Katharein an der Laming","latitude":47.47069,"longitude":15.16319},{"id":3275,"name":"Sankt Kathrein am Hauenstein","latitude":47.48943,"longitude":15.69414},{"id":3276,"name":"Sankt Kathrein am Offenegg","latitude":47.3,"longitude":15.58333},{"id":3277,"name":"Sankt Lambrecht","latitude":47.06667,"longitude":14.3},{"id":3280,"name":"Sankt Leonhard","latitude":47.06924,"longitude":15.45784},{"id":3284,"name":"Sankt Lorenzen am Wechsel","latitude":47.44153,"longitude":15.95498},{"id":3285,"name":"Sankt Lorenzen bei Knittelfeld","latitude":47.25078,"longitude":14.89549},{"id":3286,"name":"Sankt Lorenzen bei Scheifling","latitude":47.14556,"longitude":14.40583},{"id":3287,"name":"Sankt Lorenzen im Mürztal","latitude":47.48333,"longitude":15.36667},{"id":3289,"name":"Sankt Marein bei Graz","latitude":47.01583,"longitude":15.68389},{"id":3290,"name":"Sankt Marein bei Knittelfeld","latitude":47.27396,"longitude":14.86085},{"id":3291,"name":"Sankt Marein bei Neumarkt","latitude":47.06591,"longitude":14.42908},{"id":3292,"name":"Sankt Marein im Mürztal","latitude":47.46667,"longitude":15.36667},{"id":3294,"name":"Sankt Margarethen an der Raab","latitude":47.05,"longitude":15.75},{"id":3296,"name":"Sankt Margarethen bei Knittelfeld","latitude":47.21667,"longitude":14.86667},{"id":3300,"name":"Sankt Martin","latitude":47.44667,"longitude":15.2849},{"id":3303,"name":"Sankt Martin am Grimming","latitude":47.48873,"longitude":13.98105},{"id":3308,"name":"Sankt Martin im Sulmtal","latitude":46.75611,"longitude":15.29722},{"id":3311,"name":"Sankt Michael in Obersteiermark","latitude":47.33839,"longitude":15.01784},{"id":3312,"name":"Sankt Nikolai im Sausal","latitude":46.82111,"longitude":15.45194},{"id":3313,"name":"Sankt Nikolai im Sölktal","latitude":47.31667,"longitude":14.05},{"id":3314,"name":"Sankt Nikolai ob Draßling","latitude":46.80889,"longitude":15.65083},{"id":3316,"name":"Sankt Oswald bei Plankenwarth","latitude":47.08701,"longitude":15.27703},{"id":3317,"name":"Sankt Oswald ob Eibiswald","latitude":46.70833,"longitude":15.14667},{"id":3321,"name":"Sankt Peter","latitude":47.05,"longitude":15.46667},{"id":3323,"name":"Sankt Peter am Kammersberg","latitude":47.18706,"longitude":14.18464},{"id":3324,"name":"Sankt Peter am Ottersbach","latitude":46.79778,"longitude":15.75917},{"id":3325,"name":"Sankt Peter im Sulmtal","latitude":46.75,"longitude":15.25},{"id":3327,"name":"Sankt Peter ob Judenburg","latitude":47.18417,"longitude":14.58639},{"id":3328,"name":"Sankt Peter-Freienstein","latitude":47.38333,"longitude":15.01667},{"id":3331,"name":"Sankt Radegund bei Graz","latitude":47.18172,"longitude":15.49192},{"id":3333,"name":"Sankt Ruprecht an der Raab","latitude":47.15336,"longitude":15.66256},{"id":3335,"name":"Sankt Stefan im Rosental","latitude":46.90389,"longitude":15.71},{"id":3336,"name":"Sankt Stefan ob Leoben","latitude":47.31672,"longitude":14.97831},{"id":3337,"name":"Sankt Stefan ob Stainz","latitude":46.92861,"longitude":15.25889},{"id":3339,"name":"Sankt Ulrich am Waasen","latitude":46.93333,"longitude":15.53333},{"id":3342,"name":"Sankt Veit am Vogau","latitude":46.74048,"longitude":15.64217},{"id":3352,"name":"Schachen bei Vorau","latitude":47.3801,"longitude":15.85816},{"id":3412,"name":"Schäffern","latitude":47.47771,"longitude":16.10956},{"id":3367,"name":"Scheifling","latitude":47.15044,"longitude":14.41278},{"id":3371,"name":"Schladming","latitude":47.39289,"longitude":13.68699},{"id":3415,"name":"Schöder","latitude":47.18333,"longitude":14.1},{"id":3389,"name":"Schrems bei Frohnleiten","latitude":47.28109,"longitude":15.35932},{"id":3393,"name":"Schwanberg","latitude":46.75833,"longitude":15.20833},{"id":3399,"name":"Schwarzau im Schwarzautal","latitude":46.87886,"longitude":15.66421},{"id":3425,"name":"Sebersdorf","latitude":47.1865,"longitude":15.9936},{"id":3426,"name":"Seckau","latitude":47.26667,"longitude":14.78333},{"id":3436,"name":"Seggauberg","latitude":46.76667,"longitude":15.51667},{"id":3438,"name":"Seiersberg","latitude":47.0,"longitude":15.4},{"id":3442,"name":"Selzthal","latitude":47.54988,"longitude":14.31201},{"id":3444,"name":"Semriach","latitude":47.21667,"longitude":15.4},{"id":3450,"name":"Siegersdorf bei Herberstein","latitude":47.2,"longitude":15.78333},{"id":3462,"name":"Sinabelkirchen","latitude":47.102,"longitude":15.82795},{"id":3466,"name":"Soboth","latitude":46.68139,"longitude":15.07833},{"id":3564,"name":"Söchau","latitude":47.03333,"longitude":16.01667},{"id":3565,"name":"Södingberg","latitude":47.10703,"longitude":15.17169},{"id":3473,"name":"Spatenhof","latitude":46.9625,"longitude":15.36111},{"id":3474,"name":"Spielberg bei Knittelfeld","latitude":47.21667,"longitude":14.78333},{"id":3475,"name":"Spielfeld","latitude":46.70556,"longitude":15.63722},{"id":3478,"name":"Spital am Semmering","latitude":47.61345,"longitude":15.75096},{"id":3488,"name":"Stadl an der Mur","latitude":47.08333,"longitude":13.96667},{"id":3493,"name":"Stainach","latitude":47.53343,"longitude":14.10872},{"id":3494,"name":"Stainz","latitude":46.89444,"longitude":15.26722},{"id":3495,"name":"Stainz bei Straden","latitude":46.82444,"longitude":15.89222},{"id":3498,"name":"Stallhof","latitude":46.88333,"longitude":15.28333},{"id":3499,"name":"Stallhofen","latitude":47.05,"longitude":15.21667},{"id":3500,"name":"Stambach","latitude":47.33333,"longitude":15.93333},{"id":3505,"name":"Stattegg","latitude":47.13333,"longitude":15.41667},{"id":3510,"name":"Stein","latitude":46.99778,"longitude":16.08694},{"id":3522,"name":"Stenzengreith","latitude":47.2,"longitude":15.51667},{"id":3531,"name":"Stiwoll","latitude":47.1,"longitude":15.21667},{"id":3537,"name":"Straden","latitude":46.80917,"longitude":15.86806},{"id":3538,"name":"Strallegg","latitude":47.41165,"longitude":15.72534},{"id":3547,"name":"Straß in Steiermark","latitude":46.72722,"longitude":15.62444},{"id":3542,"name":"Strassengel","latitude":47.11573,"longitude":15.33288},{"id":3549,"name":"Straßgang","latitude":47.03333,"longitude":15.4},{"id":3555,"name":"Stubenberg","latitude":47.2446,"longitude":15.80027},{"id":3556,"name":"Studenzen","latitude":47.00583,"longitude":15.75417},{"id":3563,"name":"Sulztal an der Weinstraße","latitude":46.68333,"longitude":15.55},{"id":3576,"name":"Tauplitz","latitude":47.56005,"longitude":14.01293},{"id":3585,"name":"Teufenbach","latitude":47.1287,"longitude":14.35913},{"id":3586,"name":"Thal","latitude":47.07644,"longitude":15.36052},{"id":3596,"name":"Thörl","latitude":47.51952,"longitude":15.22276},{"id":3600,"name":"Tieschen","latitude":46.78611,"longitude":15.94222},{"id":3601,"name":"Tillmitsch","latitude":46.81195,"longitude":15.51679},{"id":3602,"name":"Tillmitsch Links der Laßnitz","latitude":46.80955,"longitude":15.52394},{"id":3606,"name":"Traboch","latitude":47.37705,"longitude":14.98647},{"id":3608,"name":"Trahütten","latitude":46.825,"longitude":15.15694},{"id":3617,"name":"Trautmannsdorf in Oststeiermark","latitude":46.8753,"longitude":15.88451},{"id":3619,"name":"Treglwang","latitude":47.47458,"longitude":14.59083},{"id":3622,"name":"Trieben","latitude":47.48574,"longitude":14.48744},{"id":3623,"name":"Triebendorf","latitude":47.11667,"longitude":14.23333},{"id":3626,"name":"Trofaiach","latitude":47.42524,"longitude":15.00681},{"id":3628,"name":"Trössing","latitude":46.81667,"longitude":15.81667},{"id":3635,"name":"Turnau","latitude":47.55776,"longitude":15.33739},{"id":3899,"name":"Übelbach","latitude":47.22534,"longitude":15.23615},{"id":3901,"name":"Übersbach","latitude":47.02318,"longitude":16.05517},{"id":3645,"name":"Ungerdorf","latitude":47.08333,"longitude":15.66667},{"id":3647,"name":"Unterauersbach","latitude":46.86556,"longitude":15.77028},{"id":3648,"name":"Unterbergla","latitude":46.80746,"longitude":15.31516},{"id":3651,"name":"Unterfladnitz","latitude":47.18333,"longitude":15.66667},{"id":3655,"name":"Unterlamm","latitude":46.97694,"longitude":16.06389},{"id":3659,"name":"Unterpremstätten","latitude":46.96472,"longitude":15.40417},{"id":3667,"name":"Utschtal","latitude":47.4,"longitude":15.2},{"id":3673,"name":"Vasoldsberg","latitude":47.01634,"longitude":15.55835},{"id":3674,"name":"Veitsch","latitude":47.57815,"longitude":15.4945},{"id":3693,"name":"Vogau","latitude":46.73187,"longitude":15.60837},{"id":3694,"name":"Voitsberg","latitude":47.04445,"longitude":15.15313},{"id":3698,"name":"Vorau","latitude":47.40548,"longitude":15.88754},{"id":3701,"name":"Vordernberg","latitude":47.48809,"longitude":14.99436},{"id":3710,"name":"Wagna","latitude":46.76682,"longitude":15.55906},{"id":3712,"name":"Wagnitz","latitude":46.98333,"longitude":15.46667},{"id":3725,"name":"Wald am Schoberpaß","latitude":47.44936,"longitude":14.67567},{"id":3742,"name":"Waltendorf","latitude":47.06667,"longitude":15.46667},{"id":3745,"name":"Wartberg","latitude":47.52717,"longitude":15.48095},{"id":3766,"name":"Weinburg am Saßbach","latitude":46.75361,"longitude":15.72111},{"id":3781,"name":"Weißenbach bei Liezen","latitude":47.56667,"longitude":14.21667},{"id":3784,"name":"Weißkirchen in Steiermark","latitude":47.15,"longitude":14.73333},{"id":3780,"name":"Weiz","latitude":47.21667,"longitude":15.61667},{"id":3795,"name":"Werndorf","latitude":46.92417,"longitude":15.49083},{"id":3796,"name":"Wernersdorf","latitude":46.71592,"longitude":15.20718},{"id":3799,"name":"Wettmannstätten","latitude":46.83056,"longitude":15.38722},{"id":3800,"name":"Wetzelsdorf","latitude":47.05293,"longitude":15.39923},{"id":3807,"name":"Wies","latitude":46.72028,"longitude":15.27194},{"id":3813,"name":"Wildalpen","latitude":47.65,"longitude":14.98333},{"id":3815,"name":"Wildon","latitude":46.88333,"longitude":15.51667},{"id":3834,"name":"Winklern bei Oberwölz","latitude":47.2,"longitude":14.23333},{"id":3843,"name":"Wolfsberg im Schwarzautal","latitude":46.84389,"longitude":15.65889},{"id":3858,"name":"Wörschach","latitude":47.55,"longitude":14.15},{"id":3860,"name":"Wörth an der Lafnitz","latitude":47.21368,"longitude":16.08081},{"id":3852,"name":"Wundschuh","latitude":46.92639,"longitude":15.45111},{"id":3881,"name":"Zeltweg","latitude":47.18333,"longitude":14.75},{"id":3882,"name":"Zerlach","latitude":46.94593,"longitude":15.65093},{"id":3883,"name":"Zettling","latitude":46.9522,"longitude":15.4342},{"id":3884,"name":"Zeutschach","latitude":47.06667,"longitude":14.36667}]