[{"id":13,"name":"Adh Dhayd","latitude":25.28812,"longitude":55.88157},{"id":18,"name":"Al Batayih","latitude":25.22317,"longitude":55.74272},{"id":22,"name":"Al Hamriyah","latitude":25.46121,"longitude":55.54813},{"id":23,"name":"Al Madam","latitude":24.95536,"longitude":55.7682},{"id":27,"name":"Dhaid","latitude":25.26951,"longitude":55.92024},{"id":29,"name":"Dibba Al Hesn","latitude":25.61593,"longitude":56.26899},{"id":33,"name":"Kalba","latitude":24.99816,"longitude":56.27207},{"id":35,"name":"Khawr Fakkān","latitude":25.33132,"longitude":56.34199},{"id":36,"name":"Khor Fakkan","latitude":25.33966,"longitude":56.3028},{"id":39,"name":"Milehah","latitude":25.10097,"longitude":55.91282},{"id":40,"name":"Murbaḩ","latitude":25.27623,"longitude":56.36256},{"id":46,"name":"Sharjah","latitude":25.33737,"longitude":55.41206}]