[{"id":643,"name":"Alba Posse","latitude":-27.56978,"longitude":-54.68262},{"id":650,"name":"Almafuerte","latitude":-27.50825,"longitude":-55.40258},{"id":669,"name":"Aristóbulo del Valle","latitude":-27.09625,"longitude":-54.89626},{"id":674,"name":"Arroyo del Medio","latitude":-27.69748,"longitude":-55.40376},{"id":678,"name":"Azara","latitude":-28.0616,"longitude":-55.67797},{"id":693,"name":"Bernardo de Irigoyen","latitude":-26.2552,"longitude":-53.64581},{"id":699,"name":"Bonpland","latitude":-27.48218,"longitude":-55.47756},{"id":718,"name":"Campo Grande","latitude":-27.2077,"longitude":-54.97977},{"id":721,"name":"Campo Ramón","latitude":-27.4549,"longitude":-55.02122},{"id":722,"name":"Campo Viera","latitude":-27.33271,"longitude":-55.05651},{"id":724,"name":"Candelaria","latitude":-27.4595,"longitude":-55.74536},{"id":728,"name":"Capioví","latitude":-26.92998,"longitude":-55.06084},{"id":731,"name":"Caraguatay","latitude":-26.60587,"longitude":-54.78093},{"id":748,"name":"Cerro Azul","latitude":-27.6331,"longitude":-55.4962},{"id":749,"name":"Cerro Corá","latitude":-27.5131,"longitude":-55.60896},{"id":774,"name":"Colonia Aurora","latitude":-27.47428,"longitude":-54.52498},{"id":790,"name":"Concepción de la Sierra","latitude":-27.98311,"longitude":-55.52031},{"id":830,"name":"Departamento de Apóstoles","latitude":-27.91667,"longitude":-55.75},{"id":841,"name":"Departamento de Cainguás","latitude":-27.16667,"longitude":-54.83333},{"id":845,"name":"Departamento de Candelaria","latitude":-27.5,"longitude":-55.5},{"id":848,"name":"Departamento de Capital","latitude":-27.5,"longitude":-55.83333},{"id":867,"name":"Departamento de Concepción de la Sierra","latitude":-27.83333,"longitude":-55.41667},{"id":878,"name":"Departamento de Eldorado","latitude":-26.25,"longitude":-54.41667},{"id":894,"name":"Departamento de General Manuel Belgrano","latitude":-26.16667,"longitude":-53.91667},{"id":903,"name":"Departamento de Guaraní","latitude":-27.16667,"longitude":-54.16667},{"id":908,"name":"Departamento de Iguazú","latitude":-25.86667,"longitude":-54.36667},{"id":927,"name":"Departamento de Leandro N. Alem","latitude":-27.56667,"longitude":-55.33333},{"id":929,"name":"Departamento de Libertador General San Martín","latitude":-26.91667,"longitude":-54.91667},{"id":946,"name":"Departamento de Montecarlo","latitude":-26.71667,"longitude":-54.58333},{"id":953,"name":"Departamento de Oberá","latitude":-27.55,"longitude":-55.08333},{"id":987,"name":"Departamento de San Ignacio","latitude":-27.25,"longitude":-55.33333},{"id":989,"name":"Departamento de San Javier","latitude":-27.77806,"longitude":-55.13004},{"id":1002,"name":"Departamento de San Pedro","latitude":-26.66667,"longitude":-54.0},{"id":1031,"name":"Departamento de Veinticinco de Mayo","latitude":-27.41667,"longitude":-54.66667},{"id":1044,"name":"Dos Arroyos","latitude":-27.69946,"longitude":-55.25207},{"id":1045,"name":"Dos de Mayo","latitude":-27.02277,"longitude":-54.68669},{"id":1048,"name":"El Alcázar","latitude":-26.71459,"longitude":-54.81523},{"id":1061,"name":"El Soberbio","latitude":-27.29847,"longitude":-54.19877},{"id":1080,"name":"Florentino Ameghino","latitude":-27.56667,"longitude":-55.13333},{"id":1090,"name":"Garuhapé","latitude":-26.81768,"longitude":-54.95665},{"id":1091,"name":"Garupá","latitude":-27.48171,"longitude":-55.82921},{"id":1095,"name":"General Alvear","latitude":-27.42611,"longitude":-55.16916},{"id":1120,"name":"Gobernador Roca","latitude":-27.18636,"longitude":-55.46433},{"id":1128,"name":"Guaraní","latitude":-27.52323,"longitude":-55.16077},{"id":1166,"name":"Jardín América","latitude":-27.04346,"longitude":-55.22698},{"id":1241,"name":"Loreto","latitude":-27.33177,"longitude":-55.52499},{"id":1250,"name":"Los Helechos","latitude":-27.55051,"longitude":-55.07908},{"id":1295,"name":"Mártires","latitude":-27.42265,"longitude":-55.37659},{"id":1285,"name":"Mojón Grande","latitude":-27.71165,"longitude":-55.15631},{"id":1290,"name":"Montecarlo","latitude":-26.5662,"longitude":-54.757},{"id":1304,"name":"Oberá","latitude":-27.48706,"longitude":-55.11994},{"id":1318,"name":"Panambí","latitude":-27.72369,"longitude":-54.91515},{"id":1328,"name":"Picada Gobernador López","latitude":-27.67069,"longitude":-55.24585},{"id":1342,"name":"Posadas","latitude":-27.36708,"longitude":-55.89608},{"id":1353,"name":"Puerto Eldorado","latitude":-26.40843,"longitude":-54.69463},{"id":1354,"name":"Puerto Esperanza","latitude":-26.02267,"longitude":-54.61356},{"id":1356,"name":"Puerto Iguazú","latitude":-25.59912,"longitude":-54.57355},{"id":1357,"name":"Puerto Leoni","latitude":-26.98762,"longitude":-55.16569},{"id":1358,"name":"Puerto Libertad","latitude":-25.91958,"longitude":-54.58229},{"id":1360,"name":"Puerto Piray","latitude":-26.46937,"longitude":-54.70736},{"id":1361,"name":"Puerto Rico","latitude":-26.79598,"longitude":-55.02402},{"id":1387,"name":"Ruiz de Montoya","latitude":-26.98333,"longitude":-55.05},{"id":1429,"name":"San José","latitude":-27.76979,"longitude":-55.7826},{"id":1446,"name":"San Pedro","latitude":-26.62207,"longitude":-54.10842},{"id":1452,"name":"San Vicente","latitude":-26.61667,"longitude":-54.13333},{"id":1463,"name":"Santa María","latitude":-27.9349,"longitude":-55.40742},{"id":1474,"name":"Santo Pipó","latitude":-27.14132,"longitude":-55.40867},{"id":1514,"name":"Tres Capones","latitude":-28.00641,"longitude":-55.60471},{"id":1528,"name":"Veinticinco de Mayo","latitude":-27.37679,"longitude":-54.74312},{"id":1590,"name":"Wanda","latitude":-25.96879,"longitude":-54.56285}]