[{"id":644,"name":"Albardón","latitude":-31.43722,"longitude":-68.52556},{"id":714,"name":"Calingasta","latitude":-31.33394,"longitude":-69.4208},{"id":741,"name":"Caucete","latitude":-31.65179,"longitude":-68.28105},{"id":762,"name":"Chimbas","latitude":-31.48333,"longitude":-68.53333},{"id":821,"name":"Departamento de Albardón","latitude":-31.28333,"longitude":-68.41667},{"id":827,"name":"Departamento de Angaco","latitude":-31.2,"longitude":-68.13333},{"id":844,"name":"Departamento de Calingasta","latitude":-31.5,"longitude":-69.75},{"id":851,"name":"Departamento de Capital","latitude":-31.53333,"longitude":-68.53333},{"id":856,"name":"Departamento de Caucete","latitude":-31.45,"longitude":-67.66667},{"id":859,"name":"Departamento de Chimbas","latitude":-31.48738,"longitude":-68.52691},{"id":907,"name":"Departamento de Iglesia","latitude":-29.33333,"longitude":-69.58333},{"id":915,"name":"Departamento de Jáchal","latitude":-30.5,"longitude":-68.5},{"id":952,"name":"Departamento de Nueve de Julio","latitude":-31.65072,"longitude":-68.38925},{"id":964,"name":"Departamento de Rawson","latitude":-31.7,"longitude":-68.46667},{"id":966,"name":"Departamento de Rivadavia","latitude":-31.5645,"longitude":-68.65219},{"id":998,"name":"Departamento de San Martín","latitude":-31.5,"longitude":-68.25},{"id":1005,"name":"Departamento de Santa Lucía","latitude":-31.53333,"longitude":-68.46667},{"id":1013,"name":"Departamento de Sarmiento","latitude":-32.0,"longitude":-68.66667},{"id":1028,"name":"Departamento de Ullúm","latitude":-31.0,"longitude":-68.91667},{"id":1036,"name":"Departamento de Zonda","latitude":-31.6826,"longitude":-68.89938},{"id":1302,"name":"Nueve de Julio","latitude":-31.66914,"longitude":-68.39023},{"id":1339,"name":"Pocito","latitude":-31.68333,"longitude":-68.58333},{"id":1407,"name":"San Agustín de Valle Fértil","latitude":-30.63353,"longitude":-67.46821},{"id":1431,"name":"San José de Jáchal","latitude":-30.24057,"longitude":-68.74693},{"id":1433,"name":"San Juan","latitude":-31.5375,"longitude":-68.53639},{"id":1441,"name":"San Martín","latitude":-31.42957,"longitude":-68.50065},{"id":1460,"name":"Santa Lucía","latitude":-31.53987,"longitude":-68.49503},{"id":1540,"name":"Villa Basilio Nievas","latitude":-31.55,"longitude":-68.73333},{"id":1572,"name":"Villa Paula de Sarmiento","latitude":-31.4933,"longitude":-68.53838}]