[{"id":9258,"name":"Asen","latitude":42.65,"longitude":25.2},{"id":9302,"name":"Chirpan","latitude":42.2,"longitude":25.33333},{"id":9340,"name":"Gŭlŭbovo","latitude":42.13333,"longitude":25.85},{"id":9338,"name":"Gurkovo","latitude":42.66667,"longitude":25.8},{"id":9359,"name":"Kazanlak","latitude":42.61667,"longitude":25.4},{"id":9395,"name":"Maglizh","latitude":42.6,"longitude":25.55},{"id":9408,"name":"Nikolaevo","latitude":42.63333,"longitude":25.8},{"id":9441,"name":"Obshtina Bratya Daskalovi","latitude":42.3,"longitude":25.21667},{"id":9451,"name":"Obshtina Chirpan","latitude":42.23333,"longitude":25.38333},{"id":9475,"name":"Obshtina Galabovo","latitude":42.15,"longitude":25.96667},{"id":9485,"name":"Obshtina Gurkovo","latitude":42.71667,"longitude":25.8},{"id":9501,"name":"Obshtina Kazanlŭk","latitude":42.61943,"longitude":25.39885},{"id":9528,"name":"Obshtina Maglizh","latitude":42.63333,"longitude":25.61667},{"id":9540,"name":"Obshtina Nikolaevo","latitude":42.6,"longitude":25.78333},{"id":9545,"name":"Obshtina Opan","latitude":42.21667,"longitude":25.7},{"id":9549,"name":"Obshtina Pavel Banya","latitude":42.63333,"longitude":25.13333},{"id":9566,"name":"Obshtina Radnevo","latitude":42.3,"longitude":25.93333},{"id":9599,"name":"Obshtina Stara Zagora","latitude":42.41667,"longitude":25.63333},{"id":9647,"name":"Pavel Banya","latitude":42.6,"longitude":25.2},{"id":9664,"name":"Radnevo","latitude":42.3,"longitude":25.93333},{"id":9691,"name":"Shipka","latitude":42.71667,"longitude":25.33333},{"id":9706,"name":"Stara Zagora","latitude":42.43278,"longitude":25.64194}]