[{"id":649,"name":"Allen","latitude":-38.97736,"longitude":-67.82714},{"id":739,"name":"Catriel","latitude":-37.87907,"longitude":-67.7956},{"id":750,"name":"Cervantes","latitude":-39.05444,"longitude":-67.39426},{"id":759,"name":"Chichinales","latitude":-39.11505,"longitude":-66.92714},{"id":763,"name":"Chimpay","latitude":-39.16482,"longitude":-66.14236},{"id":764,"name":"Choele Choel","latitude":-39.28941,"longitude":-65.6606},{"id":768,"name":"Cinco Saltos","latitude":-38.82225,"longitude":-68.06293},{"id":770,"name":"Cipolletti","latitude":-38.93392,"longitude":-67.99032},{"id":784,"name":"Comallo","latitude":-41.02993,"longitude":-70.26784},{"id":795,"name":"Contraalmirante Cordero","latitude":-38.72423,"longitude":-68.15284},{"id":798,"name":"Coronel Belisle","latitude":-39.18688,"longitude":-65.95422},{"id":817,"name":"Darwin","latitude":-39.20334,"longitude":-65.73952},{"id":832,"name":"Departamento de Avellaneda","latitude":-39.5,"longitude":-66.5},{"id":1032,"name":"Departamento de Veinticinco de Mayo","latitude":-41.25,"longitude":-69.0},{"id":1050,"name":"El Bolsón","latitude":-41.96051,"longitude":-71.53336},{"id":1054,"name":"El Cuy","latitude":-39.92685,"longitude":-68.34208},{"id":1085,"name":"Fray Luis Beltrán","latitude":-39.31369,"longitude":-65.76002},{"id":1099,"name":"General Conesa","latitude":-40.10408,"longitude":-64.45592},{"id":1100,"name":"General Enrique Godoy","latitude":-39.07891,"longitude":-67.15807},{"id":1103,"name":"General Fernández Oro","latitude":-38.95297,"longitude":-67.92489},{"id":1112,"name":"General Roca","latitude":-39.03333,"longitude":-67.58333},{"id":1152,"name":"Ingeniero Jacobacci","latitude":-41.3292,"longitude":-69.55015},{"id":1154,"name":"Ingeniero Luis A. Huergo","latitude":-39.07146,"longitude":-67.2379},{"id":1212,"name":"Lamarque","latitude":-39.42304,"longitude":-65.70208},{"id":1253,"name":"Los Menucos","latitude":-40.84402,"longitude":-68.08718},{"id":1263,"name":"Mainque","latitude":-39.06667,"longitude":-67.3},{"id":1268,"name":"Maquinchao","latitude":-41.24912,"longitude":-68.70321},{"id":1599,"name":"Ñorquinco","latitude":-41.85072,"longitude":-70.90173},{"id":1334,"name":"Pilcaniyeu","latitude":-41.12288,"longitude":-70.72152},{"id":1389,"name":"Río Colorado","latitude":-38.99397,"longitude":-64.09295},{"id":1409,"name":"San Antonio Oeste","latitude":-40.73193,"longitude":-64.94769},{"id":1418,"name":"San Carlos de Bariloche","latitude":-41.14557,"longitude":-71.30822},{"id":1486,"name":"Sierra Colorada","latitude":-40.58487,"longitude":-67.75674},{"id":1487,"name":"Sierra Grande","latitude":-41.60603,"longitude":-65.35574},{"id":1525,"name":"Valcheta","latitude":-40.67989,"longitude":-66.16283},{"id":1536,"name":"Viedma","latitude":-40.81345,"longitude":-62.99668},{"id":1574,"name":"Villa Regina","latitude":-39.1,"longitude":-67.06667}]