[{"id":17371,"name":"Aesch","latitude":47.47104,"longitude":7.5973},{"id":17386,"name":"Allschwil","latitude":47.55074,"longitude":7.53599},{"id":17406,"name":"Arisdorf","latitude":47.51323,"longitude":7.76515},{"id":17408,"name":"Arlesheim","latitude":47.49412,"longitude":7.61979},{"id":17474,"name":"Bezirk Arlesheim","latitude":47.51668,"longitude":7.58733},{"id":17493,"name":"Bezirk Laufen","latitude":47.42324,"longitude":7.4875},{"id":17497,"name":"Bezirk Liestal","latitude":47.48124,"longitude":7.72714},{"id":17510,"name":"Bezirk Sissach","latitude":47.44237,"longitude":7.84871},{"id":17518,"name":"Bezirk Waldenburg","latitude":47.39367,"longitude":7.74137},{"id":17530,"name":"Binningen","latitude":47.54021,"longitude":7.56932},{"id":17538,"name":"Birsfelden","latitude":47.5529,"longitude":7.62322},{"id":17553,"name":"Bottmingen","latitude":47.52343,"longitude":7.57211},{"id":17563,"name":"Brislach","latitude":47.41763,"longitude":7.5434},{"id":17575,"name":"Bubendorf","latitude":47.44586,"longitude":7.73759},{"id":17589,"name":"Buus","latitude":47.50635,"longitude":7.86414},{"id":17684,"name":"Diegten","latitude":47.4138,"longitude":7.81085},{"id":17775,"name":"Ettingen","latitude":47.48225,"longitude":7.54654},{"id":17808,"name":"Frenkendorf","latitude":47.50686,"longitude":7.71648},{"id":17817,"name":"Füllinsdorf","latitude":47.50688,"longitude":7.73129},{"id":17825,"name":"Gelterkinden","latitude":47.46497,"longitude":7.85174},{"id":17867,"name":"Grellingen","latitude":47.44231,"longitude":7.58906},{"id":17942,"name":"Hölstein","latitude":47.4229,"longitude":7.77041},{"id":17956,"name":"Itingen","latitude":47.46651,"longitude":7.78502},{"id":18034,"name":"Langenbruck","latitude":47.34917,"longitude":7.76802},{"id":18109,"name":"Läufelfingen","latitude":47.39457,"longitude":7.85578},{"id":18042,"name":"Laufen","latitude":47.42193,"longitude":7.49946},{"id":18050,"name":"Lausen","latitude":47.47139,"longitude":7.7603},{"id":18082,"name":"Liesberg","latitude":47.40398,"longitude":7.42787},{"id":18083,"name":"Liestal","latitude":47.48455,"longitude":7.73446},{"id":18200,"name":"Münchenstein","latitude":47.51848,"longitude":7.60966},{"id":18185,"name":"Muttenz","latitude":47.52271,"longitude":7.64511},{"id":18244,"name":"Oberdorf","latitude":47.39353,"longitude":7.75169},{"id":18270,"name":"Oberwil","latitude":47.51407,"longitude":7.55786},{"id":18287,"name":"Ormalingen","latitude":47.46936,"longitude":7.87248},{"id":18307,"name":"Pfeffingen","latitude":47.45984,"longitude":7.58975},{"id":18324,"name":"Pratteln","latitude":47.52071,"longitude":7.69356},{"id":18362,"name":"Reigoldswil","latitude":47.39824,"longitude":7.68718},{"id":18403,"name":"Röschenz","latitude":47.42366,"longitude":7.48024},{"id":18484,"name":"Schönenbuch","latitude":47.53853,"longitude":7.50572},{"id":18505,"name":"Seltisberg","latitude":47.46249,"longitude":7.72039},{"id":18526,"name":"Sissach","latitude":47.46408,"longitude":7.80888},{"id":18589,"name":"Therwil","latitude":47.49941,"longitude":7.55669},{"id":18699,"name":"Wahlen","latitude":47.40226,"longitude":7.51511},{"id":18710,"name":"Waldenburg","latitude":47.38333,"longitude":7.75},{"id":18803,"name":"Zunzgen","latitude":47.44925,"longitude":7.80789},{"id":18807,"name":"Zwingen","latitude":47.43825,"longitude":7.53027}]