[{"id":657,"name":"Aluminé","latitude":-39.23686,"longitude":-70.9197},{"id":660,"name":"Andacollo","latitude":-37.17945,"longitude":-70.66912},{"id":680,"name":"Añelo","latitude":-38.35441,"longitude":-68.7884},{"id":684,"name":"Barrancas","latitude":-36.82344,"longitude":-69.91564},{"id":706,"name":"Buta Ranquil","latitude":-37.05222,"longitude":-69.87713},{"id":746,"name":"Centenario","latitude":-38.82955,"longitude":-68.1318},{"id":766,"name":"Chos Malal","latitude":-37.37809,"longitude":-70.27085},{"id":814,"name":"Cutral-Có","latitude":-38.93424,"longitude":-69.23052},{"id":823,"name":"Departamento de Aluminé","latitude":-39.16667,"longitude":-71.0},{"id":833,"name":"Departamento de Añelo","latitude":-38.16667,"longitude":-69.0},{"id":855,"name":"Departamento de Catán-Lil","latitude":-39.5,"longitude":-70.33333},{"id":860,"name":"Departamento de Chos-Malal","latitude":-36.91667,"longitude":-70.16667},{"id":863,"name":"Departamento de Collón-Curá","latitude":-40.08333,"longitude":-70.16667},{"id":868,"name":"Departamento de Confluencia","latitude":-38.83333,"longitude":-68.83333},{"id":934,"name":"Departamento de Lácar","latitude":-40.25,"longitude":-71.2},{"id":944,"name":"Departamento de Minas","latitude":-36.83333,"longitude":-70.83333},{"id":1035,"name":"Departamento de Zapala","latitude":-39.0,"longitude":-69.83333},{"id":1057,"name":"El Huecú","latitude":-37.64522,"longitude":-70.58006},{"id":1172,"name":"Junín de los Andes","latitude":-39.95043,"longitude":-71.06936},{"id":1217,"name":"Las Coloradas","latitude":-39.55534,"longitude":-70.59491},{"id":1223,"name":"Las Lajas","latitude":-38.52322,"longitude":-70.36745},{"id":1226,"name":"Las Ovejas","latitude":-36.98881,"longitude":-70.74991},{"id":1238,"name":"Loncopué","latitude":-38.07284,"longitude":-70.61609},{"id":1272,"name":"Mariano Moreno","latitude":-38.75029,"longitude":-70.02367},{"id":1298,"name":"Neuquén","latitude":-38.95161,"longitude":-68.0591},{"id":1330,"name":"Picún Leufú","latitude":-39.51614,"longitude":-69.28765},{"id":1331,"name":"Piedra del Águila","latitude":-40.04811,"longitude":-70.0741},{"id":1337,"name":"Plaza Huincul","latitude":-38.92598,"longitude":-69.20863},{"id":1338,"name":"Plottier","latitude":-38.96667,"longitude":-68.23333},{"id":1442,"name":"San Martín de los Andes","latitude":-40.15789,"longitude":-71.35337},{"id":1483,"name":"Senillosa","latitude":-39.01412,"longitude":-68.43281},{"id":1559,"name":"Villa La Angostura","latitude":-40.76173,"longitude":-71.64631},{"id":1589,"name":"Vista Alegre","latitude":-38.75,"longitude":-68.18333},{"id":1598,"name":"Zapala","latitude":-38.89916,"longitude":-70.05442}]