[{"id":9276,"name":"Boboshevo","latitude":42.15296,"longitude":23.00146},{"id":9277,"name":"Bobov Dol","latitude":42.36256,"longitude":23.00324},{"id":9321,"name":"Dupnitsa","latitude":42.26667,"longitude":23.11667},{"id":9367,"name":"Kocherinovo","latitude":42.08439,"longitude":23.0571},{"id":9381,"name":"Kyustendil","latitude":42.28389,"longitude":22.69111},{"id":9407,"name":"Nevestino","latitude":42.25551,"longitude":22.85175},{"id":9430,"name":"Obshtina Boboshevo","latitude":42.18333,"longitude":23.02731},{"id":9431,"name":"Obshtina Bobov Dol","latitude":42.31667,"longitude":22.98333},{"id":9467,"name":"Obshtina Dupnitsa","latitude":42.28333,"longitude":23.15},{"id":9504,"name":"Obshtina Kocherinovo","latitude":42.09909,"longitude":23.02942},{"id":9518,"name":"Obshtina Kyustendil","latitude":42.28333,"longitude":22.68333},{"id":9539,"name":"Obshtina Nevestino","latitude":42.16667,"longitude":22.83333},{"id":9572,"name":"Obshtina Rila","latitude":42.15,"longitude":23.31667},{"id":9583,"name":"Obshtina Sapareva Banya","latitude":42.28333,"longitude":23.31667},{"id":9614,"name":"Obshtina Treklyano","latitude":42.55,"longitude":22.6},{"id":9671,"name":"Rila","latitude":42.13333,"longitude":23.13333},{"id":9682,"name":"Sapareva Banya","latitude":42.28333,"longitude":23.26667}]