[{"id":3914,"name":"Acacia Ridge","latitude":-27.58333,"longitude":153.03333},{"id":3922,"name":"Agnes Water","latitude":-24.2119,"longitude":151.9035},{"id":3925,"name":"Airlie Beach","latitude":-20.26751,"longitude":148.71471},{"id":3927,"name":"Aitkenvale","latitude":-19.30142,"longitude":146.77082},{"id":3931,"name":"Albany Creek","latitude":-27.35364,"longitude":152.96848},{"id":3942,"name":"Alderley","latitude":-27.42553,"longitude":153.00102},{"id":3943,"name":"Aldershot","latitude":-25.46312,"longitude":152.66348},{"id":3948,"name":"Alexandra Headland","latitude":-26.67154,"longitude":153.10058},{"id":3949,"name":"Alexandra Hills","latitude":-27.53221,"longitude":153.22889},{"id":3955,"name":"Algester","latitude":-27.61279,"longitude":153.03239},{"id":3956,"name":"Alice River","latitude":-19.33437,"longitude":146.61391},{"id":3963,"name":"Allenstown","latitude":-23.39403,"longitude":150.50393},{"id":3964,"name":"Alligator Creek","latitude":-19.39176,"longitude":146.93784},{"id":3965,"name":"Allora","latitude":-28.03484,"longitude":151.98058},{"id":3969,"name":"Alton Downs","latitude":-23.3,"longitude":150.35},{"id":3977,"name":"Andergrove","latitude":-21.08333,"longitude":149.18333},{"id":3985,"name":"Annandale","latitude":-19.31503,"longitude":146.79069},{"id":3987,"name":"Annerley","latitude":-27.51228,"longitude":153.03248},{"id":3988,"name":"Anstead","latitude":-27.53781,"longitude":152.86187},{"id":3994,"name":"Arana Hills","latitude":-27.39808,"longitude":152.95797},{"id":4008,"name":"Aroona","latitude":-26.78173,"longitude":153.11652},{"id":4010,"name":"Arundel","latitude":-27.93768,"longitude":153.36302},{"id":4011,"name":"Ascot","latitude":-27.43154,"longitude":153.058},{"id":4024,"name":"Ashgrove","latitude":-27.44552,"longitude":152.992},{"id":4026,"name":"Ashmore","latitude":-27.98883,"longitude":153.37647},{"id":4031,"name":"Aspley","latitude":-27.36667,"longitude":153.01667},{"id":4034,"name":"Atherton","latitude":-17.26864,"longitude":145.47522},{"id":4041,"name":"Auchenflower","latitude":-27.47443,"longitude":152.99213},{"id":4044,"name":"Augustine Heights","latitude":-27.66047,"longitude":152.87896},{"id":4045,"name":"Aurukun","latitude":-13.51263,"longitude":141.82435},{"id":4052,"name":"Avenell Heights","latitude":-24.8896,"longitude":152.36786},{"id":4054,"name":"Avoca","latitude":-24.87822,"longitude":152.30794},{"id":4058,"name":"Ayr","latitude":-19.57393,"longitude":147.40666},{"id":4059,"name":"Babinda","latitude":-17.3439,"longitude":145.92265},{"id":4063,"name":"Bahrs Scrub","latitude":-27.73333,"longitude":153.16667},{"id":4065,"name":"Bakers Creek","latitude":-21.2199,"longitude":149.14681},{"id":4071,"name":"Bald Hills","latitude":-27.32112,"longitude":153.00857},{"id":4087,"name":"Balmoral","latitude":-27.45341,"longitude":153.0668},{"id":4089,"name":"Balonne Shire","latitude":-28.28481,"longitude":148.17933},{"id":4093,"name":"Bamaga","latitude":-10.89197,"longitude":142.38934},{"id":4094,"name":"Banana","latitude":-24.80653,"longitude":149.89838},{"id":4100,"name":"Banksia Beach","latitude":-27.04027,"longitude":153.1439},{"id":4106,"name":"Banyo","latitude":-27.38236,"longitude":153.07903},{"id":4110,"name":"Barcaldine","latitude":-23.05203,"longitude":145.4349},{"id":4111,"name":"Barcoo","latitude":-25.17292,"longitude":142.46481},{"id":4114,"name":"Bardon","latitude":-27.461,"longitude":152.9792},{"id":4117,"name":"Barellan Point","latitude":-27.57196,"longitude":152.84379},{"id":4118,"name":"Bargara","latitude":-24.81476,"longitude":152.46257},{"id":4123,"name":"Barney Point","latitude":-23.84793,"longitude":151.26577},{"id":4144,"name":"Battery Hill","latitude":-26.77878,"longitude":153.12887},{"id":4156,"name":"Bayview Heights","latitude":-16.96229,"longitude":145.72585},{"id":4158,"name":"Beachmere","latitude":-27.12808,"longitude":153.05243},{"id":4163,"name":"Beaconsfield","latitude":-21.09121,"longitude":149.16544},{"id":4165,"name":"Beaudesert","latitude":-27.98691,"longitude":152.99657},{"id":4179,"name":"Beenleigh","latitude":-27.71137,"longitude":153.2029},{"id":4180,"name":"Beerwah","latitude":-26.85881,"longitude":152.96144},{"id":4187,"name":"Belgian Gardens","latitude":-19.24507,"longitude":146.79455},{"id":4196,"name":"Bellara","latitude":-27.06392,"longitude":153.14959},{"id":4198,"name":"Bellbird Park","latitude":-27.63674,"longitude":152.88663},{"id":4199,"name":"Bellbowrie","latitude":-27.55939,"longitude":152.88278},{"id":4206,"name":"Bellmere","latitude":-27.08441,"longitude":152.89003},{"id":4208,"name":"Belmont","latitude":-27.49882,"longitude":153.134},{"id":4217,"name":"Benaraby","latitude":-24.00417,"longitude":151.3341},{"id":4221,"name":"Benowa","latitude":-28.0077,"longitude":153.38583},{"id":4226,"name":"Bentley Park","latitude":-17.00389,"longitude":145.73819},{"id":4242,"name":"Berrinba","latitude":-27.65853,"longitude":153.07888},{"id":4244,"name":"Berserker","latitude":-23.35817,"longitude":150.52042},{"id":4258,"name":"Biggera Waters","latitude":-27.93239,"longitude":153.40021},{"id":4261,"name":"Bilinga","latitude":-28.16667,"longitude":153.51667},{"id":4263,"name":"Biloela","latitude":-24.39589,"longitude":150.51504},{"id":4269,"name":"Birkdale","latitude":-27.48333,"longitude":153.21667},{"id":4273,"name":"Birtinya","latitude":-26.74322,"longitude":153.11913},{"id":4277,"name":"Black Mountain","latitude":-26.39886,"longitude":152.87561},{"id":4278,"name":"Black River","latitude":-19.22517,"longitude":146.61787},{"id":4280,"name":"Blackall","latitude":-24.42327,"longitude":145.46303},{"id":4281,"name":"Blackall Tambo","latitude":-24.78795,"longitude":145.97279},{"id":4290,"name":"Blacks Beach","latitude":-21.05466,"longitude":149.18971},{"id":4295,"name":"Blackwater","latitude":-23.58351,"longitude":148.87912},{"id":4305,"name":"Bli Bli","latitude":-26.61724,"longitude":153.03665},{"id":4311,"name":"Bluewater","latitude":-19.18157,"longitude":146.5582},{"id":4319,"name":"Bohle Plains","latitude":-19.31365,"longitude":146.69186},{"id":4320,"name":"Bokarina","latitude":-26.73843,"longitude":153.13049},{"id":4329,"name":"Bongaree","latitude":-27.08367,"longitude":153.15942},{"id":4336,"name":"Bonogin","latitude":-28.1393,"longitude":153.35297},{"id":4339,"name":"Booie","latitude":-26.53677,"longitude":151.94181},{"id":4341,"name":"Boonah","latitude":-27.99724,"longitude":152.68108},{"id":4342,"name":"Boondall","latitude":-27.35317,"longitude":153.06092},{"id":4345,"name":"Booral","latitude":-25.36048,"longitude":152.9081},{"id":4347,"name":"Booval","latitude":-27.61328,"longitude":152.78944},{"id":4350,"name":"Boronia Heights","latitude":-27.68855,"longitude":153.01959},{"id":4357,"name":"Bouldercombe","latitude":-23.57054,"longitude":150.46951},{"id":4358,"name":"Boulia","latitude":-22.27908,"longitude":139.62534},{"id":4362,"name":"Bowen","latitude":-20.01367,"longitude":148.24754},{"id":4363,"name":"Bowen Hills","latitude":-27.44369,"longitude":153.03728},{"id":4372,"name":"Boyne Island","latitude":-23.94829,"longitude":151.35336},{"id":4375,"name":"Bracken Ridge","latitude":-27.3171,"longitude":153.03097},{"id":4381,"name":"Brandon","latitude":-19.55389,"longitude":147.35304},{"id":4383,"name":"Branyan","latitude":-24.91347,"longitude":152.27251},{"id":4384,"name":"Brassall","latitude":-27.59753,"longitude":152.74755},{"id":4385,"name":"Bray Park","latitude":-27.29246,"longitude":152.96783},{"id":4389,"name":"Brendale","latitude":-27.32114,"longitude":152.98393},{"id":4394,"name":"Bridgeman Downs","latitude":-27.35538,"longitude":152.99432},{"id":4402,"name":"Brighton","latitude":-27.29582,"longitude":153.05721},{"id":4410,"name":"Brinsmead","latitude":-16.89921,"longitude":145.71554},{"id":4411,"name":"Brisbane","latitude":-27.46794,"longitude":153.02809},{"id":4412,"name":"Broadbeach","latitude":-28.02782,"longitude":153.43343},{"id":4413,"name":"Broadbeach Waters","latitude":-28.03498,"longitude":153.42502},{"id":4426,"name":"Brookfield","latitude":-27.5,"longitude":152.9},{"id":4431,"name":"Brookwater","latitude":-27.66128,"longitude":152.89669},{"id":4443,"name":"Bucasia","latitude":-21.03494,"longitude":149.15726},{"id":4444,"name":"Bucca","latitude":-24.86667,"longitude":152.1},{"id":4445,"name":"Buccan","latitude":-27.75,"longitude":153.13333},{"id":4446,"name":"Buddina","latitude":-26.69565,"longitude":153.13302},{"id":4447,"name":"Buderim","latitude":-26.68443,"longitude":153.05705},{"id":4452,"name":"Bulimba","latitude":-27.4499,"longitude":153.05766},{"id":4457,"name":"Bulloo","latitude":-27.83079,"longitude":142.9128},{"id":4461,"name":"Bundaberg","latitude":-24.97305,"longitude":151.98442},{"id":4462,"name":"Bundaberg East","latitude":-24.8586,"longitude":152.38003},{"id":4463,"name":"Bundaberg North","latitude":-24.84914,"longitude":152.34638},{"id":4464,"name":"Bundaberg South","latitude":-24.87277,"longitude":152.35986},{"id":4465,"name":"Bundaberg West","latitude":-24.87265,"longitude":152.33647},{"id":4466,"name":"Bundall","latitude":-28.01111,"longitude":153.40479},{"id":4467,"name":"Bundamba","latitude":-27.60947,"longitude":152.81133},{"id":4471,"name":"Bungalow","latitude":-16.93855,"longitude":145.75634},{"id":4475,"name":"Bunya","latitude":-27.3694,"longitude":152.94331},{"id":4477,"name":"Burbank","latitude":-27.55584,"longitude":153.14701},{"id":4478,"name":"Burdekin","latitude":-19.84934,"longitude":147.27239},{"id":4479,"name":"Burdell","latitude":-19.25056,"longitude":146.69877},{"id":4480,"name":"Burke","latitude":-18.06461,"longitude":139.03748},{"id":4481,"name":"Burleigh Heads","latitude":-28.1,"longitude":153.45},{"id":4482,"name":"Burleigh Waters","latitude":-28.09975,"longitude":153.42463},{"id":4483,"name":"Burnett Heads","latitude":-24.76468,"longitude":152.4127},{"id":4488,"name":"Burnside","latitude":-26.63255,"longitude":152.94063},{"id":4491,"name":"Burpengary","latitude":-27.15746,"longitude":152.95758},{"id":4492,"name":"Burpengary East","latitude":-27.14447,"longitude":152.99968},{"id":4497,"name":"Burrum Heads","latitude":-25.18457,"longitude":152.61263},{"id":4504,"name":"Bushland Beach","latitude":-19.19134,"longitude":146.67682},{"id":4515,"name":"Cabarlah","latitude":-27.43333,"longitude":152.0},{"id":4518,"name":"Caboolture","latitude":-27.08465,"longitude":152.9511},{"id":4519,"name":"Caboolture South","latitude":-27.09389,"longitude":152.94874},{"id":4524,"name":"Cairns","latitude":-16.90268,"longitude":145.75287},{"id":4525,"name":"Cairns City","latitude":-16.92069,"longitude":145.77358},{"id":4526,"name":"Cairns North","latitude":-16.90406,"longitude":145.75703},{"id":4528,"name":"Calamvale","latitude":-27.62329,"longitude":153.04785},{"id":4533,"name":"Calliope","latitude":-24.00705,"longitude":151.20033},{"id":4534,"name":"Caloundra","latitude":-26.80346,"longitude":153.12195},{"id":4535,"name":"Caloundra West","latitude":-26.80634,"longitude":153.10894},{"id":4539,"name":"Cambooya","latitude":-27.71454,"longitude":151.86029},{"id":4550,"name":"Camira","latitude":-27.63461,"longitude":152.92091},{"id":4552,"name":"Camp Hill","latitude":-27.49354,"longitude":153.07629},{"id":4553,"name":"Camp Mountain","latitude":-27.4,"longitude":152.88333},{"id":4572,"name":"Cannon Hill","latitude":-27.47237,"longitude":153.09475},{"id":4573,"name":"Cannonvale","latitude":-20.27681,"longitude":148.69759},{"id":4578,"name":"Canungra","latitude":-28.01689,"longitude":153.16525},{"id":4579,"name":"Capalaba","latitude":-27.54333,"longitude":153.20287},{"id":4582,"name":"Capella","latitude":-23.08593,"longitude":148.02206},{"id":4583,"name":"Caravonica","latitude":-16.87063,"longitude":145.68099},{"id":4584,"name":"Carbrook","latitude":-27.68333,"longitude":153.25},{"id":4590,"name":"Cardwell","latitude":-18.26693,"longitude":146.02804},{"id":4592,"name":"Carina Heights","latitude":-27.50721,"longitude":153.09126},{"id":4593,"name":"Carindale","latitude":-27.50578,"longitude":153.10236},{"id":4608,"name":"Carpentaria","latitude":-17.32216,"longitude":141.3531},{"id":4611,"name":"Carrara","latitude":-28.02151,"longitude":153.36635},{"id":4616,"name":"Carseldine","latitude":-27.34753,"longitude":153.02307},{"id":4622,"name":"Cashmere","latitude":-27.29767,"longitude":152.90662},{"id":4624,"name":"Cassowary Coast","latitude":-17.96785,"longitude":145.96561},{"id":4644,"name":"Cedar Grove","latitude":-27.86667,"longitude":152.98333},{"id":4645,"name":"Cedar Vale","latitude":-27.88923,"longitude":153.02891},{"id":4647,"name":"Centenary Heights","latitude":-27.58684,"longitude":151.96249},{"id":4654,"name":"Central Highlands","latitude":-24.06336,"longitude":148.31958},{"id":4658,"name":"Chambers Flat","latitude":-27.74811,"longitude":153.07764},{"id":4660,"name":"Chandler","latitude":-27.51398,"longitude":153.14907},{"id":4661,"name":"Chapel Hill","latitude":-27.50264,"longitude":152.95012},{"id":4666,"name":"Charleville","latitude":-26.40542,"longitude":146.24274},{"id":4670,"name":"Charters Towers","latitude":-20.20927,"longitude":145.81645},{"id":4671,"name":"Charters Towers City","latitude":-20.07774,"longitude":146.26275},{"id":4674,"name":"Chatsworth","latitude":-26.14398,"longitude":152.61503},{"id":4675,"name":"Chelmer","latitude":-27.51326,"longitude":152.97524},{"id":4680,"name":"Cherbourg","latitude":-26.2875,"longitude":151.93279},{"id":4681,"name":"Chermside","latitude":-27.38472,"longitude":153.03062},{"id":4682,"name":"Chermside West","latitude":-27.38383,"longitude":153.01586},{"id":4690,"name":"Childers","latitude":-25.23708,"longitude":152.27876},{"id":4692,"name":"Chinchilla","latitude":-26.73787,"longitude":150.6297},{"id":4703,"name":"Churchill","latitude":-27.64233,"longitude":152.75022},{"id":4706,"name":"Chuwar","latitude":-27.5662,"longitude":152.77844},{"id":4728,"name":"Clayfield","latitude":-27.41894,"longitude":153.05818},{"id":4732,"name":"Clear Island Waters","latitude":-28.05308,"longitude":153.39815},{"id":4735,"name":"Clermont","latitude":-22.82407,"longitude":147.63635},{"id":4737,"name":"Cleveland","latitude":-27.52677,"longitude":153.26516},{"id":4738,"name":"Clifton","latitude":-27.93374,"longitude":151.9066},{"id":4739,"name":"Clifton Beach","latitude":-16.76313,"longitude":145.67167},{"id":4742,"name":"Clinton","latitude":-23.87518,"longitude":151.21793},{"id":4743,"name":"Cloncurry","latitude":-20.69889,"longitude":140.27115},{"id":4744,"name":"Clontarf","latitude":-27.25341,"longitude":153.07835},{"id":4762,"name":"Coes Creek","latitude":-26.6472,"longitude":152.94943},{"id":4776,"name":"Collingwood Park","latitude":-27.61282,"longitude":152.86008},{"id":4777,"name":"Collinsville","latitude":-20.55223,"longitude":147.84399},{"id":4789,"name":"Condon","latitude":-19.32968,"longitude":146.71663},{"id":4796,"name":"Cooee Bay","latitude":-23.14427,"longitude":150.76113},{"id":4800,"name":"Cook Shire","latitude":-13.68149,"longitude":143.53156},{"id":4802,"name":"Cooktown","latitude":-15.4657,"longitude":145.24984},{"id":4805,"name":"Coolangatta","latitude":-28.16944,"longitude":153.53471},{"id":4810,"name":"Cooloola Cove","latitude":-25.9864,"longitude":152.99355},{"id":4812,"name":"Coolum Beach","latitude":-26.5283,"longitude":153.08809},{"id":4815,"name":"Coombabah","latitude":-27.91073,"longitude":153.37093},{"id":4817,"name":"Coomera","latitude":-27.84333,"longitude":153.33901},{"id":4818,"name":"Coominya","latitude":-27.39009,"longitude":152.5006},{"id":4821,"name":"Coopers Plains","latitude":-27.56463,"longitude":153.04067},{"id":4822,"name":"Cooran","latitude":-26.33689,"longitude":152.82246},{"id":4824,"name":"Cooroibah","latitude":-26.36316,"longitude":152.98599},{"id":4826,"name":"Cooroy","latitude":-26.41778,"longitude":152.91149},{"id":4827,"name":"Coorparoo","latitude":-27.49325,"longitude":153.05826},{"id":4830,"name":"Coppabella","latitude":-21.9471,"longitude":148.3005},{"id":4833,"name":"Coral Cove","latitude":-24.88309,"longitude":152.48266},{"id":4836,"name":"Corinda","latitude":-27.54381,"longitude":152.98215},{"id":4840,"name":"Cornubia","latitude":-27.66667,"longitude":153.21667},{"id":4847,"name":"Cotswold Hills","latitude":-27.52241,"longitude":151.89516},{"id":4861,"name":"Craiglie","latitude":-16.53789,"longitude":145.46963},{"id":4863,"name":"Craignish","latitude":-25.28258,"longitude":152.72429},{"id":4870,"name":"Cranbrook","latitude":-19.30553,"longitude":146.75286},{"id":4872,"name":"Cranley","latitude":-27.51504,"longitude":151.923},{"id":4879,"name":"Crestmead","latitude":-27.68759,"longitude":153.08444},{"id":4888,"name":"Crows Nest","latitude":-27.25993,"longitude":152.05164},{"id":4891,"name":"Croydon","latitude":-18.5136,"longitude":142.32249},{"id":4905,"name":"Cunnamulla","latitude":-28.06766,"longitude":145.68439},{"id":4907,"name":"Curra","latitude":-26.06667,"longitude":152.58333},{"id":4908,"name":"Currajong","latitude":-19.27566,"longitude":146.77918},{"id":4912,"name":"Currimundi","latitude":-26.76925,"longitude":153.12237},{"id":4913,"name":"Currumbin","latitude":-28.13649,"longitude":153.48158},{"id":4914,"name":"Currumbin Valley","latitude":-28.20805,"longitude":153.39424},{"id":4915,"name":"Currumbin Waters","latitude":-28.15442,"longitude":153.47282},{"id":5054,"name":"D’Aguilar","latitude":-26.98333,"longitude":152.8},{"id":4920,"name":"Daisy Hill","latitude":-27.63026,"longitude":153.15784},{"id":4921,"name":"Dakabin","latitude":-27.22594,"longitude":152.99097},{"id":4922,"name":"Dalby","latitude":-27.18169,"longitude":151.26205},{"id":4939,"name":"Darling Heights","latitude":-27.59659,"longitude":151.93045},{"id":4946,"name":"Darra","latitude":-27.56693,"longitude":152.95395},{"id":4953,"name":"Dayboro","latitude":-27.19632,"longitude":152.82253},{"id":4956,"name":"Deagon","latitude":-27.32788,"longitude":153.06126},{"id":4959,"name":"Deception Bay","latitude":-27.19354,"longitude":153.02631},{"id":4961,"name":"Deebing Heights","latitude":-27.66719,"longitude":152.74867},{"id":4963,"name":"Deeragun","latitude":-19.24741,"longitude":146.6757},{"id":4966,"name":"Delaneys Creek","latitude":-27.00021,"longitude":152.79553},{"id":4976,"name":"Depot Hill","latitude":-23.39024,"longitude":150.52102},{"id":4986,"name":"Diamantina","latitude":-24.57676,"longitude":140.07163},{"id":4990,"name":"Dicky Beach","latitude":-26.78364,"longitude":153.13766},{"id":4991,"name":"Diddillibah","latitude":-26.64166,"longitude":153.04959},{"id":4994,"name":"Dimbulah","latitude":-17.14752,"longitude":145.10969},{"id":5008,"name":"Doolandella","latitude":-27.61328,"longitude":152.98547},{"id":5009,"name":"Doomadgee","latitude":-17.63879,"longitude":138.74359},{"id":5010,"name":"Doonan","latitude":-26.43964,"longitude":152.99204},{"id":5018,"name":"Douglas","latitude":-19.32394,"longitude":146.75234},{"id":5025,"name":"Drayton","latitude":-27.60011,"longitude":151.90109},{"id":5026,"name":"Drewvale","latitude":-27.64768,"longitude":153.05458},{"id":5043,"name":"Dundowran Beach","latitude":-25.26934,"longitude":152.76232},{"id":5049,"name":"Durack","latitude":-27.58947,"longitude":152.98577},{"id":5051,"name":"Dutton Park","latitude":-27.49662,"longitude":153.02796},{"id":5053,"name":"Dysart","latitude":-22.58825,"longitude":148.34924},{"id":149309,"name":"Eagle Farm","latitude":-27.4315185,"longitude":153.0722913},{"id":5057,"name":"Eagleby","latitude":-27.68333,"longitude":153.21667},{"id":5060,"name":"Earlville","latitude":-16.95078,"longitude":145.73308},{"id":5068,"name":"East Brisbane","latitude":-27.48099,"longitude":153.04401},{"id":5079,"name":"East Innisfail","latitude":-17.53324,"longitude":146.03487},{"id":5080,"name":"East Ipswich","latitude":-27.60637,"longitude":152.77232},{"id":5088,"name":"East Mackay","latitude":-21.14979,"longitude":149.1964},{"id":5096,"name":"East Toowoomba","latitude":-27.57086,"longitude":151.97422},{"id":5098,"name":"Eastern Heights","latitude":-27.62849,"longitude":152.77828},{"id":5102,"name":"Eatons Hill","latitude":-27.3392,"longitude":152.9599},{"id":5109,"name":"Edens Landing","latitude":-27.7027,"longitude":153.16943},{"id":5111,"name":"Edge Hill","latitude":-16.9,"longitude":145.75},{"id":5117,"name":"Edmonton","latitude":-17.01902,"longitude":145.74443},{"id":5121,"name":"Eight Mile Plains","latitude":-27.58333,"longitude":153.1},{"id":5122,"name":"Eimeo","latitude":-21.03766,"longitude":149.1763},{"id":5123,"name":"Elanora","latitude":-28.13577,"longitude":153.44931},{"id":5128,"name":"Eli Waters","latitude":-25.27922,"longitude":152.8091},{"id":5129,"name":"Elimbah","latitude":-27.01667,"longitude":152.95},{"id":5140,"name":"Ellen Grove","latitude":-27.61529,"longitude":152.94385},{"id":5143,"name":"Elliott Heads","latitude":-24.91622,"longitude":152.48988},{"id":5151,"name":"Emerald","latitude":-23.52296,"longitude":148.15784},{"id":5156,"name":"Emu Park","latitude":-23.2568,"longitude":150.82679},{"id":5163,"name":"Enoggera","latitude":-27.42832,"longitude":152.97467},{"id":5174,"name":"Esk","latitude":-27.23895,"longitude":152.42223},{"id":5182,"name":"Etheridge","latitude":-18.56276,"longitude":143.53832},{"id":5185,"name":"Eudlo","latitude":-26.72963,"longitude":152.95395},{"id":5188,"name":"Eumundi","latitude":-26.47737,"longitude":152.95115},{"id":5199,"name":"Everton Hills","latitude":-27.38909,"longitude":152.97126},{"id":5200,"name":"Everton Park","latitude":-27.40732,"longitude":152.9884},{"id":5207,"name":"Fairfield","latitude":-27.50644,"longitude":153.02479},{"id":5228,"name":"Fernvale","latitude":-27.45475,"longitude":152.65321},{"id":5230,"name":"Ferny Grove","latitude":-27.4008,"longitude":152.93475},{"id":5231,"name":"Ferny Hills","latitude":-27.39594,"longitude":152.93737},{"id":5233,"name":"Fig Tree Pocket","latitude":-27.52784,"longitude":152.9619},{"id":5240,"name":"Fitzgibbon","latitude":-27.33971,"longitude":153.02921},{"id":5249,"name":"Flinders","latitude":-20.8903,"longitude":144.38814},{"id":5253,"name":"Flinders View","latitude":-27.65046,"longitude":152.77451},{"id":5262,"name":"Forest Glen","latitude":-26.68864,"longitude":153.00453},{"id":5265,"name":"Forest Lake","latitude":-27.62563,"longitude":152.96883},{"id":5267,"name":"Forestdale","latitude":-27.66334,"longitude":153.00383},{"id":5275,"name":"Fortitude Valley","latitude":-27.45706,"longitude":153.03178},{"id":5285,"name":"Fraser Coast","latitude":-25.34145,"longitude":152.67024},{"id":5291,"name":"Frenchville","latitude":-23.34761,"longitude":150.5445},{"id":5293,"name":"Freshwater","latitude":-16.88333,"longitude":145.71667},{"id":5298,"name":"Gailes","latitude":-27.61133,"longitude":152.9132},{"id":5302,"name":"Garbutt","latitude":-19.26602,"longitude":146.78224},{"id":5308,"name":"Gatton","latitude":-27.55873,"longitude":152.27618},{"id":5309,"name":"Gaven","latitude":-27.95651,"longitude":153.33453},{"id":5313,"name":"Gayndah","latitude":-25.62522,"longitude":151.61144},{"id":5314,"name":"Gaythorne","latitude":-27.41667,"longitude":152.98333},{"id":5315,"name":"Geebung","latitude":-27.37246,"longitude":153.04712},{"id":5337,"name":"Gilston","latitude":-28.03333,"longitude":153.3},{"id":5338,"name":"Gin Gin","latitude":-24.99363,"longitude":151.95808},{"id":5347,"name":"Gladstone","latitude":-24.01869,"longitude":151.65818},{"id":5348,"name":"Gladstone Central","latitude":-23.84281,"longitude":151.24887},{"id":5352,"name":"Glass House Mountains","latitude":-26.89758,"longitude":152.95319},{"id":5355,"name":"Glen Eden","latitude":-23.89738,"longitude":151.27133},{"id":5370,"name":"Gleneagle","latitude":-27.93333,"longitude":152.98333},{"id":5376,"name":"Glenella","latitude":-21.11768,"longitude":149.14453},{"id":5391,"name":"Glenvale","latitude":-27.56818,"longitude":151.8934},{"id":5392,"name":"Glenview","latitude":-26.76667,"longitude":153.01667},{"id":5400,"name":"Gold Coast","latitude":-28.00029,"longitude":153.43088},{"id":5402,"name":"Golden Beach","latitude":-26.82177,"longitude":153.11972},{"id":5407,"name":"Gooburrum","latitude":-24.82312,"longitude":152.33154},{"id":5408,"name":"Goodna","latitude":-27.61046,"longitude":152.89896},{"id":5415,"name":"Goondiwindi","latitude":-28.46221,"longitude":150.31345},{"id":5421,"name":"Gordon Park","latitude":-27.41899,"longitude":153.02547},{"id":5422,"name":"Gordonvale","latitude":-17.09959,"longitude":145.78038},{"id":5430,"name":"Gowrie Junction","latitude":-27.48333,"longitude":151.88333},{"id":5432,"name":"Gracemere","latitude":-23.43792,"longitude":150.45749},{"id":5433,"name":"Graceville","latitude":-27.52201,"longitude":152.98222},{"id":5436,"name":"Grange","latitude":-27.42251,"longitude":153.01527},{"id":5440,"name":"Granville","latitude":-25.54486,"longitude":152.73346},{"id":5453,"name":"Greenbank","latitude":-27.71667,"longitude":152.98333},{"id":5459,"name":"Greenslopes","latitude":-27.50815,"longitude":153.04951},{"id":5470,"name":"Griffin","latitude":-27.27149,"longitude":153.03942},{"id":5479,"name":"Gulliver","latitude":-19.28814,"longitude":146.77691},{"id":5481,"name":"Gumdale","latitude":-27.49188,"longitude":153.15315},{"id":5495,"name":"Gympie","latitude":-26.18979,"longitude":152.66499},{"id":5496,"name":"Gympie Regional Council","latitude":-26.18881,"longitude":152.65868},{"id":5513,"name":"Hamilton","latitude":-27.43896,"longitude":153.06287},{"id":5526,"name":"Harlaxton","latitude":-27.53333,"longitude":151.96667},{"id":5532,"name":"Harristown","latitude":-27.58333,"longitude":151.93333},{"id":5536,"name":"Hatton Vale","latitude":-27.56667,"longitude":152.46667},{"id":5546,"name":"Hawthorne","latitude":-27.46696,"longitude":153.05779},{"id":5548,"name":"Hay Point","latitude":-21.29646,"longitude":149.27368},{"id":5555,"name":"Healy","latitude":-20.74596,"longitude":139.5001},{"id":5561,"name":"Heathwood","latitude":-27.63449,"longitude":152.98814},{"id":5562,"name":"Heatley","latitude":-19.29035,"longitude":146.75355},{"id":5572,"name":"Helensvale","latitude":-27.91828,"longitude":153.33275},{"id":5573,"name":"Helidon","latitude":-27.55316,"longitude":152.12398},{"id":5574,"name":"Hemmant","latitude":-27.44776,"longitude":153.13174},{"id":5575,"name":"Hendra","latitude":-27.41775,"longitude":153.07025},{"id":5583,"name":"Heritage Park","latitude":-27.68273,"longitude":153.06082},{"id":5584,"name":"Hermit Park","latitude":-19.28741,"longitude":146.80043},{"id":5587,"name":"Herston","latitude":-27.44453,"longitude":153.01852},{"id":5588,"name":"Hervey Bay","latitude":-25.28762,"longitude":152.76936},{"id":5596,"name":"Highfields","latitude":-27.46343,"longitude":151.95386},{"id":5599,"name":"Highgate Hill","latitude":-27.48912,"longitude":153.01878},{"id":5600,"name":"Highland Park","latitude":-28.01392,"longitude":153.33312},{"id":5602,"name":"Highvale","latitude":-27.37227,"longitude":152.80195},{"id":5608,"name":"Hillcrest","latitude":-27.66857,"longitude":153.02614},{"id":5616,"name":"Hinchinbrook","latitude":-18.6584,"longitude":146.12296},{"id":5626,"name":"Hodgson Vale","latitude":-27.66518,"longitude":151.93251},{"id":5631,"name":"Holland Park","latitude":-27.51704,"longitude":153.06744},{"id":5632,"name":"Holland Park West","latitude":-27.52625,"longitude":153.06046},{"id":5633,"name":"Holloways Beach","latitude":-16.84209,"longitude":145.73922},{"id":5634,"name":"Hollywell","latitude":-27.90076,"longitude":153.39609},{"id":5636,"name":"Holmview","latitude":-27.71631,"longitude":153.17045},{"id":5641,"name":"Home Hill","latitude":-19.65921,"longitude":147.41232},{"id":5644,"name":"Hope Island","latitude":-27.87036,"longitude":153.35164},{"id":5645,"name":"Hope Vale","latitude":-15.13588,"longitude":145.19248},{"id":5657,"name":"Howard","latitude":-25.31934,"longitude":152.55986},{"id":5662,"name":"Hughenden","latitude":-20.84399,"longitude":144.20035},{"id":5679,"name":"Hyde Park","latitude":-19.27691,"longitude":146.79653},{"id":5681,"name":"Idalia","latitude":-19.30682,"longitude":146.81389},{"id":5685,"name":"Inala","latitude":-27.59715,"longitude":152.97432},{"id":5688,"name":"Indooroopilly","latitude":-27.50302,"longitude":152.97518},{"id":5689,"name":"Ingham","latitude":-18.64552,"longitude":146.16248},{"id":5694,"name":"Innes Park","latitude":-24.86833,"longitude":152.47992},{"id":5695,"name":"Innisfail","latitude":-17.52209,"longitude":146.03102},{"id":5696,"name":"Innisfail Estate","latitude":-17.5183,"longitude":146.04474},{"id":5702,"name":"Ipswich","latitude":-27.6779,"longitude":152.66188},{"id":5706,"name":"Isaac","latitude":-22.24346,"longitude":148.23672},{"id":5715,"name":"Jacobs Well","latitude":-27.77992,"longitude":153.36153},{"id":5717,"name":"Jamboree Heights","latitude":-27.55634,"longitude":152.93402},{"id":5722,"name":"Jandowae","latitude":-26.78411,"longitude":151.1124},{"id":5726,"name":"Jensen","latitude":-19.2457,"longitude":146.65289},{"id":5733,"name":"Jimboomba","latitude":-27.83118,"longitude":153.02737},{"id":5736,"name":"Jindalee","latitude":-27.53446,"longitude":152.93843},{"id":5745,"name":"Joyner","latitude":-27.27613,"longitude":152.94471},{"id":5746,"name":"Jubilee Pocket","latitude":-20.28809,"longitude":148.72938},{"id":5747,"name":"Julatten","latitude":-16.6072,"longitude":145.34118},{"id":5756,"name":"Kalbar","latitude":-27.94169,"longitude":152.62372},{"id":5762,"name":"Kalinga","latitude":-27.40957,"longitude":153.05061},{"id":5763,"name":"Kalkie","latitude":-24.84426,"longitude":152.38532},{"id":5764,"name":"Kallangur","latitude":-27.25204,"longitude":152.99226},{"id":5771,"name":"Kamerunga","latitude":-16.87321,"longitude":145.7013},{"id":5777,"name":"Kangaroo Point","latitude":-27.47679,"longitude":153.0367},{"id":5778,"name":"Kanimbla","latitude":-16.92307,"longitude":145.72158},{"id":5783,"name":"Karalee","latitude":-27.56485,"longitude":152.82446},{"id":5785,"name":"Karana Downs","latitude":-27.54857,"longitude":152.80728},{"id":5795,"name":"Karumba","latitude":-17.48691,"longitude":140.84262},{"id":5801,"name":"Kawana","latitude":-23.33933,"longitude":150.50493},{"id":5802,"name":"Kawungan","latitude":-25.29879,"longitude":152.846},{"id":5804,"name":"Kearneys Spring","latitude":-27.60495,"longitude":151.94098},{"id":5806,"name":"Kedron","latitude":-27.40286,"longitude":153.02969},{"id":5819,"name":"Kelso","latitude":-19.38932,"longitude":146.71912},{"id":5820,"name":"Kelvin Grove","latitude":-27.44819,"longitude":153.01337},{"id":5824,"name":"Kenmore","latitude":-27.50759,"longitude":152.93879},{"id":5825,"name":"Kenmore Hills","latitude":-27.5042,"longitude":152.93183},{"id":5830,"name":"Kensington Grove","latitude":-27.53278,"longitude":152.47205},{"id":5837,"name":"Keperra","latitude":-27.41376,"longitude":152.94703},{"id":5838,"name":"Kepnock","latitude":-24.87606,"longitude":152.37518},{"id":5844,"name":"Kewarra Beach","latitude":-16.78219,"longitude":145.68455},{"id":5854,"name":"Kilcoy","latitude":-26.943,"longitude":152.56545},{"id":5863,"name":"Kin Kora","latitude":-23.87705,"longitude":151.24722},{"id":5866,"name":"Kingaroy","latitude":-26.53994,"longitude":151.8373},{"id":5870,"name":"Kings Beach","latitude":-26.80166,"longitude":153.14261},{"id":5881,"name":"Kingsthorpe","latitude":-27.47558,"longitude":151.81409},{"id":5885,"name":"Kingston","latitude":-27.66667,"longitude":153.11667},{"id":5892,"name":"Kippa-Ring","latitude":-27.22586,"longitude":153.0835},{"id":5893,"name":"Kirkwood","latitude":-23.90327,"longitude":151.23545},{"id":5896,"name":"Kirwan","latitude":-19.30323,"longitude":146.72531},{"id":5897,"name":"Kleinton","latitude":-27.43333,"longitude":151.95},{"id":5908,"name":"Koongal","latitude":-23.36887,"longitude":150.54917},{"id":5909,"name":"Kooralbyn","latitude":-28.07955,"longitude":152.83974},{"id":5919,"name":"Kowanyama","latitude":-15.27882,"longitude":141.81287},{"id":5922,"name":"Kuluin","latitude":-26.65779,"longitude":153.05608},{"id":5924,"name":"Kuraby","latitude":-27.60683,"longitude":153.09367},{"id":5925,"name":"Kuranda","latitude":-16.81978,"longitude":145.63818},{"id":5932,"name":"Kurwongbah","latitude":-27.2325,"longitude":152.97621},{"id":5938,"name":"Labrador","latitude":-27.94402,"longitude":153.39815},{"id":5940,"name":"Laidley","latitude":-27.63278,"longitude":152.39285},{"id":5949,"name":"Lake Macdonald","latitude":-26.38482,"longitude":152.93213},{"id":5962,"name":"Lammermoor","latitude":-23.16076,"longitude":150.76079},{"id":5964,"name":"Landsborough","latitude":-26.80666,"longitude":152.96095},{"id":5991,"name":"Lawnton","latitude":-27.28333,"longitude":152.98333},{"id":6001,"name":"Leichhardt","latitude":-27.62279,"longitude":152.73373},{"id":6038,"name":"Little Mountain","latitude":-26.78436,"longitude":153.09218},{"id":6046,"name":"Lockhart River","latitude":-13.01876,"longitude":143.25024},{"id":6050,"name":"Lockyer Valley","latitude":-27.68139,"longitude":152.23036},{"id":6053,"name":"Logan","latitude":-27.76294,"longitude":153.04492},{"id":6054,"name":"Logan Central","latitude":-27.64385,"longitude":153.10725},{"id":6055,"name":"Logan City","latitude":-27.63917,"longitude":153.10944},{"id":6056,"name":"Logan Reserve","latitude":-27.72414,"longitude":153.09002},{"id":6057,"name":"Logan Village","latitude":-27.76832,"longitude":153.10762},{"id":6058,"name":"Loganholme","latitude":-27.68444,"longitude":153.1864},{"id":6059,"name":"Loganlea","latitude":-27.67535,"longitude":153.13472},{"id":6066,"name":"Longreach","latitude":-23.876,"longitude":143.86708},{"id":6071,"name":"Lota","latitude":-27.46923,"longitude":153.1858},{"id":6073,"name":"Lower Beechmont","latitude":-28.04751,"longitude":153.24572},{"id":6079,"name":"Lowood","latitude":-27.46555,"longitude":152.57625},{"id":6088,"name":"Lutwyche","latitude":-27.42275,"longitude":153.03354},{"id":6101,"name":"Macgregor","latitude":-27.5649,"longitude":153.0665},{"id":6103,"name":"Machans Beach","latitude":-16.85849,"longitude":145.74468},{"id":6104,"name":"Mackay","latitude":-21.08189,"longitude":149.04265},{"id":6105,"name":"Mackay City","latitude":-21.14463,"longitude":149.18678},{"id":6106,"name":"Mackenzie","latitude":-27.54351,"longitude":153.12057},{"id":6109,"name":"Macleay Island","latitude":-27.61089,"longitude":153.35996},{"id":6123,"name":"Magnetic Island","latitude":-19.15514,"longitude":146.8485},{"id":6127,"name":"Main Beach","latitude":-27.97879,"longitude":153.4266},{"id":6134,"name":"Malanda","latitude":-17.35228,"longitude":145.59528},{"id":6136,"name":"Maleny","latitude":-26.76001,"longitude":152.84926},{"id":6146,"name":"Mango Hill","latitude":-27.24349,"longitude":153.02384},{"id":6153,"name":"Manly West","latitude":-27.47382,"longitude":153.16641},{"id":6159,"name":"Manoora","latitude":-16.91706,"longitude":145.73665},{"id":6160,"name":"Mansfield","latitude":-27.53929,"longitude":153.09895},{"id":6163,"name":"Manunda","latitude":-16.91721,"longitude":145.7492},{"id":6164,"name":"Mapleton","latitude":-26.62431,"longitude":152.86784},{"id":6165,"name":"Mapoon","latitude":-12.1096,"longitude":141.90216},{"id":6168,"name":"Maranoa","latitude":-26.39289,"longitude":148.43098},{"id":6172,"name":"Marcoola","latitude":-26.5845,"longitude":153.09465},{"id":6175,"name":"Mareeba","latitude":-16.99096,"longitude":145.42306},{"id":6178,"name":"Margate","latitude":-27.24761,"longitude":153.09809},{"id":6179,"name":"Marian","latitude":-21.14386,"longitude":148.94209},{"id":6187,"name":"Maroochy River","latitude":-26.57767,"longitude":153.01884},{"id":6188,"name":"Maroochydore","latitude":-26.66008,"longitude":153.09953},{"id":6193,"name":"Marsden","latitude":-27.67342,"longitude":153.09732},{"id":6198,"name":"Maryborough","latitude":-25.54073,"longitude":152.70493},{"id":6204,"name":"Maudsland","latitude":-27.95,"longitude":153.26667},{"id":6215,"name":"McDowall","latitude":-27.38266,"longitude":152.99194},{"id":6219,"name":"McKinlay","latitude":-20.59413,"longitude":141.67448},{"id":6227,"name":"Meadowbrook","latitude":-27.66401,"longitude":153.14465},{"id":6249,"name":"Menzies","latitude":-20.71809,"longitude":139.49717},{"id":6253,"name":"Meridan Plains","latitude":-26.77351,"longitude":153.06187},{"id":6255,"name":"Meringandan West","latitude":-27.41612,"longitude":151.88727},{"id":6256,"name":"Mermaid Beach","latitude":-28.04411,"longitude":153.43472},{"id":6257,"name":"Mermaid Waters","latitude":-28.04912,"longitude":153.43081},{"id":6260,"name":"Merrimac","latitude":-28.05085,"longitude":153.37307},{"id":6267,"name":"Miami","latitude":-28.07173,"longitude":153.44158},{"id":6274,"name":"Middle Park","latitude":-27.55596,"longitude":152.92223},{"id":6275,"name":"Middle Ridge","latitude":-27.60709,"longitude":151.96688},{"id":6277,"name":"Middlemount","latitude":-22.81226,"longitude":148.69926},{"id":6286,"name":"Miles","latitude":-26.65836,"longitude":150.18822},{"id":6290,"name":"Millbank","latitude":-24.87536,"longitude":152.32217},{"id":6296,"name":"Millmerran","latitude":-27.87913,"longitude":151.27058},{"id":6298,"name":"Millstream","latitude":-17.65318,"longitude":145.41401},{"id":6304,"name":"Milton","latitude":-27.47039,"longitude":153.00312},{"id":6307,"name":"Minden","latitude":-27.55965,"longitude":152.54493},{"id":6312,"name":"Minyama","latitude":-26.69573,"longitude":153.12353},{"id":6315,"name":"Mirani","latitude":-21.15729,"longitude":148.86217},{"id":6318,"name":"Mission Beach","latitude":-17.86885,"longitude":146.10392},{"id":6319,"name":"Mission River","latitude":-12.59509,"longitude":141.9576},{"id":6323,"name":"Mitchell","latitude":-26.4849,"longitude":147.9742},{"id":6326,"name":"Mitchelton","latitude":-27.41667,"longitude":152.96667},{"id":6334,"name":"Moffat Beach","latitude":-26.79048,"longitude":153.13997},{"id":6335,"name":"Moggill","latitude":-27.58333,"longitude":152.86667},{"id":6338,"name":"Molendinar","latitude":-27.97409,"longitude":153.36069},{"id":6347,"name":"Monkland","latitude":-26.21191,"longitude":152.68245},{"id":6353,"name":"Monto","latitude":-24.86477,"longitude":151.12199},{"id":6356,"name":"Montville","latitude":-26.68333,"longitude":152.88333},{"id":6358,"name":"Mooloolaba","latitude":-26.68164,"longitude":153.11925},{"id":6369,"name":"Moore Park Beach","latitude":-24.71066,"longitude":152.20905},{"id":6371,"name":"Mooroobool","latitude":-16.93489,"longitude":145.73137},{"id":6373,"name":"Moorooka","latitude":-27.53436,"longitude":153.0246},{"id":6376,"name":"Moranbah","latitude":-22.00163,"longitude":148.04661},{"id":6378,"name":"Morayfield","latitude":-27.10876,"longitude":152.94907},{"id":6383,"name":"Moreton Bay","latitude":-27.10731,"longitude":152.92937},{"id":6386,"name":"Morningside","latitude":-27.46165,"longitude":153.07511},{"id":6388,"name":"Mornington","latitude":-16.68436,"longitude":139.46682},{"id":6402,"name":"Mossman","latitude":-16.46292,"longitude":145.37144},{"id":6414,"name":"Mount Coolum","latitude":-26.56581,"longitude":153.09139},{"id":6415,"name":"Mount Cotton","latitude":-27.63333,"longitude":153.23333},{"id":6416,"name":"Mount Crosby","latitude":-27.53948,"longitude":152.80583},{"id":6423,"name":"Mount Gravatt","latitude":-27.53333,"longitude":153.08333},{"id":6424,"name":"Mount Gravatt East","latitude":-27.5405,"longitude":153.08221},{"id":6429,"name":"Mount Isa","latitude":-20.72523,"longitude":139.49727},{"id":6435,"name":"Mount Lofty","latitude":-27.54628,"longitude":151.97218},{"id":6436,"name":"Mount Louisa","latitude":-19.274,"longitude":146.75091},{"id":6437,"name":"Mount Low","latitude":-19.23209,"longitude":146.66951},{"id":6443,"name":"Mount Morgan","latitude":-23.64532,"longitude":150.38902},{"id":6445,"name":"Mount Nathan","latitude":-27.9643,"longitude":153.27198},{"id":6447,"name":"Mount Ommaney","latitude":-27.54609,"longitude":152.93219},{"id":6451,"name":"Mount Pleasant","latitude":-21.11814,"longitude":149.15965},{"id":6458,"name":"Mount Sheridan","latitude":-16.98608,"longitude":145.73244},{"id":6462,"name":"Mount Warren Park","latitude":-27.73109,"longitude":153.20549},{"id":6465,"name":"Mountain Creek","latitude":-26.70278,"longitude":153.10133},{"id":6466,"name":"Moura","latitude":-24.5722,"longitude":149.96729},{"id":6470,"name":"Mudgeeraba","latitude":-28.08333,"longitude":153.36667},{"id":6471,"name":"Mudjimba","latitude":-26.61497,"longitude":153.0989},{"id":6474,"name":"Mulambin","latitude":-23.18755,"longitude":150.78933},{"id":6482,"name":"Mundingburra","latitude":-19.29851,"longitude":146.79352},{"id":6483,"name":"Mundoolun","latitude":-27.8994,"longitude":153.0715},{"id":6484,"name":"Mundubbera","latitude":-25.59266,"longitude":151.30225},{"id":6487,"name":"Munruben","latitude":-27.74635,"longitude":153.03119},{"id":6489,"name":"Murarrie","latitude":-27.46289,"longitude":153.09809},{"id":6492,"name":"Murgon","latitude":-26.2417,"longitude":151.94047},{"id":6494,"name":"Murray","latitude":-19.31803,"longitude":146.79494},{"id":6497,"name":"Murrumba Downs","latitude":-27.26733,"longitude":153.01053},{"id":6501,"name":"Murweh","latitude":-26.13609,"longitude":146.6041},{"id":6513,"name":"Nambour","latitude":-26.62613,"longitude":152.95941},{"id":6518,"name":"Nanango","latitude":-26.67157,"longitude":152.00211},{"id":6520,"name":"Nanum","latitude":-12.64511,"longitude":141.86221},{"id":6521,"name":"Napranum","latitude":-12.55322,"longitude":142.06558},{"id":6524,"name":"Narangba","latitude":-27.20338,"longitude":152.95923},{"id":6544,"name":"Nathan","latitude":-27.55888,"longitude":153.0623},{"id":6545,"name":"Nebo","latitude":-21.68333,"longitude":148.68333},{"id":6548,"name":"Nelly Bay","latitude":-19.15775,"longitude":146.84977},{"id":6550,"name":"Nerang","latitude":-27.98941,"longitude":153.33633},{"id":6554,"name":"New Auckland","latitude":-23.88359,"longitude":151.23563},{"id":6555,"name":"New Beith","latitude":-27.79359,"longitude":152.88443},{"id":6556,"name":"New Farm","latitude":-27.46777,"longitude":153.04834},{"id":6570,"name":"Newmarket","latitude":-27.43534,"longitude":153.00781},{"id":6574,"name":"Newport","latitude":-27.20731,"longitude":153.10135},{"id":6576,"name":"Newstead","latitude":-27.45314,"longitude":153.04183},{"id":6579,"name":"Newtown","latitude":-27.55602,"longitude":151.93255},{"id":6595,"name":"Ninderry","latitude":-26.54094,"longitude":152.9752},{"id":6596,"name":"Ningi","latitude":-27.06108,"longitude":153.07883},{"id":6601,"name":"Nome","latitude":-19.36245,"longitude":146.94672},{"id":6602,"name":"Noosa Heads","latitude":-26.39433,"longitude":153.0901},{"id":6603,"name":"Noosaville","latitude":-26.4,"longitude":153.06667},{"id":6607,"name":"Norman Gardens","latitude":-23.33044,"longitude":150.52747},{"id":6608,"name":"Norman Park","latitude":-27.47916,"longitude":153.0625},{"id":6610,"name":"Normanton","latitude":-17.67183,"longitude":141.07721},{"id":6620,"name":"North Booval","latitude":-27.60392,"longitude":152.79485},{"id":6623,"name":"North Burnett","latitude":-25.24444,"longitude":151.32301},{"id":6633,"name":"North Ipswich","latitude":-27.60286,"longitude":152.76146},{"id":6635,"name":"North Lakes","latitude":-27.22426,"longitude":153.02075},{"id":6637,"name":"North Mackay","latitude":-21.12009,"longitude":149.17941},{"id":6638,"name":"North Maclean","latitude":-27.76759,"longitude":153.01646},{"id":6653,"name":"North Toowoomba","latitude":-27.54415,"longitude":151.96117},{"id":6656,"name":"North Ward","latitude":-19.24994,"longitude":146.81477},{"id":6669,"name":"Northern Peninsula Area","latitude":-10.9719,"longitude":142.35364},{"id":6673,"name":"Norville","latitude":-24.8931,"longitude":152.34089},{"id":6681,"name":"Nudgee","latitude":-27.3691,"longitude":153.0847},{"id":6686,"name":"Nundah","latitude":-27.40252,"longitude":153.06165},{"id":6698,"name":"Oakey","latitude":-27.43305,"longitude":151.72063},{"id":6700,"name":"Oakhurst","latitude":-25.51253,"longitude":152.63583},{"id":6722,"name":"One Mile","latitude":-27.62902,"longitude":152.73768},{"id":6727,"name":"Oonoonba","latitude":-19.29684,"longitude":146.82091},{"id":6728,"name":"Ooralea","latitude":-21.17394,"longitude":149.14797},{"id":6737,"name":"Ormeau","latitude":-27.76791,"longitude":153.2428},{"id":6738,"name":"Ormeau Hills","latitude":-27.79653,"longitude":153.2567},{"id":6739,"name":"Ormiston","latitude":-27.51667,"longitude":153.25},{"id":6747,"name":"Oxenford","latitude":-27.89033,"longitude":153.31309},{"id":6748,"name":"Oxley","latitude":-27.55,"longitude":152.98333},{"id":6754,"name":"Pacific Paradise","latitude":-26.61807,"longitude":153.07781},{"id":6755,"name":"Pacific Pines","latitude":-27.93994,"longitude":153.31436},{"id":6758,"name":"Paddington","latitude":-27.45939,"longitude":152.99509},{"id":6765,"name":"Palm Beach","latitude":-28.11694,"longitude":153.46584},{"id":6767,"name":"Palm Cove","latitude":-16.75,"longitude":145.66667},{"id":6768,"name":"Palm Island","latitude":-18.74893,"longitude":146.60379},{"id":6771,"name":"Palmwoods","latitude":-26.68584,"longitude":152.96135},{"id":6781,"name":"Paradise Point","latitude":-27.88663,"longitude":153.3933},{"id":6786,"name":"Park Avenue","latitude":-23.35327,"longitude":150.5189},{"id":6790,"name":"Park Ridge","latitude":-27.71667,"longitude":153.03333},{"id":6791,"name":"Park Ridge South","latitude":-27.72707,"longitude":153.0332},{"id":6795,"name":"Parkhurst","latitude":-23.3,"longitude":150.51667},{"id":6796,"name":"Parkinson","latitude":-27.6434,"longitude":153.02975},{"id":6798,"name":"Parkside","latitude":-20.7377,"longitude":139.48865},{"id":6801,"name":"Parkwood","latitude":-27.95461,"longitude":153.36304},{"id":6804,"name":"Paroo","latitude":-27.98742,"longitude":145.71755},{"id":6806,"name":"Parramatta Park","latitude":-16.92598,"longitude":145.76643},{"id":6807,"name":"Parrearra","latitude":-26.71152,"longitude":153.12197},{"id":6815,"name":"Peachester","latitude":-26.84551,"longitude":152.884},{"id":6824,"name":"Pelican Waters","latitude":-26.83354,"longitude":153.10013},{"id":6836,"name":"Peregian Beach","latitude":-26.481,"longitude":153.096},{"id":6837,"name":"Peregian Springs","latitude":-26.48801,"longitude":153.07577},{"id":6845,"name":"Petrie","latitude":-27.26667,"longitude":152.98333},{"id":6846,"name":"Petrie Terrace","latitude":-27.46298,"longitude":153.01312},{"id":6850,"name":"Pialba","latitude":-25.287,"longitude":152.84369},{"id":6855,"name":"Pie Creek","latitude":-26.22991,"longitude":152.60774},{"id":6856,"name":"Pimlico","latitude":-19.28172,"longitude":146.78803},{"id":6857,"name":"Pimpama","latitude":-27.81667,"longitude":153.3},{"id":6858,"name":"Pine Mountain","latitude":-27.55,"longitude":152.7},{"id":6861,"name":"Pioneer","latitude":-20.72032,"longitude":139.50812},{"id":6863,"name":"Pittsworth","latitude":-27.71638,"longitude":151.63399},{"id":6864,"name":"Plainland","latitude":-27.56667,"longitude":152.41667},{"id":6877,"name":"Point Vernon","latitude":-25.25727,"longitude":152.81725},{"id":6879,"name":"Pomona","latitude":-26.36685,"longitude":152.85574},{"id":6881,"name":"Pormpuraaw","latitude":-14.65705,"longitude":141.83354},{"id":6888,"name":"Port Douglas","latitude":-16.48383,"longitude":145.46725},{"id":6921,"name":"Proserpine","latitude":-20.4011,"longitude":148.5802},{"id":6926,"name":"Pullenvale","latitude":-27.52283,"longitude":152.88651},{"id":6945,"name":"Queenton","latitude":-20.07453,"longitude":146.2817},{"id":6946,"name":"Quilpie","latitude":-26.15057,"longitude":143.57936},{"id":6952,"name":"Raceview","latitude":-27.63472,"longitude":152.77519},{"id":6954,"name":"Railway Estate","latitude":-19.2757,"longitude":146.81962},{"id":6955,"name":"Rainbow Beach","latitude":-25.90432,"longitude":153.09174},{"id":6960,"name":"Rangeville","latitude":-27.58318,"longitude":151.97997},{"id":6962,"name":"Rangewood","latitude":-19.31138,"longitude":146.63877},{"id":6965,"name":"Rasmussen","latitude":-19.3524,"longitude":146.7228},{"id":6968,"name":"Ravenshoe","latitude":-17.60901,"longitude":145.48413},{"id":6976,"name":"Red Hill","latitude":-20.31667,"longitude":148.5},{"id":6979,"name":"Redbank","latitude":-27.6,"longitude":152.86667},{"id":6980,"name":"Redbank Plains","latitude":-27.64613,"longitude":152.85965},{"id":6984,"name":"Redland","latitude":-27.53791,"longitude":153.24829},{"id":6985,"name":"Redland Bay","latitude":-27.6113,"longitude":153.30022},{"id":6986,"name":"Redlynch","latitude":-16.9254,"longitude":145.69559},{"id":6988,"name":"Reedy Creek","latitude":-28.11243,"longitude":153.39638},{"id":6989,"name":"Regency Downs","latitude":-27.53359,"longitude":152.44049},{"id":6991,"name":"Regents Park","latitude":-27.67664,"longitude":153.04165},{"id":7005,"name":"Richlands","latitude":-27.59616,"longitude":152.95321},{"id":7008,"name":"Richmond","latitude":-20.56967,"longitude":142.91384},{"id":7022,"name":"River Heads","latitude":-25.41551,"longitude":152.91315},{"id":7023,"name":"Riverhills","latitude":-27.55928,"longitude":152.91106},{"id":7028,"name":"Riverview","latitude":-27.6,"longitude":152.85},{"id":7033,"name":"Robertson","latitude":-27.56583,"longitude":153.05738},{"id":7035,"name":"Robina","latitude":-28.07071,"longitude":153.39329},{"id":7037,"name":"Rochedale","latitude":-27.56667,"longitude":153.13333},{"id":7038,"name":"Rochedale South","latitude":-27.59521,"longitude":153.12332},{"id":7043,"name":"Rockhampton","latitude":-23.38032,"longitude":150.50595},{"id":7046,"name":"Rocklea","latitude":-27.53917,"longitude":153.00402},{"id":7047,"name":"Rockville","latitude":-27.53611,"longitude":151.93805},{"id":7052,"name":"Roma","latitude":-26.56741,"longitude":148.78751},{"id":7068,"name":"Rosemount","latitude":-26.6303,"longitude":152.9997},{"id":7069,"name":"Rosenthal Heights","latitude":-28.24013,"longitude":152.01327},{"id":7074,"name":"Rosewood","latitude":-27.6335,"longitude":152.58949},{"id":7077,"name":"Rosslea","latitude":-19.29871,"longitude":146.79824},{"id":7081,"name":"Rothwell","latitude":-27.21433,"longitude":153.04676},{"id":7089,"name":"Runaway Bay","latitude":-27.91386,"longitude":153.39775},{"id":7090,"name":"Runcorn","latitude":-27.59756,"longitude":153.07699},{"id":7091,"name":"Rural View","latitude":-21.06447,"longitude":149.1646},{"id":7095,"name":"Russell Island","latitude":-27.64867,"longitude":153.38124},{"id":7105,"name":"Sadliers Crossing","latitude":-27.61251,"longitude":152.74577},{"id":7120,"name":"Salisbury","latitude":-27.55145,"longitude":153.0325},{"id":7129,"name":"Samford Valley","latitude":-27.3727,"longitude":152.86699},{"id":7135,"name":"Sandgate","latitude":-27.32198,"longitude":153.06951},{"id":7140,"name":"Sandstone Point","latitude":-27.08374,"longitude":153.13235},{"id":7146,"name":"Sarina","latitude":-21.4191,"longitude":149.21677},{"id":7150,"name":"Scarborough","latitude":-27.20118,"longitude":153.10939},{"id":7151,"name":"Scarness","latitude":-25.28405,"longitude":152.856},{"id":7152,"name":"Scenic Rim","latitude":-28.04021,"longitude":152.80688},{"id":7183,"name":"Seven Hills","latitude":-27.48341,"longitude":153.07474},{"id":7186,"name":"Seventeen Mile Rocks","latitude":-27.5507,"longitude":152.95896},{"id":7190,"name":"Shailer Park","latitude":-27.6498,"longitude":153.17753},{"id":7193,"name":"Sharon","latitude":-24.87593,"longitude":152.26994},{"id":7197,"name":"Sheldon","latitude":-27.58436,"longitude":153.20042},{"id":7210,"name":"Shorncliffe","latitude":-27.32759,"longitude":153.08161},{"id":7212,"name":"Silkstone","latitude":-27.62126,"longitude":152.78768},{"id":7221,"name":"Sinnamon Park","latitude":-27.54436,"longitude":152.9489},{"id":7222,"name":"Sippy Downs","latitude":-26.71793,"longitude":153.05475},{"id":7225,"name":"Slacks Creek","latitude":-27.65,"longitude":153.15},{"id":7226,"name":"Slade Point","latitude":-21.075,"longitude":149.225},{"id":7236,"name":"Soldiers Hill","latitude":-20.70533,"longitude":139.48988},{"id":7241,"name":"Somerset","latitude":-27.01133,"longitude":152.41521},{"id":7253,"name":"South Brisbane","latitude":-27.48034,"longitude":153.02049},{"id":7255,"name":"South Burnett","latitude":-26.40077,"longitude":151.60166},{"id":7260,"name":"South Gladstone","latitude":-23.86221,"longitude":151.26801},{"id":7270,"name":"South Kolan","latitude":-24.93202,"longitude":152.1679},{"id":7274,"name":"South Mackay","latitude":-21.16288,"longitude":149.17751},{"id":7275,"name":"South Maclean","latitude":-27.79245,"longitude":153.01603},{"id":7284,"name":"South Toowoomba","latitude":-27.57101,"longitude":151.9465},{"id":7285,"name":"South Townsville","latitude":-19.26618,"longitude":146.83331},{"id":7293,"name":"Southern Downs","latitude":-28.50265,"longitude":151.92165},{"id":7298,"name":"Southport","latitude":-27.96724,"longitude":153.39796},{"id":7299,"name":"Southside","latitude":-26.20997,"longitude":152.64719},{"id":7308,"name":"Spring Hill","latitude":-27.46141,"longitude":153.02311},{"id":7310,"name":"Springfield","latitude":-27.65365,"longitude":152.91716},{"id":7311,"name":"Springfield Lakes","latitude":-27.66757,"longitude":152.92488},{"id":7312,"name":"Springsure","latitude":-24.11478,"longitude":148.08849},{"id":7316,"name":"Springwood","latitude":-27.61183,"longitude":153.12899},{"id":7322,"name":"St George","latitude":-27.94763,"longitude":148.60986},{"id":7339,"name":"Stafford","latitude":-27.41044,"longitude":153.01105},{"id":7340,"name":"Stafford Heights","latitude":-27.39354,"longitude":153.0105},{"id":7343,"name":"Stanthorpe","latitude":-28.65425,"longitude":151.93388},{"id":7364,"name":"Strathpine","latitude":-27.30414,"longitude":152.98977},{"id":7367,"name":"Stretton","latitude":-27.62205,"longitude":153.06609},{"id":7368,"name":"Stuart","latitude":-19.34702,"longitude":146.84378},{"id":7377,"name":"Sun Valley","latitude":-23.87516,"longitude":151.25752},{"id":7379,"name":"Sunnybank","latitude":-27.58003,"longitude":153.06064},{"id":7380,"name":"Sunnybank Hills","latitude":-27.61025,"longitude":153.05388},{"id":7381,"name":"Sunrise Beach","latitude":-26.41646,"longitude":153.10305},{"id":7382,"name":"Sunset","latitude":-20.71026,"longitude":139.50824},{"id":7386,"name":"Sunshine Beach","latitude":-26.40579,"longitude":153.10779},{"id":7387,"name":"Sunshine Coast","latitude":-26.56098,"longitude":152.85113},{"id":7391,"name":"Surfers Paradise","latitude":-28.00274,"longitude":153.42999},{"id":7400,"name":"Svensson Heights","latitude":-24.88566,"longitude":152.33183},{"id":7415,"name":"Taigum","latitude":-27.34265,"longitude":153.04444},{"id":7417,"name":"Tallai","latitude":-28.06407,"longitude":153.32589},{"id":7419,"name":"Tallebudgera","latitude":-28.15,"longitude":153.43333},{"id":7420,"name":"Tallebudgera Valley","latitude":-28.1927,"longitude":153.35489},{"id":7422,"name":"Tamborine","latitude":-27.88333,"longitude":153.13333},{"id":7423,"name":"Tamborine Mountain","latitude":-27.96954,"longitude":153.19937},{"id":7427,"name":"Tanah Merah","latitude":-27.67151,"longitude":153.17019},{"id":7428,"name":"Tanawha","latitude":-26.71981,"longitude":153.03018},{"id":7430,"name":"Tannum Sands","latitude":-23.94749,"longitude":151.36749},{"id":7434,"name":"Tara","latitude":-27.27613,"longitude":150.45676},{"id":7435,"name":"Taranganba","latitude":-23.14435,"longitude":150.75139},{"id":7439,"name":"Taringa","latitude":-27.49061,"longitude":152.97861},{"id":7442,"name":"Tarragindi","latitude":-27.52713,"longitude":153.04556},{"id":7459,"name":"Telina","latitude":-23.88834,"longitude":151.25379},{"id":7467,"name":"Teneriffe","latitude":-27.45587,"longitude":153.04696},{"id":7478,"name":"Tewantin","latitude":-26.39104,"longitude":153.03432},{"id":7479,"name":"Thabeban","latitude":-24.9,"longitude":152.35},{"id":7484,"name":"The Gap","latitude":-27.44187,"longitude":152.93861},{"id":7486,"name":"The Gemfields","latitude":-23.53014,"longitude":147.79679},{"id":7493,"name":"The Range","latitude":-23.392,"longitude":150.49624},{"id":7504,"name":"Thorneside","latitude":-27.48777,"longitude":153.19821},{"id":7505,"name":"Thornlands","latitude":-27.55751,"longitude":153.26481},{"id":7511,"name":"Thursday Island","latitude":-10.58257,"longitude":142.21949},{"id":7512,"name":"Tieri","latitude":-23.03829,"longitude":148.34463},{"id":7515,"name":"Tin Can Bay","latitude":-25.91914,"longitude":153.0032},{"id":7516,"name":"Tinana","latitude":-25.55196,"longitude":152.6659},{"id":7517,"name":"Tingalpa","latitude":-27.4736,"longitude":153.12704},{"id":7520,"name":"Tivoli","latitude":-27.59278,"longitude":152.76798},{"id":7524,"name":"Tolga","latitude":-17.18557,"longitude":145.47707},{"id":7531,"name":"Toogoolawah","latitude":-27.08661,"longitude":152.37636},{"id":7532,"name":"Toogoom","latitude":-25.25637,"longitude":152.69025},{"id":7539,"name":"Toowong","latitude":-27.48333,"longitude":152.98333},{"id":7540,"name":"Toowoomba","latitude":-27.47958,"longitude":151.47705},{"id":7542,"name":"Torquay","latitude":-25.28496,"longitude":152.87886},{"id":7547,"name":"Torres","latitude":-10.57928,"longitude":142.22059},{"id":7548,"name":"Torres Strait Island Region","latitude":-10.20141,"longitude":142.27295},{"id":7550,"name":"Townsville","latitude":-19.26639,"longitude":146.80569},{"id":7551,"name":"Townview","latitude":-20.73252,"longitude":139.50482},{"id":7565,"name":"Trinity Beach","latitude":-16.78876,"longitude":145.69682},{"id":7567,"name":"Trinity Park","latitude":-16.80684,"longitude":145.70549},{"id":7570,"name":"Trunding","latitude":-12.63422,"longitude":141.86963},{"id":7573,"name":"Tugun","latitude":-28.15,"longitude":153.5},{"id":7575,"name":"Tully","latitude":-17.93264,"longitude":145.92277},{"id":7593,"name":"Twin Waters","latitude":-26.63422,"longitude":153.08114},{"id":7603,"name":"Underwood","latitude":-27.60885,"longitude":153.1113},{"id":7607,"name":"Upper Caboolture","latitude":-27.11667,"longitude":152.88333},{"id":7608,"name":"Upper Coomera","latitude":-27.87683,"longitude":153.28572},{"id":7611,"name":"Upper Kedron","latitude":-27.41879,"longitude":152.91777},{"id":7613,"name":"Upper Mount Gravatt","latitude":-27.56128,"longitude":153.08453},{"id":7616,"name":"Urangan","latitude":-25.29214,"longitude":152.90535},{"id":7617,"name":"Urraween","latitude":-25.29522,"longitude":152.82206},{"id":7626,"name":"Varsity Lakes","latitude":-28.0894,"longitude":153.4122},{"id":7635,"name":"Victoria Point","latitude":-27.58329,"longitude":153.31172},{"id":7639,"name":"Vincent","latitude":-19.28341,"longitude":146.76463},{"id":7644,"name":"Virginia","latitude":-27.38333,"longitude":153.06667},{"id":7647,"name":"Wacol","latitude":-27.58333,"longitude":152.93333},{"id":7662,"name":"Wakerley","latitude":-27.483,"longitude":153.15589},{"id":7665,"name":"Walkerston","latitude":-21.16097,"longitude":149.05814},{"id":7666,"name":"Walkervale","latitude":-24.88266,"longitude":152.35886},{"id":7675,"name":"Walloon","latitude":-27.60545,"longitude":152.66429},{"id":7679,"name":"Wamuran","latitude":-27.03909,"longitude":152.86542},{"id":7680,"name":"Wandal","latitude":-23.36878,"longitude":150.49381},{"id":7686,"name":"Wandoan","latitude":-26.12285,"longitude":149.96028},{"id":7698,"name":"Warana","latitude":-26.72273,"longitude":153.12688},{"id":7707,"name":"Warner","latitude":-27.31222,"longitude":152.94981},{"id":7725,"name":"Warwick","latitude":-28.21901,"longitude":152.03438},{"id":7730,"name":"Waterford West","latitude":-27.69056,"longitude":153.13319},{"id":7746,"name":"Wavell Heights","latitude":-27.39385,"longitude":153.04698},{"id":7754,"name":"Weipa","latitude":-12.63671,"longitude":141.87555},{"id":7756,"name":"Wellesley Islands","latitude":-16.63184,"longitude":139.4014},{"id":7759,"name":"Wellington Point","latitude":-27.48333,"longitude":153.25},{"id":7784,"name":"West End","latitude":-27.47923,"longitude":153.0096},{"id":7786,"name":"West Gladstone","latitude":-23.86123,"longitude":151.2453},{"id":7798,"name":"West Mackay","latitude":-21.15467,"longitude":149.16181},{"id":7805,"name":"West Rockhampton","latitude":-23.37941,"longitude":150.48175},{"id":7814,"name":"West Woombye","latitude":-26.66644,"longitude":152.92557},{"id":7817,"name":"Westbrook","latitude":-27.61667,"longitude":151.86667},{"id":7819,"name":"Westcourt","latitude":-26.8,"longitude":150.15},{"id":7821,"name":"Western Downs","latitude":-26.80665,"longitude":150.3859},{"id":7822,"name":"Westlake","latitude":-27.54862,"longitude":152.91276},{"id":7835,"name":"White Rock","latitude":-16.97438,"longitude":145.7633},{"id":7838,"name":"Whitfield","latitude":-16.89508,"longitude":145.73335},{"id":7839,"name":"Whitsunday","latitude":-20.6978,"longitude":148.01349},{"id":7840,"name":"Whitsundays","latitude":-20.11943,"longitude":148.91325},{"id":7865,"name":"Willow Vale","latitude":-27.84499,"longitude":153.2631},{"id":7866,"name":"Willowbank","latitude":-27.68215,"longitude":152.67407},{"id":7869,"name":"Wilsonton","latitude":-27.54312,"longitude":151.91684},{"id":7870,"name":"Wilsonton Heights","latitude":-27.53227,"longitude":151.92444},{"id":7871,"name":"Wilston","latitude":-27.43218,"longitude":153.01904},{"id":7877,"name":"Windaroo","latitude":-27.74587,"longitude":153.19339},{"id":7880,"name":"Windsor","latitude":-27.43631,"longitude":153.02882},{"id":7887,"name":"Winston","latitude":-20.70374,"longitude":139.49913},{"id":7890,"name":"Winton","latitude":-22.50749,"longitude":142.66199},{"id":7891,"name":"Wishart","latitude":-27.55448,"longitude":153.10107},{"id":7892,"name":"Withcott","latitude":-27.55408,"longitude":152.02432},{"id":7894,"name":"Witta","latitude":-26.7,"longitude":152.81667},{"id":7903,"name":"Wondai","latitude":-26.3177,"longitude":151.87242},{"id":7904,"name":"Wondunna","latitude":-25.31758,"longitude":152.85912},{"id":7906,"name":"Wongaling Beach","latitude":-17.91327,"longitude":146.09611},{"id":7908,"name":"Wongawallan","latitude":-27.87553,"longitude":153.22865},{"id":7918,"name":"Woodend","latitude":-27.60554,"longitude":152.75307},{"id":7919,"name":"Woodford","latitude":-26.95291,"longitude":152.77747},{"id":7921,"name":"Woodgate","latitude":-25.1083,"longitude":152.56254},{"id":7923,"name":"Woodridge","latitude":-27.63333,"longitude":153.1},{"id":7934,"name":"Woody Point","latitude":-27.25608,"longitude":153.10427},{"id":7938,"name":"Woolloongabba","latitude":-27.48855,"longitude":153.03655},{"id":7940,"name":"Wooloowin","latitude":-27.42244,"longitude":153.04204},{"id":7941,"name":"Woombye","latitude":-26.66054,"longitude":152.96947},{"id":7944,"name":"Woorabinda","latitude":-24.1501,"longitude":149.44977},{"id":7946,"name":"Woorim","latitude":-27.06931,"longitude":153.20427},{"id":7949,"name":"Woree","latitude":-16.95,"longitude":145.75},{"id":7950,"name":"Worongary","latitude":-28.05,"longitude":153.35},{"id":7957,"name":"Wujal Wujal","latitude":-15.96904,"longitude":145.3152},{"id":7959,"name":"Wulguru","latitude":-19.3285,"longitude":146.81842},{"id":7960,"name":"Wulkuraka","latitude":-27.61429,"longitude":152.72191},{"id":7964,"name":"Wurtulla","latitude":-26.75648,"longitude":153.12805},{"id":7973,"name":"Wynnum","latitude":-27.44527,"longitude":153.15813},{"id":7974,"name":"Wynnum West","latitude":-27.45824,"longitude":153.15319},{"id":7979,"name":"Wyreema","latitude":-27.65583,"longitude":151.85532},{"id":7988,"name":"Yamanto","latitude":-27.66027,"longitude":152.73863},{"id":7991,"name":"Yandina","latitude":-26.56165,"longitude":152.95595},{"id":7994,"name":"Yaroomba","latitude":-26.55126,"longitude":153.09701},{"id":7999,"name":"Yarrabah","latitude":-16.99463,"longitude":145.88058},{"id":8000,"name":"Yarrabilba","latitude":-27.80864,"longitude":153.11163},{"id":8004,"name":"Yarraman","latitude":-26.84167,"longitude":151.98138},{"id":8013,"name":"Yatala","latitude":-27.71667,"longitude":153.21667},{"id":8015,"name":"Yeerongpilly","latitude":-27.53097,"longitude":153.00935},{"id":8018,"name":"Yeppoon","latitude":-23.12683,"longitude":150.74406},{"id":8019,"name":"Yeppoon city centre","latitude":-23.1295,"longitude":150.73639},{"id":8020,"name":"Yeronga","latitude":-27.51571,"longitude":153.01642},{"id":8027,"name":"Yorkeys Knob","latitude":-16.80278,"longitude":145.72083},{"id":8032,"name":"Yungaburra","latitude":-17.27058,"longitude":145.58335},{"id":8034,"name":"Zillmere","latitude":-27.35591,"longitude":153.04453},{"id":8035,"name":"Zilzie","latitude":-23.28867,"longitude":150.7982}]