[{"id":8217,"name":"Banovići","latitude":44.40596,"longitude":18.52648},{"id":8218,"name":"Barice","latitude":44.54065,"longitude":18.48069},{"id":8219,"name":"Bihać","latitude":44.81694,"longitude":15.87083},{"id":8220,"name":"Bijela","latitude":43.60871,"longitude":17.95078},{"id":8222,"name":"Bila","latitude":43.78265,"longitude":16.92676},{"id":8224,"name":"Blagaj","latitude":43.25892,"longitude":17.88815},{"id":8226,"name":"Bosanska Krupa","latitude":44.8825,"longitude":16.15139},{"id":8227,"name":"Bosanski Petrovac","latitude":44.55537,"longitude":16.36897},{"id":8228,"name":"Bosansko Grahovo","latitude":44.17944,"longitude":16.36389},{"id":8229,"name":"Breza","latitude":44.01862,"longitude":18.26063},{"id":8234,"name":"Bugojno","latitude":44.05722,"longitude":17.45083},{"id":8235,"name":"Busovača","latitude":44.09769,"longitude":17.8783},{"id":8236,"name":"Bužim","latitude":45.05361,"longitude":16.03254},{"id":8431,"name":"Čapljina","latitude":43.12139,"longitude":17.68444},{"id":8237,"name":"Cazin","latitude":44.96694,"longitude":15.94306},{"id":8433,"name":"Čelić","latitude":44.72524,"longitude":18.81474},{"id":8238,"name":"Cim","latitude":43.35401,"longitude":17.78045},{"id":8435,"name":"Čitluk","latitude":43.22861,"longitude":17.70083},{"id":8429,"name":"Ćoralići","latitude":45.00694,"longitude":15.87194},{"id":8239,"name":"Crnići","latitude":43.13156,"longitude":17.86452},{"id":8241,"name":"Divičani","latitude":44.36682,"longitude":17.32678},{"id":8243,"name":"Dobrinje","latitude":44.05008,"longitude":18.11958},{"id":8245,"name":"Domaljevac","latitude":45.0611,"longitude":18.58612},{"id":8246,"name":"Donja Dubica","latitude":45.07559,"longitude":18.41023},{"id":8247,"name":"Donja Mahala","latitude":45.04327,"longitude":18.66996},{"id":8248,"name":"Donja Međiđa","latitude":44.80235,"longitude":18.40477},{"id":8249,"name":"Donji Vakuf","latitude":44.14361,"longitude":17.4},{"id":8250,"name":"Drežnica","latitude":43.52891,"longitude":17.2812},{"id":8251,"name":"Drinovci","latitude":43.35454,"longitude":17.32536},{"id":8252,"name":"Drvar","latitude":44.37389,"longitude":16.38083},{"id":8253,"name":"Dubrave Donje","latitude":44.4806,"longitude":18.69709},{"id":8254,"name":"Dubrave Gornje","latitude":44.47229,"longitude":18.72685},{"id":8255,"name":"Dubravica","latitude":44.44131,"longitude":18.11883},{"id":8257,"name":"Fojnica","latitude":43.95952,"longitude":17.90288},{"id":8260,"name":"Glamoč","latitude":44.04583,"longitude":16.84861},{"id":8261,"name":"Gnojnica","latitude":44.62058,"longitude":18.44684},{"id":8262,"name":"Goražde","latitude":43.66795,"longitude":18.97564},{"id":8263,"name":"Gorica","latitude":43.41833,"longitude":17.285},{"id":8264,"name":"Gornja Breza","latitude":44.03758,"longitude":18.24564},{"id":8265,"name":"Gornja Koprivna","latitude":45.01091,"longitude":15.95487},{"id":8266,"name":"Gornja Tuzla","latitude":44.55659,"longitude":18.76159},{"id":8267,"name":"Gornje Moštre","latitude":44.01911,"longitude":18.15477},{"id":8268,"name":"Gornje Živinice","latitude":44.42921,"longitude":18.61667},{"id":8269,"name":"Gornji Vakuf","latitude":43.93806,"longitude":17.58833},{"id":8270,"name":"Gostovići","latitude":44.41124,"longitude":18.17029},{"id":8273,"name":"Gračanica","latitude":43.73333,"longitude":18.28333},{"id":8271,"name":"Gradačac","latitude":44.87851,"longitude":18.42764},{"id":8274,"name":"Gromiljak","latitude":43.96668,"longitude":18.05504},{"id":8275,"name":"Grude","latitude":43.37208,"longitude":17.41449},{"id":8276,"name":"Hadžići","latitude":43.82222,"longitude":18.20667},{"id":8277,"name":"Hercegovačko-Neretvanski Kanton","latitude":43.45722,"longitude":17.8125},{"id":8279,"name":"Hotonj","latitude":43.89341,"longitude":18.37751},{"id":8281,"name":"Ilići","latitude":43.34765,"longitude":17.76848},{"id":8280,"name":"Ilijaš","latitude":43.95128,"longitude":18.27128},{"id":8283,"name":"Izačić","latitude":44.87485,"longitude":15.78256},{"id":8284,"name":"Jablanica","latitude":43.66028,"longitude":17.76167},{"id":8285,"name":"Jajce","latitude":44.34203,"longitude":17.27059},{"id":8287,"name":"Jelah","latitude":44.654,"longitude":17.95897},{"id":8288,"name":"Jezerski","latitude":44.98172,"longitude":16.09447},{"id":8293,"name":"Kačuni","latitude":44.06433,"longitude":17.93894},{"id":8289,"name":"Kakanj","latitude":44.13311,"longitude":18.12292},{"id":8291,"name":"Kanton Sarajevo","latitude":43.84333,"longitude":18.24222},{"id":8292,"name":"Karadaglije","latitude":44.57065,"longitude":18.01775},{"id":8294,"name":"Kiseljak","latitude":44.48904,"longitude":18.56982},{"id":8295,"name":"Kladanj","latitude":44.22669,"longitude":18.69274},{"id":8296,"name":"Ključ","latitude":44.53251,"longitude":16.77682},{"id":8299,"name":"Kobilja Glava","latitude":43.88188,"longitude":18.38864},{"id":8306,"name":"Kočerin","latitude":43.39005,"longitude":17.48552},{"id":8300,"name":"Konjic","latitude":43.65126,"longitude":17.96082},{"id":8304,"name":"Kovači","latitude":44.44874,"longitude":18.20521},{"id":8310,"name":"Liješnica","latitude":44.49497,"longitude":18.07644},{"id":8311,"name":"Livno","latitude":43.82695,"longitude":17.00746},{"id":8313,"name":"Ljubuški","latitude":43.19694,"longitude":17.545},{"id":8314,"name":"Lokvine","latitude":44.20466,"longitude":17.85665},{"id":8316,"name":"Lukavac","latitude":44.54245,"longitude":18.52618},{"id":8317,"name":"Lukavica","latitude":44.76452,"longitude":18.16887},{"id":8318,"name":"Maglaj","latitude":44.54771,"longitude":18.10003},{"id":8320,"name":"Mahala","latitude":44.01194,"longitude":18.25528},{"id":8321,"name":"Mala Kladuša","latitude":45.13443,"longitude":15.85217},{"id":8322,"name":"Malešići","latitude":44.73824,"longitude":18.27335},{"id":8327,"name":"Mionica","latitude":44.86646,"longitude":18.46603},{"id":8329,"name":"Mostar","latitude":43.34333,"longitude":17.80806},{"id":8330,"name":"Mramor","latitude":44.59234,"longitude":18.56458},{"id":8332,"name":"Neum","latitude":42.92333,"longitude":17.61556},{"id":8336,"name":"Novi Šeher","latitude":44.51031,"longitude":18.02624},{"id":8335,"name":"Novi Travnik","latitude":44.17133,"longitude":17.65816},{"id":8338,"name":"Odžak","latitude":45.02461,"longitude":18.32107},{"id":8339,"name":"Olovo","latitude":44.1277,"longitude":18.58065},{"id":8340,"name":"Omanjska","latitude":44.69831,"longitude":17.95757},{"id":8344,"name":"Orahovica Donja","latitude":44.65345,"longitude":18.36951},{"id":8345,"name":"Orašac","latitude":44.63039,"longitude":16.07443},{"id":8346,"name":"Orašje","latitude":45.03366,"longitude":18.69334},{"id":8347,"name":"Orguz","latitude":43.77414,"longitude":16.86329},{"id":8348,"name":"Ostrožac","latitude":44.90866,"longitude":15.94045},{"id":8349,"name":"Otoka","latitude":44.96,"longitude":16.17917},{"id":8351,"name":"Pajić Polje","latitude":43.97583,"longitude":17.5275},{"id":8353,"name":"Pazarić","latitude":43.78882,"longitude":18.16049},{"id":8356,"name":"Peći","latitude":44.63139,"longitude":16.7825},{"id":8357,"name":"Pećigrad","latitude":45.05444,"longitude":15.89694},{"id":8359,"name":"Pjanići","latitude":44.98568,"longitude":15.82304},{"id":8361,"name":"Podhum","latitude":43.72295,"longitude":16.99887},{"id":8362,"name":"Podzvizd","latitude":45.17417,"longitude":15.87361},{"id":8363,"name":"Polje","latitude":43.88014,"longitude":18.07452},{"id":8364,"name":"Polje-Bijela","latitude":43.63299,"longitude":17.97216},{"id":8366,"name":"Potoci","latitude":43.40953,"longitude":17.87855},{"id":8370,"name":"Prozor","latitude":43.82222,"longitude":17.60917},{"id":8371,"name":"Puračić","latitude":44.54562,"longitude":18.47865},{"id":8372,"name":"Radišići","latitude":43.22302,"longitude":17.54056},{"id":8373,"name":"Rodoč","latitude":43.31453,"longitude":17.8029},{"id":8376,"name":"Rumboci","latitude":43.83154,"longitude":17.50273},{"id":8377,"name":"Sanica","latitude":44.61354,"longitude":16.64062},{"id":8378,"name":"Sanski Most","latitude":44.7667,"longitude":16.667},{"id":8379,"name":"Sapna","latitude":44.5038,"longitude":18.99818},{"id":8380,"name":"Sarajevo","latitude":43.84864,"longitude":18.35644},{"id":8438,"name":"Šerići","latitude":44.46674,"longitude":18.5637},{"id":8440,"name":"Široki Brijeg","latitude":43.3829,"longitude":17.59416},{"id":8381,"name":"Skokovi","latitude":45.03139,"longitude":15.91444},{"id":8382,"name":"Sladna","latitude":44.72897,"longitude":18.42575},{"id":8384,"name":"Solina","latitude":44.56226,"longitude":18.69322},{"id":8387,"name":"Srebrenik","latitude":44.70819,"longitude":18.48834},{"id":8390,"name":"Stijena","latitude":44.9363,"longitude":16.02224},{"id":8391,"name":"Stjepan-Polje","latitude":44.71634,"longitude":18.25783},{"id":8392,"name":"Stolac","latitude":43.084,"longitude":17.95995},{"id":8441,"name":"Šturlić","latitude":45.06389,"longitude":15.77806},{"id":8442,"name":"Šumatac","latitude":45.09743,"longitude":15.85818},{"id":8394,"name":"Tasovčići","latitude":43.11333,"longitude":17.72},{"id":8396,"name":"Tešanj","latitude":44.61191,"longitude":17.98552},{"id":8397,"name":"Tešanjka","latitude":44.67228,"longitude":18.01109},{"id":8398,"name":"Todorovo","latitude":45.08833,"longitude":15.93083},{"id":8399,"name":"Tojšići","latitude":44.50133,"longitude":18.78523},{"id":8400,"name":"Tomislavgrad","latitude":43.71849,"longitude":17.22515},{"id":8401,"name":"Travnik","latitude":44.22637,"longitude":17.66583},{"id":8404,"name":"Tržačka Raštela","latitude":44.97597,"longitude":15.78489},{"id":8405,"name":"Turbe","latitude":44.24352,"longitude":17.57499},{"id":8406,"name":"Tuzla","latitude":44.53842,"longitude":18.66709},{"id":8408,"name":"Ustikolina","latitude":43.58338,"longitude":18.79106},{"id":8409,"name":"Vareš","latitude":44.16444,"longitude":18.32833},{"id":8410,"name":"Varoška Rijeka","latitude":45.08936,"longitude":16.01906},{"id":8411,"name":"Velagići","latitude":44.55618,"longitude":16.73349},{"id":8412,"name":"Velika Kladuša","latitude":45.18497,"longitude":15.80579},{"id":8414,"name":"Vidoši","latitude":43.77139,"longitude":17.02833},{"id":8415,"name":"Visoko","latitude":43.98889,"longitude":18.17806},{"id":8416,"name":"Vitez","latitude":44.15424,"longitude":17.79009},{"id":8417,"name":"Vitina","latitude":43.2375,"longitude":17.48389},{"id":8420,"name":"Vogošća","latitude":43.90225,"longitude":18.34438},{"id":8421,"name":"Voljevac","latitude":43.87873,"longitude":17.65861},{"id":8422,"name":"Vrnograč","latitude":45.16369,"longitude":15.95444},{"id":8423,"name":"Vukovije Donje","latitude":44.46209,"longitude":18.74941},{"id":8424,"name":"Zabrišće","latitude":43.79224,"longitude":16.94224},{"id":8425,"name":"Zavidovići","latitude":44.44583,"longitude":18.14972},{"id":8426,"name":"Zborište","latitude":45.14593,"longitude":16.01728},{"id":8443,"name":"Željezno Polje","latitude":44.39875,"longitude":17.94103},{"id":8427,"name":"Zenica","latitude":44.20169,"longitude":17.90397},{"id":8444,"name":"Žepče","latitude":44.42667,"longitude":18.03778},{"id":8445,"name":"Živinice","latitude":44.44929,"longitude":18.64978}]