[{"id":9825,"name":"Abapó","latitude":-18.88279,"longitude":-63.38026},{"id":9830,"name":"Ascención de Guarayos","latitude":-15.89299,"longitude":-63.18855},{"id":9831,"name":"Ascensión","latitude":-15.7,"longitude":-63.08333},{"id":9837,"name":"Boyuibe","latitude":-20.43227,"longitude":-63.28147},{"id":9838,"name":"Buena Vista","latitude":-17.4583,"longitude":-63.67126},{"id":9840,"name":"Camiri","latitude":-20.03849,"longitude":-63.51833},{"id":9844,"name":"Charagua","latitude":-19.79151,"longitude":-63.19864},{"id":9855,"name":"Comarapa","latitude":-17.91537,"longitude":-64.53163},{"id":9856,"name":"Concepción","latitude":-16.43333,"longitude":-60.9},{"id":9859,"name":"Cotoca","latitude":-17.81667,"longitude":-63.05},{"id":9864,"name":"German Busch","latitude":-17.77317,"longitude":-63.19087},{"id":9866,"name":"Guarayos","latitude":-15.82132,"longitude":-63.2428},{"id":9873,"name":"Jorochito","latitude":-18.05514,"longitude":-63.42821},{"id":9875,"name":"La Bélgica","latitude":-17.55,"longitude":-63.21667},{"id":9878,"name":"Limoncito","latitude":-18.03104,"longitude":-63.40523},{"id":9881,"name":"Los Negros","latitude":-17.73333,"longitude":-63.43333},{"id":9883,"name":"Mairana","latitude":-18.11919,"longitude":-63.95965},{"id":9885,"name":"Mineros","latitude":-17.11876,"longitude":-63.231},{"id":9888,"name":"Montero","latitude":-17.33866,"longitude":-63.2505},{"id":9890,"name":"Okinawa Número Uno","latitude":-17.23333,"longitude":-62.81667},{"id":9893,"name":"Pailón","latitude":-17.65,"longitude":-62.75},{"id":9895,"name":"Paurito","latitude":-17.88333,"longitude":-62.96667},{"id":9897,"name":"Portachuelo","latitude":-17.35168,"longitude":-63.39282},{"id":9901,"name":"Provincia Andrés Ibáñez","latitude":-17.75,"longitude":-63.25},{"id":9997,"name":"Provincia Ángel Sandoval","latitude":-17.5,"longitude":-58.5},{"id":9924,"name":"Provincia Chiquitos","latitude":-18.0,"longitude":-60.0},{"id":9925,"name":"Provincia Cordillera","latitude":-19.0,"longitude":-61.5},{"id":9928,"name":"Provincia Florida","latitude":-18.0,"longitude":-63.91667},{"id":9937,"name":"Provincia Ichilo","latitude":-17.0,"longitude":-64.0},{"id":9951,"name":"Provincia Manuel María Caballero","latitude":-17.83333,"longitude":-64.41667},{"id":9998,"name":"Provincia Ñuflo de Chávez","latitude":-15.91667,"longitude":-62.5},{"id":9979,"name":"Provincia Santiesteban","latitude":-16.5,"longitude":-63.5},{"id":9980,"name":"Provincia Sara","latitude":-16.83333,"longitude":-63.91667},{"id":9991,"name":"Provincia Vallegrande","latitude":-18.5,"longitude":-64.16667},{"id":9992,"name":"Provincia Velasco","latitude":-15.5,"longitude":-61.0},{"id":9993,"name":"Provincia Warnes","latitude":-17.33333,"longitude":-63.0},{"id":9999,"name":"Puerto Quijarro","latitude":-17.78333,"longitude":-57.76667},{"id":10001,"name":"Puesto de Pailas","latitude":-17.65,"longitude":-62.8},{"id":10007,"name":"Roboré","latitude":-18.33473,"longitude":-59.76142},{"id":10010,"name":"Samaipata","latitude":-18.18005,"longitude":-63.87552},{"id":10012,"name":"San Carlos","latitude":-17.4,"longitude":-63.75},{"id":10013,"name":"San Ignacio de Velasco","latitude":-16.36667,"longitude":-60.95},{"id":10014,"name":"San Juan del Surutú","latitude":-17.48333,"longitude":-63.7},{"id":10015,"name":"San Julian","latitude":-17.78333,"longitude":-62.86667},{"id":10016,"name":"San Matías","latitude":-16.36667,"longitude":-58.4},{"id":10018,"name":"San Pedro","latitude":-18.28333,"longitude":-59.81667},{"id":10023,"name":"Santa Cruz de la Sierra","latitude":-17.78629,"longitude":-63.18117},{"id":10024,"name":"Santa Rita","latitude":-17.96667,"longitude":-63.35},{"id":10026,"name":"Santa Rosa del Sara","latitude":-17.10916,"longitude":-63.59514},{"id":10027,"name":"Santiago del Torno","latitude":-17.98674,"longitude":-63.38118},{"id":10043,"name":"Urubichá","latitude":-15.39286,"longitude":-62.94661},{"id":10045,"name":"Vallegrande","latitude":-18.48923,"longitude":-64.10609},{"id":10046,"name":"Villa Yapacaní","latitude":-17.4,"longitude":-63.83333},{"id":10050,"name":"Warnes","latitude":-17.5163,"longitude":-63.16778}]