[{"id":285,"name":"Agarakadzor","latitude":39.73608,"longitude":45.35553},{"id":288,"name":"Aghavnadzor","latitude":39.78607,"longitude":45.2279},{"id":313,"name":"Areni","latitude":39.71668,"longitude":45.18329},{"id":393,"name":"Getap’","latitude":39.76392,"longitude":45.30829},{"id":397,"name":"Gladzor","latitude":39.7807,"longitude":45.34729},{"id":420,"name":"Jermuk","latitude":39.84168,"longitude":45.66949},{"id":451,"name":"Malishka","latitude":39.74731,"longitude":45.4057},{"id":505,"name":"Rrind","latitude":39.76111,"longitude":45.17792},{"id":518,"name":"Shatin","latitude":39.83612,"longitude":45.30292},{"id":559,"name":"Vayk’","latitude":39.6889,"longitude":45.46668},{"id":565,"name":"Vernashen","latitude":39.79236,"longitude":45.36389},{"id":572,"name":"Yeghegis","latitude":39.87231,"longitude":45.3501},{"id":573,"name":"Yeghegnadzor","latitude":39.76389,"longitude":45.33239},{"id":584,"name":"Zarrit’ap’","latitude":39.63892,"longitude":45.51111}]