[{"id":3902,"name":"Abbey","latitude":-33.66364,"longitude":115.25635},{"id":3930,"name":"Albany","latitude":-34.7099,"longitude":118.12345},{"id":3932,"name":"Albany city centre","latitude":-35.02479,"longitude":117.88472},{"id":3946,"name":"Alexander Heights","latitude":-31.82758,"longitude":115.86501},{"id":3953,"name":"Alfred Cove","latitude":-32.03316,"longitude":115.81259},{"id":3958,"name":"Alkimos","latitude":-31.63039,"longitude":115.68638},{"id":3992,"name":"Applecross","latitude":-32.01667,"longitude":115.83333},{"id":4000,"name":"Ardross","latitude":-32.02696,"longitude":115.83548},{"id":4003,"name":"Armadale","latitude":-32.17887,"longitude":116.1275},{"id":4013,"name":"Ascot","latitude":-31.93818,"longitude":115.92258},{"id":4017,"name":"Ashburton","latitude":-22.27674,"longitude":116.90057},{"id":4019,"name":"Ashby","latitude":-31.73255,"longitude":115.79768},{"id":4021,"name":"Ashfield","latitude":-31.91721,"longitude":115.93796},{"id":4036,"name":"Attadale","latitude":-32.02489,"longitude":115.802},{"id":4038,"name":"Atwell","latitude":-32.14346,"longitude":115.86528},{"id":4039,"name":"Aubin Grove","latitude":-32.16714,"longitude":115.86264},{"id":4042,"name":"Augusta","latitude":-34.31566,"longitude":115.15922},{"id":4043,"name":"Augusta-Margaret River Shire","latitude":-34.1152,"longitude":115.32277},{"id":4049,"name":"Australind","latitude":-33.2792,"longitude":115.71504},{"id":4050,"name":"Aveley","latitude":-31.78132,"longitude":115.98959},{"id":149550,"name":"Badgingarra","latitude":-30.4436733,"longitude":115.4747145},{"id":4066,"name":"Bakers Hill","latitude":-31.74692,"longitude":116.45866},{"id":4070,"name":"Balcatta","latitude":-31.87501,"longitude":115.82839},{"id":4072,"name":"Baldivis","latitude":-32.32889,"longitude":115.83047},{"id":4073,"name":"Balga","latitude":-31.85497,"longitude":115.83986},{"id":4078,"name":"Ballajura","latitude":-31.84062,"longitude":115.89549},{"id":4097,"name":"Banjup","latitude":-32.14179,"longitude":115.88671},{"id":4101,"name":"Banksia Grove","latitude":-31.69615,"longitude":115.80501},{"id":4135,"name":"Bassendean","latitude":-31.90584,"longitude":115.94501},{"id":4138,"name":"Bateman","latitude":-32.05547,"longitude":115.84737},{"id":4150,"name":"Baynton","latitude":-20.75164,"longitude":116.80139},{"id":4151,"name":"Bayonet Head","latitude":-34.97305,"longitude":117.93446},{"id":4154,"name":"Bayswater","latitude":-31.91181,"longitude":115.9087},{"id":4157,"name":"Beachlands","latitude":-28.7857,"longitude":114.60192},{"id":4162,"name":"Beaconsfield","latitude":-32.06748,"longitude":115.76401},{"id":4171,"name":"Beckenham","latitude":-32.02481,"longitude":115.95989},{"id":4172,"name":"Bedford","latitude":-31.91132,"longitude":115.8892},{"id":4174,"name":"Bedfordale","latitude":-32.17406,"longitude":116.0504},{"id":4175,"name":"Beechboro","latitude":-31.86515,"longitude":115.93661},{"id":4178,"name":"Beeliar","latitude":-32.13339,"longitude":115.80637},{"id":4185,"name":"Beldon","latitude":-31.77466,"longitude":115.7627},{"id":4201,"name":"Bellevue","latitude":-31.90116,"longitude":116.02762},{"id":4209,"name":"Belmont","latitude":-31.95458,"longitude":115.94218},{"id":4220,"name":"Bennett Springs","latitude":-31.85941,"longitude":115.94512},{"id":4225,"name":"Bentley","latitude":-32.00224,"longitude":115.92473},{"id":4229,"name":"Beresford","latitude":-28.75754,"longitude":114.61965},{"id":4245,"name":"Bertram","latitude":-32.24369,"longitude":115.84572},{"id":4249,"name":"Beverley","latitude":-32.10839,"longitude":116.92736},{"id":4255,"name":"Bibra Lake","latitude":-32.09764,"longitude":115.81921},{"id":4256,"name":"Bicton","latitude":-32.02778,"longitude":115.78333},{"id":4262,"name":"Bilingurr","latitude":-17.90909,"longitude":122.22921},{"id":4264,"name":"Bindoon","latitude":-31.38663,"longitude":116.09664},{"id":4266,"name":"Binningup","latitude":-33.1483,"longitude":115.69519},{"id":4312,"name":"Bluff Point","latitude":-28.7374,"longitude":114.62278},{"id":4315,"name":"Boddington","latitude":-32.79195,"longitude":116.41883},{"id":4343,"name":"Booragoon","latitude":-32.03945,"longitude":115.83369},{"id":4356,"name":"Boulder","latitude":-30.78204,"longitude":121.4912},{"id":4371,"name":"Boyanup","latitude":-33.48295,"longitude":115.72838},{"id":4373,"name":"Boyup Brook","latitude":-33.88555,"longitude":116.51885},{"id":4374,"name":"Brabham","latitude":-31.82728,"longitude":115.97417},{"id":4390,"name":"Brentwood","latitude":-32.04347,"longitude":115.85246},{"id":4395,"name":"Bridgetown","latitude":-33.96242,"longitude":116.13598},{"id":4396,"name":"Bridgetown-Greenbushes","latitude":-33.99234,"longitude":116.22502},{"id":4418,"name":"Broadwater","latitude":-33.66304,"longitude":115.2842},{"id":4419,"name":"Brockman","latitude":-24.88126,"longitude":113.65365},{"id":4424,"name":"Brookdale","latitude":-32.16696,"longitude":116.00193},{"id":4429,"name":"Brookton","latitude":-32.35533,"longitude":116.99994},{"id":4432,"name":"Broome","latitude":-17.94041,"longitude":122.64038},{"id":4433,"name":"Broomehill-Tambellup","latitude":-34.0132,"longitude":117.65297},{"id":4437,"name":"Bruce Rock","latitude":-31.96651,"longitude":118.02385},{"id":4439,"name":"Brunswick","latitude":-33.2324,"longitude":115.86282},{"id":4451,"name":"Bulgarra","latitude":-20.72584,"longitude":116.85673},{"id":4453,"name":"Bull Creek","latitude":-32.05625,"longitude":115.86242},{"id":4458,"name":"Bullsbrook","latitude":-31.66905,"longitude":115.9999},{"id":4460,"name":"Bunbury","latitude":-33.32711,"longitude":115.64137},{"id":4485,"name":"Burns Beach","latitude":-31.7206,"longitude":115.7205},{"id":4498,"name":"Burswood","latitude":-31.95872,"longitude":115.90396},{"id":4505,"name":"Busselton","latitude":-33.68477,"longitude":115.3708},{"id":4506,"name":"Busselton city cenre","latitude":-33.65078,"longitude":115.34932},{"id":4507,"name":"Butler","latitude":-31.64298,"longitude":115.70431},{"id":4510,"name":"Byford","latitude":-32.22099,"longitude":116.009},{"id":4516,"name":"Cable Beach","latitude":-17.96098,"longitude":122.21269},{"id":4530,"name":"Calista","latitude":-32.241,"longitude":115.79763},{"id":4541,"name":"Cambridge","latitude":-31.93542,"longitude":115.79887},{"id":4549,"name":"Camillo","latitude":-32.11292,"longitude":116.00205},{"id":4569,"name":"Canning","latitude":-32.04923,"longitude":115.91943},{"id":4570,"name":"Canning Vale","latitude":-32.05799,"longitude":115.91814},{"id":4571,"name":"Cannington","latitude":-32.01625,"longitude":115.93648},{"id":4581,"name":"Capel","latitude":-33.52704,"longitude":115.61813},{"id":4589,"name":"Cardup","latitude":-32.25802,"longitude":115.98512},{"id":4591,"name":"Carey Park","latitude":-33.34878,"longitude":115.6493},{"id":4594,"name":"Carine","latitude":-31.8523,"longitude":115.78258},{"id":4599,"name":"Carlisle","latitude":-31.97945,"longitude":115.91808},{"id":4603,"name":"Carnamah","latitude":-29.80411,"longitude":115.59402},{"id":4604,"name":"Carnarvon","latitude":-24.88258,"longitude":113.65713},{"id":4610,"name":"Carramar","latitude":-31.69023,"longitude":115.77159},{"id":4631,"name":"Castletown","latitude":-33.83237,"longitude":121.91563},{"id":4633,"name":"Casuarina","latitude":-32.24143,"longitude":115.8698},{"id":149557,"name":"Cataby","latitude":-30.7274473,"longitude":115.432016},{"id":4641,"name":"Caversham","latitude":-31.88333,"longitude":115.96667},{"id":149552,"name":"Cervantes","latitude":-30.5026475,"longitude":115.0541767},{"id":4659,"name":"Champion Lakes","latitude":-32.11913,"longitude":115.98617},{"id":4663,"name":"Chapman Valley","latitude":-28.27249,"longitude":115.02794},{"id":4686,"name":"Chidlow","latitude":-31.86094,"longitude":116.27243},{"id":4700,"name":"Chittering","latitude":-31.35829,"longitude":116.05131},{"id":4705,"name":"Churchlands","latitude":-31.92142,"longitude":115.79322},{"id":4709,"name":"City Beach","latitude":-31.9344,"longitude":115.76174},{"id":4710,"name":"City of Cockburn","latitude":-32.10264,"longitude":115.84431},{"id":4711,"name":"City of Perth","latitude":-31.94978,"longitude":115.85383},{"id":4718,"name":"Claremont","latitude":-31.98127,"longitude":115.77942},{"id":4727,"name":"Clarkson","latitude":-31.68282,"longitude":115.7247},{"id":4748,"name":"Cloverdale","latitude":-31.96281,"longitude":115.94428},{"id":4760,"name":"Cockburn Central","latitude":-32.12133,"longitude":115.84776},{"id":4773,"name":"College Grove","latitude":-33.37587,"longitude":115.65906},{"id":4774,"name":"Collie","latitude":-33.27353,"longitude":116.16558},{"id":4783,"name":"Como","latitude":-31.99119,"longitude":115.86336},{"id":4792,"name":"Connolly","latitude":-31.74864,"longitude":115.75053},{"id":4795,"name":"Coodanup","latitude":-32.55187,"longitude":115.75352},{"id":4797,"name":"Coogee","latitude":-32.11934,"longitude":115.7665},{"id":4807,"name":"Coolbellup","latitude":-32.08124,"longitude":115.80606},{"id":4808,"name":"Coolbinia","latitude":-31.9147,"longitude":115.84894},{"id":4809,"name":"Coolgardie","latitude":-31.01438,"longitude":121.20462},{"id":4811,"name":"Cooloongup","latitude":-32.31506,"longitude":115.77772},{"id":4825,"name":"Coorow","latitude":-29.97865,"longitude":115.65613},{"id":4843,"name":"Corrigin","latitude":-32.37599,"longitude":117.81023},{"id":4848,"name":"Cottesloe","latitude":-31.99905,"longitude":115.76089},{"id":4851,"name":"Cowaramup","latitude":-33.85036,"longitude":115.10379},{"id":4859,"name":"Craigie","latitude":-31.78727,"longitude":115.76989},{"id":4869,"name":"Cranbrook","latitude":-34.33414,"longitude":117.32898},{"id":4873,"name":"Crawley","latitude":-31.98418,"longitude":115.81603},{"id":4897,"name":"Cuballing","latitude":-32.74026,"longitude":117.15497},{"id":4898,"name":"Cue","latitude":-27.22633,"longitude":118.00496},{"id":4903,"name":"Cunderdin","latitude":-31.61259,"longitude":117.11803},{"id":4909,"name":"Currambine","latitude":-31.73306,"longitude":115.74766},{"id":4919,"name":"Daglish","latitude":-31.95177,"longitude":115.8088},{"id":4923,"name":"Dalkeith","latitude":-31.99517,"longitude":115.7998},{"id":4926,"name":"Dalwallinu","latitude":-30.12998,"longitude":116.98401},{"id":4927,"name":"Dalyellup","latitude":-33.40844,"longitude":115.61506},{"id":4928,"name":"Dampier","latitude":-20.66275,"longitude":116.71256},{"id":4929,"name":"Dampier Peninsula","latitude":-16.93241,"longitude":122.86559},{"id":4930,"name":"Dandaragan","latitude":-30.54142,"longitude":115.46132},{"id":4934,"name":"Darch","latitude":-31.81255,"longitude":115.8458},{"id":4935,"name":"Dardanup","latitude":-33.41611,"longitude":115.8741},{"id":4938,"name":"Darling Downs","latitude":-32.19442,"longitude":115.99187},{"id":4943,"name":"Darlington","latitude":-31.91906,"longitude":116.0812},{"id":4952,"name":"Dawesville","latitude":-32.63229,"longitude":115.62904},{"id":4955,"name":"Dayton","latitude":-31.85251,"longitude":115.97494},{"id":4968,"name":"Denham","latitude":-25.92679,"longitude":113.53327},{"id":4974,"name":"Denmark","latitude":-34.93473,"longitude":117.37518},{"id":4977,"name":"Derby","latitude":-17.30295,"longitude":123.62864},{"id":4978,"name":"Derby-West Kimberley","latitude":-17.50447,"longitude":125.28014},{"id":4988,"name":"Dianella","latitude":-31.88822,"longitude":115.87186},{"id":4997,"name":"Djugun","latitude":-17.95395,"longitude":122.22792},{"id":5004,"name":"Dongara","latitude":-29.25818,"longitude":114.93276},{"id":5005,"name":"Donnybrook","latitude":-33.5713,"longitude":115.82446},{"id":5006,"name":"Donnybrook-Balingup","latitude":-33.70217,"longitude":115.97778},{"id":5017,"name":"Doubleview","latitude":-31.89627,"longitude":115.78155},{"id":5023,"name":"Dowerin","latitude":-31.11328,"longitude":117.10566},{"id":5030,"name":"Drummond Cove","latitude":-28.67379,"longitude":114.6128},{"id":5035,"name":"Dudley Park","latitude":-32.55221,"longitude":115.731},{"id":5039,"name":"Dumbleyung Shire","latitude":-33.2178,"longitude":117.9875},{"id":5040,"name":"Duncraig","latitude":-31.83291,"longitude":115.7759},{"id":5041,"name":"Dundas","latitude":-32.12502,"longitude":124.50582},{"id":5047,"name":"Dunsborough","latitude":-33.61476,"longitude":115.10445},{"id":5069,"name":"East Bunbury","latitude":-33.33619,"longitude":115.66041},{"id":5070,"name":"East Cannington","latitude":-32.0098,"longitude":115.95503},{"id":5071,"name":"East Carnarvon","latitude":-24.86397,"longitude":113.67768},{"id":5074,"name":"East Fremantle","latitude":-32.03654,"longitude":115.76714},{"id":5091,"name":"East Perth","latitude":-31.95872,"longitude":115.87109},{"id":5092,"name":"East Pilbara","latitude":-21.61331,"longitude":123.71368},{"id":5097,"name":"East Victoria Park","latitude":-31.98894,"longitude":115.90388},{"id":5101,"name":"Eaton","latitude":-33.31664,"longitude":115.70503},{"id":5106,"name":"Eden Hill","latitude":-31.88908,"longitude":115.94675},{"id":5113,"name":"Edgewater","latitude":-31.76547,"longitude":115.78223},{"id":5120,"name":"Eglinton","latitude":-31.58677,"longitude":115.68878},{"id":5141,"name":"Ellenbrook","latitude":-31.76737,"longitude":115.96936},{"id":5149,"name":"Embleton","latitude":-31.90355,"longitude":115.90902},{"id":5170,"name":"Erskine","latitude":-32.55717,"longitude":115.70657},{"id":5175,"name":"Esperance","latitude":-33.85919,"longitude":121.89164},{"id":5176,"name":"Esperance Shire","latitude":-33.5197,"longitude":122.15586},{"id":5202,"name":"Exmouth","latitude":-22.03643,"longitude":114.04358},{"id":5214,"name":"Falcon","latitude":-32.58244,"longitude":115.66199},{"id":5226,"name":"Ferndale","latitude":-32.03494,"longitude":115.92233},{"id":5242,"name":"Fitzroy Crossing","latitude":-18.19714,"longitude":125.56663},{"id":5256,"name":"Floreat","latitude":-31.93862,"longitude":115.79211},{"id":5271,"name":"Forrestdale","latitude":-32.1552,"longitude":115.93417},{"id":5273,"name":"Forrestfield","latitude":-31.98277,"longitude":116.00673},{"id":5289,"name":"Fremantle","latitude":-32.05165,"longitude":115.76379},{"id":5303,"name":"Garden Island","latitude":-32.24264,"longitude":115.69505},{"id":5321,"name":"Gelorup","latitude":-33.42425,"longitude":115.64094},{"id":5323,"name":"Geographe","latitude":-33.63974,"longitude":115.38358},{"id":5327,"name":"Geraldton","latitude":-28.77897,"longitude":114.61459},{"id":5328,"name":"Geraldton city centre","latitude":-28.77754,"longitude":114.61494},{"id":5330,"name":"Gidgegannup","latitude":-31.75441,"longitude":116.18746},{"id":5339,"name":"Gingin","latitude":-31.18435,"longitude":115.65944},{"id":5344,"name":"Girrawheen","latitude":-31.84103,"longitude":115.83978},{"id":5357,"name":"Glen Forrest","latitude":-31.91929,"longitude":116.10726},{"id":5361,"name":"Glen Iris","latitude":-33.33713,"longitude":115.6743},{"id":5368,"name":"Glendalough","latitude":-31.91991,"longitude":115.81945},{"id":5397,"name":"Gnangara","latitude":-31.77612,"longitude":115.86623},{"id":5398,"name":"Gnowangerup","latitude":-34.08658,"longitude":118.29832},{"id":5401,"name":"Golden Bay","latitude":-32.42505,"longitude":115.76099},{"id":5414,"name":"Goomalling","latitude":-31.23457,"longitude":116.79142},{"id":5417,"name":"Gooseberry Hill","latitude":-31.95444,"longitude":116.0492},{"id":5425,"name":"Gosnells","latitude":-32.06763,"longitude":116.00203},{"id":5441,"name":"Grasmere","latitude":-35.01806,"longitude":117.75556},{"id":149556,"name":"Green Head","latitude":-30.0774961,"longitude":114.9585129},{"id":5455,"name":"Greenfields","latitude":-32.52429,"longitude":115.76315},{"id":5456,"name":"Greenmount","latitude":-31.90072,"longitude":116.0495},{"id":5465,"name":"Greenwood","latitude":-31.82723,"longitude":115.80247},{"id":5475,"name":"Guildford","latitude":-31.9,"longitude":115.96667},{"id":5490,"name":"Gwelup","latitude":-31.87163,"longitude":115.79484},{"id":5508,"name":"Halls Creek","latitude":-19.00069,"longitude":127.45204},{"id":5509,"name":"Halls Head","latitude":-32.54315,"longitude":115.69665},{"id":5510,"name":"Hamersley","latitude":-31.84898,"longitude":115.80757},{"id":5514,"name":"Hamilton Hill","latitude":-32.08451,"longitude":115.77946},{"id":5517,"name":"Hammond Park","latitude":-32.16853,"longitude":115.8504},{"id":5523,"name":"Hannans","latitude":-30.71909,"longitude":121.4548},{"id":5530,"name":"Harrisdale","latitude":-32.11084,"longitude":115.93563},{"id":5533,"name":"Harvey","latitude":-33.14976,"longitude":115.93376},{"id":5560,"name":"Heathridge","latitude":-31.76244,"longitude":115.75895},{"id":5570,"name":"Helena Valley","latitude":-31.91938,"longitude":116.03982},{"id":5578,"name":"Henley Brook","latitude":-31.81393,"longitude":115.98807},{"id":5585,"name":"Herne Hill","latitude":-31.82553,"longitude":116.0227},{"id":5593,"name":"High Wycombe","latitude":-31.94444,"longitude":116.0034},{"id":5597,"name":"Highgate","latitude":-31.93971,"longitude":115.87015},{"id":5603,"name":"Hilbert","latitude":-32.17818,"longitude":115.9849},{"id":149559,"name":"Hill River","latitude":-30.2574411,"longitude":115.1536518},{"id":5605,"name":"Hillarys","latitude":-31.80698,"longitude":115.74045},{"id":5610,"name":"Hillman","latitude":-32.28327,"longitude":115.76364},{"id":5615,"name":"Hilton","latitude":-32.06208,"longitude":115.78049},{"id":5625,"name":"Hocking","latitude":-31.77012,"longitude":115.81832},{"id":5671,"name":"Huntingdale","latitude":-32.08318,"longitude":115.96614},{"id":5683,"name":"Iluka","latitude":-31.73554,"longitude":115.73058},{"id":5692,"name":"Inglewood","latitude":-31.91663,"longitude":115.8798},{"id":5693,"name":"Innaloo","latitude":-31.89272,"longitude":115.79508},{"id":5704,"name":"Irwin","latitude":-29.34192,"longitude":115.04561},{"id":5721,"name":"Jandakot","latitude":-32.10158,"longitude":115.87083},{"id":5723,"name":"Jane Brook","latitude":-31.86368,"longitude":116.05039},{"id":5725,"name":"Jarrahdale","latitude":-32.3358,"longitude":116.05951},{"id":5729,"name":"Jerramungup","latitude":-34.0305,"longitude":119.11369},{"id":5735,"name":"Jindalee","latitude":-31.64938,"longitude":115.69496},{"id":5740,"name":"Jolimont","latitude":-31.94564,"longitude":115.80947},{"id":5741,"name":"Joondalup","latitude":-31.77962,"longitude":115.76498},{"id":5742,"name":"Joondanna","latitude":-31.90767,"longitude":115.84233},{"id":5752,"name":"Jurien Bay","latitude":-30.30591,"longitude":115.03825},{"id":5755,"name":"Kalamunda","latitude":-32.00398,"longitude":116.13292},{"id":5757,"name":"Kalbarri","latitude":-27.7105,"longitude":114.16505},{"id":5759,"name":"Kalgoorlie","latitude":-30.74614,"longitude":121.4742},{"id":5760,"name":"Kalgoorlie/Boulder","latitude":-30.77632,"longitude":124.92347},{"id":5765,"name":"Kallaroo","latitude":-31.79098,"longitude":115.75298},{"id":5769,"name":"Kambalda East","latitude":-31.2055,"longitude":121.67011},{"id":5770,"name":"Kambalda West","latitude":-31.20169,"longitude":121.6306},{"id":5786,"name":"Karawara","latitude":-32.0086,"longitude":115.88114},{"id":5787,"name":"Kardinya","latitude":-32.06561,"longitude":115.81483},{"id":5790,"name":"Karnup","latitude":-32.41894,"longitude":115.79267},{"id":5792,"name":"Karratha","latitude":-20.73765,"longitude":116.84629},{"id":5793,"name":"Karrinyup","latitude":-31.87233,"longitude":115.77684},{"id":5796,"name":"Katanning","latitude":-33.62476,"longitude":117.63965},{"id":5814,"name":"Kellerberrin","latitude":-31.57709,"longitude":117.80561},{"id":5817,"name":"Kelmscott","latitude":-32.12434,"longitude":116.0259},{"id":5832,"name":"Kent Shire","latitude":-33.53881,"longitude":118.66993},{"id":5836,"name":"Kenwick","latitude":-32.03333,"longitude":115.96667},{"id":5845,"name":"Kewdale","latitude":-31.97886,"longitude":115.95159},{"id":5850,"name":"Kiara","latitude":-31.88156,"longitude":115.93893},{"id":5880,"name":"Kingsley","latitude":-31.81036,"longitude":115.80077},{"id":5891,"name":"Kinross","latitude":-31.71868,"longitude":115.73839},{"id":5903,"name":"Kojonup","latitude":-33.92546,"longitude":117.03982},{"id":5904,"name":"Kondinin","latitude":-32.48431,"longitude":119.0242},{"id":5907,"name":"Koondoola","latitude":-31.84145,"longitude":115.86654},{"id":5910,"name":"Koorda","latitude":-30.60412,"longitude":117.40736},{"id":5921,"name":"Kulin","latitude":-32.66096,"longitude":118.57544},{"id":5923,"name":"Kununurra","latitude":-15.77825,"longitude":128.74208},{"id":5933,"name":"Kwinana","latitude":-32.23391,"longitude":115.82785},{"id":5945,"name":"Lake Grace","latitude":-33.1291,"longitude":119.42041},{"id":5953,"name":"Lakelands","latitude":-32.47157,"longitude":115.77291},{"id":5961,"name":"Lamington","latitude":-30.73425,"longitude":121.46163},{"id":149555,"name":"Lancelin","latitude":-31.0223127,"longitude":115.3239809},{"id":5965,"name":"Landsdale","latitude":-31.8075,"longitude":115.86599},{"id":5970,"name":"Langford","latitude":-32.04092,"longitude":115.94157},{"id":5981,"name":"Lathlain","latitude":-31.96755,"longitude":115.90631},{"id":5989,"name":"Laverton","latitude":-27.93793,"longitude":125.27127},{"id":5996,"name":"Leda","latitude":-32.26766,"longitude":115.7993},{"id":5997,"name":"Leederville","latitude":-31.93628,"longitude":115.8419},{"id":149554,"name":"Leeman","latitude":-29.9873579,"longitude":114.9578904},{"id":5998,"name":"Leeming","latitude":-32.07511,"longitude":115.86613},{"id":6003,"name":"Leinster","latitude":-27.92028,"longitude":120.6967},{"id":6009,"name":"Leonora","latitude":-28.39424,"longitude":121.2596},{"id":6012,"name":"Leschenault","latitude":-33.24519,"longitude":115.7251},{"id":6013,"name":"Lesmurdie","latitude":-32.00199,"longitude":116.04821},{"id":6036,"name":"Little Grove","latitude":-35.06803,"longitude":117.87197},{"id":6048,"name":"Lockridge","latitude":-31.88168,"longitude":115.95031},{"id":6049,"name":"Lockyer","latitude":-35.00567,"longitude":117.85875},{"id":6074,"name":"Lower Chittering","latitude":-31.58333,"longitude":116.11667},{"id":6076,"name":"Lower King","latitude":-34.95778,"longitude":117.93833},{"id":6092,"name":"Lynwood","latitude":-32.04013,"longitude":115.92888},{"id":6118,"name":"Maddington","latitude":-32.05,"longitude":115.98333},{"id":6119,"name":"Madeley","latitude":-31.8111,"longitude":115.82814},{"id":6120,"name":"Madora Bay","latitude":-32.46951,"longitude":115.75264},{"id":6124,"name":"Maida Vale","latitude":-31.95187,"longitude":116.02764},{"id":149549,"name":"Malaga","latitude":-31.8581429,"longitude":115.8798645},{"id":6143,"name":"Mandurah","latitude":-32.5269,"longitude":115.7217},{"id":6144,"name":"Mandurah city centre","latitude":-32.52644,"longitude":115.73361},{"id":6150,"name":"Manjimup","latitude":-34.59789,"longitude":116.26566},{"id":6155,"name":"Manning","latitude":-32.01594,"longitude":115.86714},{"id":6167,"name":"Marangaroo","latitude":-31.82711,"longitude":115.83843},{"id":6171,"name":"Marble Bar","latitude":-21.17067,"longitude":119.74441},{"id":6176,"name":"Margaret River","latitude":-33.95504,"longitude":115.07599},{"id":6185,"name":"Marmion","latitude":-31.84158,"longitude":115.75692},{"id":6195,"name":"Martin","latitude":-32.07549,"longitude":116.04536},{"id":6211,"name":"Maylands","latitude":-31.93097,"longitude":115.89486},{"id":6217,"name":"McKail","latitude":-34.98533,"longitude":117.8301},{"id":6225,"name":"Meadow Springs","latitude":-32.49718,"longitude":115.75334},{"id":6230,"name":"Medina","latitude":-32.23406,"longitude":115.79901},{"id":6233,"name":"Meekatharra","latitude":-25.3033,"longitude":118.99974},{"id":6242,"name":"Melville","latitude":-32.04325,"longitude":115.83408},{"id":6246,"name":"Menora","latitude":-31.91889,"longitude":115.86208},{"id":6248,"name":"Menzies","latitude":-29.39176,"longitude":123.71878},{"id":6259,"name":"Merredin","latitude":-31.46054,"longitude":118.38509},{"id":6262,"name":"Merriwa","latitude":-31.66494,"longitude":115.71273},{"id":6276,"name":"Middle Swan","latitude":-31.85,"longitude":116.01667},{"id":6280,"name":"Midland","latitude":-31.88909,"longitude":116.0107},{"id":6281,"name":"Midvale","latitude":-31.88881,"longitude":116.03288},{"id":6289,"name":"Millars Well","latitude":-20.74168,"longitude":116.81731},{"id":6291,"name":"Millbridge","latitude":-33.30617,"longitude":115.735},{"id":6306,"name":"Mindarie","latitude":-31.68932,"longitude":115.70698},{"id":6309,"name":"Mingenew","latitude":-29.14515,"longitude":115.50123},{"id":6313,"name":"Mira Mar","latitude":-35.01517,"longitude":117.90096},{"id":6317,"name":"Mirrabooka","latitude":-31.85963,"longitude":115.86587},{"id":6365,"name":"Moora","latitude":-30.51218,"longitude":116.2098},{"id":6377,"name":"Morawa","latitude":-29.03545,"longitude":116.05643},{"id":6385,"name":"Morley","latitude":-31.88775,"longitude":115.9099},{"id":6400,"name":"Mosman Park","latitude":-32.01421,"longitude":115.76613},{"id":6407,"name":"Mount Barker","latitude":-34.63084,"longitude":117.66606},{"id":6410,"name":"Mount Claremont","latitude":-31.96177,"longitude":115.78337},{"id":6425,"name":"Mount Hawthorn","latitude":-31.92,"longitude":115.83509},{"id":6427,"name":"Mount Helena","latitude":-31.87606,"longitude":116.21025},{"id":6433,"name":"Mount Lawley","latitude":-31.93439,"longitude":115.8716},{"id":6439,"name":"Mount Magnet","latitude":-28.29082,"longitude":117.96655},{"id":6440,"name":"Mount Marshall","latitude":-30.29376,"longitude":118.00063},{"id":6442,"name":"Mount Melville","latitude":-35.02216,"longitude":117.87137},{"id":6444,"name":"Mount Nasura","latitude":-32.1378,"longitude":116.02473},{"id":6450,"name":"Mount Pleasant","latitude":-32.03974,"longitude":115.84993},{"id":6455,"name":"Mount Richon","latitude":-32.17349,"longitude":116.02137},{"id":6460,"name":"Mount Tarcoola","latitude":-28.79859,"longitude":114.6253},{"id":149551,"name":"Muchea","latitude":-31.5493638,"longitude":115.870362},{"id":6473,"name":"Mukinbudin","latitude":-30.63684,"longitude":118.28648},{"id":6477,"name":"Mullaloo","latitude":-31.77896,"longitude":115.73676},{"id":6480,"name":"Mundaring","latitude":-31.88456,"longitude":116.21551},{"id":6481,"name":"Mundijong","latitude":-32.29217,"longitude":115.98564},{"id":6488,"name":"Munster","latitude":-32.13647,"longitude":115.78302},{"id":6490,"name":"Murchison","latitude":-27.00893,"longitude":116.41205},{"id":6491,"name":"Murdoch","latitude":-32.06987,"longitude":115.83757},{"id":6493,"name":"Murray","latitude":-32.62391,"longitude":115.96538},{"id":6504,"name":"Myaree","latitude":-32.04,"longitude":115.81761},{"id":6519,"name":"Nannup","latitude":-34.13466,"longitude":115.67375},{"id":6528,"name":"Narembeen","latitude":-32.02206,"longitude":118.6899},{"id":6540,"name":"Narrogin","latitude":-32.93282,"longitude":117.17763},{"id":6546,"name":"Nedlands","latitude":-31.97994,"longitude":115.79942},{"id":6569,"name":"Newman","latitude":-23.35644,"longitude":119.73553},{"id":6581,"name":"Ngaanyatjarraku","latitude":-25.08871,"longitude":126.83494},{"id":6590,"name":"Nickol","latitude":-20.74558,"longitude":116.7954},{"id":6600,"name":"Nollamara","latitude":-31.88016,"longitude":115.84543},{"id":6604,"name":"Noranda","latitude":-31.87333,"longitude":115.89901},{"id":6616,"name":"North Beach","latitude":-31.86298,"longitude":115.75624},{"id":6624,"name":"North Coogee","latitude":-32.09505,"longitude":115.75972},{"id":6627,"name":"North Fremantle","latitude":-32.03333,"longitude":115.75},{"id":6634,"name":"North Lake","latitude":-32.0819,"longitude":115.83567},{"id":6644,"name":"North Perth","latitude":-31.92724,"longitude":115.85276},{"id":6661,"name":"Northam","latitude":-31.69898,"longitude":116.64964},{"id":6662,"name":"Northampton Shire","latitude":-28.04956,"longitude":114.49589},{"id":6664,"name":"Northbridge","latitude":-31.94784,"longitude":115.85881},{"id":6682,"name":"Nullagine","latitude":-21.88972,"longitude":120.1114},{"id":6683,"name":"Nulsen","latitude":-33.85696,"longitude":121.87499},{"id":6687,"name":"Nungarin","latitude":-31.13714,"longitude":118.21768},{"id":6699,"name":"Oakford","latitude":-32.20094,"longitude":115.93391},{"id":6711,"name":"Ocean Reef","latitude":-31.75871,"longitude":115.73601},{"id":6726,"name":"Onslow","latitude":-21.63764,"longitude":115.11221},{"id":6730,"name":"Orana","latitude":-34.99601,"longitude":117.85925},{"id":6736,"name":"Orelia","latitude":-32.2333,"longitude":115.82227},{"id":6743,"name":"Osborne Park","latitude":-31.90066,"longitude":115.81083},{"id":6756,"name":"Padbury","latitude":-31.80645,"longitude":115.7688},{"id":6772,"name":"Palmyra","latitude":-32.04502,"longitude":115.78589},{"id":6779,"name":"Paraburdoo","latitude":-23.20417,"longitude":117.66973},{"id":6793,"name":"Parkerville","latitude":-31.87472,"longitude":116.138},{"id":6802,"name":"Parkwood","latitude":-32.04913,"longitude":115.91838},{"id":6803,"name":"Parmelia","latitude":-32.25784,"longitude":115.82208},{"id":6819,"name":"Pearce","latitude":-31.66667,"longitude":116.01667},{"id":6822,"name":"Pearsall","latitude":-31.78117,"longitude":115.81823},{"id":6823,"name":"Pegs Creek","latitude":-20.7383,"longitude":116.83278},{"id":6825,"name":"Pemberton","latitude":-34.44311,"longitude":116.03689},{"id":6835,"name":"Peppermint Grove","latitude":-31.99885,"longitude":115.76697},{"id":6838,"name":"Perenjori","latitude":-29.39784,"longitude":116.53543},{"id":6840,"name":"Perth","latitude":-31.95224,"longitude":115.8614},{"id":6841,"name":"Perth city centre","latitude":-31.95289,"longitude":115.85152},{"id":6851,"name":"Piara Waters","latitude":-32.13344,"longitude":115.91634},{"id":6852,"name":"Piccadilly","latitude":-30.7428,"longitude":121.46418},{"id":6859,"name":"Pingelly","latitude":-32.53174,"longitude":117.20004},{"id":6860,"name":"Pinjarra","latitude":-32.6298,"longitude":115.87351},{"id":6865,"name":"Plantagenet Shire","latitude":-34.62508,"longitude":117.59753},{"id":6887,"name":"Port Denison","latitude":-29.27367,"longitude":114.92068},{"id":6892,"name":"Port Hedland","latitude":-20.79258,"longitude":118.63264},{"id":6894,"name":"Port Kennedy","latitude":-32.37342,"longitude":115.7515},{"id":6932,"name":"Quairading","latitude":-32.01462,"longitude":117.39835},{"id":6938,"name":"Queens Park","latitude":-32.00314,"longitude":115.94621},{"id":6947,"name":"Quindalup","latitude":-33.6356,"longitude":115.14899},{"id":6948,"name":"Quinns Rocks","latitude":-31.67379,"longitude":115.70372},{"id":6961,"name":"Rangeway","latitude":-28.78665,"longitude":114.63059},{"id":6969,"name":"Ravensthorpe","latitude":-33.68375,"longitude":120.15338},{"id":6971,"name":"Ravenswood","latitude":-32.5824,"longitude":115.8315},{"id":6981,"name":"Redcliffe","latitude":-31.93845,"longitude":115.94645},{"id":149558,"name":"Regans Ford","latitude":-30.9555288,"longitude":115.6073405},{"id":7013,"name":"Ridgewood","latitude":-31.6615,"longitude":115.72261},{"id":7026,"name":"Riverton","latitude":-32.03468,"longitude":115.89856},{"id":7027,"name":"Rivervale","latitude":-31.95546,"longitude":115.91306},{"id":7044,"name":"Rockingham","latitude":-32.28239,"longitude":115.73238},{"id":7045,"name":"Rockingham city centre","latitude":-32.28407,"longitude":115.7354},{"id":7049,"name":"Roebuck","latitude":-18.1713,"longitude":122.50116},{"id":7051,"name":"Roleystone","latitude":-32.11458,"longitude":116.0706},{"id":7079,"name":"Rossmoyne","latitude":-32.03965,"longitude":115.86781},{"id":7106,"name":"Safety Bay","latitude":-32.30463,"longitude":115.74213},{"id":7128,"name":"Salter Point","latitude":-32.02384,"longitude":115.86582},{"id":7130,"name":"Samson","latitude":-32.06996,"longitude":115.7977},{"id":7139,"name":"Sandstone","latitude":-28.42189,"longitude":118.98846},{"id":7149,"name":"Scarborough","latitude":-31.89578,"longitude":115.76431},{"id":7172,"name":"Secret Harbour","latitude":-32.40589,"longitude":115.75852},{"id":7181,"name":"Serpentine","latitude":-32.36051,"longitude":115.97723},{"id":7182,"name":"Serpentine-Jarrahdale","latitude":-32.32452,"longitude":116.04507},{"id":7188,"name":"Seville Grove","latitude":-32.13645,"longitude":115.98905},{"id":7192,"name":"Shark Bay","latitude":-26.38916,"longitude":114.21845},{"id":7199,"name":"Shelley","latitude":-32.02957,"longitude":115.88664},{"id":7202,"name":"Shenton Park","latitude":-31.95575,"longitude":115.79807},{"id":7208,"name":"Shoalwater","latitude":-32.29088,"longitude":115.71101},{"id":7214,"name":"Silver Sands","latitude":-32.50857,"longitude":115.73599},{"id":7217,"name":"Sinagra","latitude":-31.74261,"longitude":115.80633},{"id":7218,"name":"Singleton","latitude":-32.44403,"longitude":115.75725},{"id":7245,"name":"Somerville","latitude":-30.76979,"longitude":121.45438},{"id":7248,"name":"Sorrento","latitude":-31.82533,"longitude":115.75248},{"id":7254,"name":"South Bunbury","latitude":-33.3491,"longitude":115.63359},{"id":7256,"name":"South Carnarvon","latitude":-24.89348,"longitude":113.65846},{"id":7258,"name":"South Fremantle","latitude":-32.06907,"longitude":115.75453},{"id":7263,"name":"South Guildford","latitude":-31.9122,"longitude":115.96825},{"id":7264,"name":"South Hedland","latitude":-20.40655,"longitude":118.60069},{"id":7267,"name":"South Kalgoorlie","latitude":-30.76507,"longitude":121.47334},{"id":7271,"name":"South Lake","latitude":-32.11125,"longitude":115.83873},{"id":7281,"name":"South Perth","latitude":-31.99884,"longitude":115.87222},{"id":7291,"name":"South Yunderup","latitude":-32.5851,"longitude":115.78015},{"id":7297,"name":"Southern River","latitude":-32.10658,"longitude":115.95896},{"id":7300,"name":"Spalding","latitude":-28.73525,"longitude":114.63651},{"id":7301,"name":"Spearwood","latitude":-32.10534,"longitude":115.77797},{"id":7304,"name":"Spencer Park","latitude":-35.00515,"longitude":117.90005},{"id":7323,"name":"St George Ranges","latitude":-18.98204,"longitude":125.00873},{"id":7330,"name":"St James","latitude":-32.00004,"longitude":115.9098},{"id":7347,"name":"Stirling","latitude":-31.8794,"longitude":115.80929},{"id":7351,"name":"Stoneville","latitude":-30.86667,"longitude":121.76667},{"id":7356,"name":"Strathalbyn","latitude":-28.75168,"longitude":114.64576},{"id":7365,"name":"Stratton","latitude":-31.86828,"longitude":116.04066},{"id":7371,"name":"Subiaco","latitude":-31.95964,"longitude":115.81564},{"id":7372,"name":"Success","latitude":-32.14281,"longitude":115.84999},{"id":7383,"name":"Sunset Beach","latitude":-28.71907,"longitude":114.62297},{"id":7401,"name":"Swan","latitude":-31.77039,"longitude":116.08746},{"id":7403,"name":"Swan View","latitude":-31.88333,"longitude":116.05},{"id":7404,"name":"Swanbourne","latitude":-31.96878,"longitude":115.7673},{"id":7424,"name":"Tammin","latitude":-31.60512,"longitude":117.48306},{"id":7433,"name":"Tapping","latitude":-31.71947,"longitude":115.79559},{"id":7436,"name":"Tarcoola Beach","latitude":-28.81001,"longitude":114.62236},{"id":7458,"name":"Telfer","latitude":-21.21169,"longitude":123.26175},{"id":7496,"name":"The Vines","latitude":-31.75492,"longitude":116.00238},{"id":7507,"name":"Thornlie","latitude":-32.06003,"longitude":115.955},{"id":7509,"name":"Three Springs","latitude":-29.51386,"longitude":115.63158},{"id":7526,"name":"Tom Price","latitude":-22.6939,"longitude":117.7931},{"id":7530,"name":"Toodyay","latitude":-31.46991,"longitude":116.38804},{"id":7560,"name":"Trayning","latitude":-31.16681,"longitude":117.83812},{"id":7564,"name":"Trigg","latitude":-31.86939,"longitude":115.7571},{"id":7571,"name":"Tuart Hill","latitude":-31.89808,"longitude":115.83495},{"id":7594,"name":"Two Rocks","latitude":-31.49985,"longitude":115.58737},{"id":7609,"name":"Upper Gascoyne","latitude":-24.71935,"longitude":116.33876},{"id":7619,"name":"Usher","latitude":-33.37982,"longitude":115.6292},{"id":7620,"name":"Utakarra","latitude":-28.78333,"longitude":114.65},{"id":7627,"name":"Vasse","latitude":-33.69337,"longitude":115.2678},{"id":7633,"name":"Victoria Park","latitude":-31.97651,"longitude":115.90592},{"id":7634,"name":"Victoria Plains","latitude":-31.01632,"longitude":116.28546},{"id":7638,"name":"Vincent","latitude":-31.93138,"longitude":115.85412},{"id":7645,"name":"Viveash","latitude":-31.87861,"longitude":115.99661},{"id":7653,"name":"Waggrakine","latitude":-28.71883,"longitude":114.63924},{"id":7654,"name":"Wagin","latitude":-33.27501,"longitude":117.38554},{"id":7658,"name":"Waikiki","latitude":-32.31606,"longitude":115.7546},{"id":7682,"name":"Wandering","latitude":-32.52589,"longitude":116.56668},{"id":7683,"name":"Wandi","latitude":-32.1943,"longitude":115.8763},{"id":7685,"name":"Wandina","latitude":-28.81938,"longitude":114.63464},{"id":7691,"name":"Wannanup","latitude":-32.59946,"longitude":115.64488},{"id":7692,"name":"Wanneroo","latitude":-31.65293,"longitude":115.72211},{"id":7706,"name":"Warnbro","latitude":-32.34017,"longitude":115.7473},{"id":7709,"name":"Waroona","latitude":-32.84916,"longitude":115.90429},{"id":7726,"name":"Warwick","latitude":-31.83974,"longitude":115.80855},{"id":7729,"name":"Waterford","latitude":-32.01574,"longitude":115.88662},{"id":7732,"name":"Watermans Bay","latitude":-31.84915,"longitude":115.7559},{"id":7739,"name":"Wattle Grove","latitude":-32.00672,"longitude":116.00046},{"id":7755,"name":"Wellard","latitude":-32.26667,"longitude":115.83333},{"id":7760,"name":"Wembley","latitude":-31.93308,"longitude":115.81783},{"id":7761,"name":"Wembley Downs","latitude":-31.91169,"longitude":115.77358},{"id":7776,"name":"West Arthur","latitude":-33.44057,"longitude":116.68597},{"id":7780,"name":"West Beach","latitude":-33.87464,"longitude":121.89013},{"id":7781,"name":"West Busselton","latitude":-33.65792,"longitude":115.32293},{"id":7795,"name":"West Lamington","latitude":-30.74707,"longitude":121.45248},{"id":7797,"name":"West Leederville","latitude":-31.94141,"longitude":115.83117},{"id":7803,"name":"West Perth","latitude":-31.94896,"longitude":115.84199},{"id":7826,"name":"Westminster","latitude":-31.86744,"longitude":115.83919},{"id":7828,"name":"Westonia","latitude":-30.88436,"longitude":118.72974},{"id":7833,"name":"White Gum Valley","latitude":-32.06031,"longitude":115.77058},{"id":7848,"name":"Wickepin","latitude":-32.82211,"longitude":117.63996},{"id":7850,"name":"Wickham","latitude":-20.67474,"longitude":117.13784},{"id":7853,"name":"Willagee","latitude":-32.05196,"longitude":115.80533},{"id":7855,"name":"Willetton","latitude":-32.05251,"longitude":115.88782},{"id":7856,"name":"Williams","latitude":-33.05217,"longitude":116.70943},{"id":7868,"name":"Wilson","latitude":-32.02058,"longitude":115.91181},{"id":7873,"name":"Wiluna","latitude":-25.3663,"longitude":121.93243},{"id":7889,"name":"Winthrop","latitude":-32.05216,"longitude":115.82972},{"id":7893,"name":"Withers","latitude":-33.36807,"longitude":115.6305},{"id":7907,"name":"Wongan-Ballidu","latitude":-30.73138,"longitude":116.84854},{"id":7910,"name":"Wonthella","latitude":-28.76689,"longitude":114.63338},{"id":7911,"name":"Woodanilling","latitude":-33.51937,"longitude":117.3358},{"id":7914,"name":"Woodbridge","latitude":-31.88695,"longitude":115.99196},{"id":149553,"name":"Woodridge","latitude":-31.3314368,"longitude":115.5825247},{"id":7927,"name":"Woodvale","latitude":-31.78928,"longitude":115.79676},{"id":7947,"name":"Wooroloo","latitude":-31.8038,"longitude":116.31311},{"id":7948,"name":"Woorree","latitude":-28.76677,"longitude":114.65806},{"id":7961,"name":"Wundowie","latitude":-31.76163,"longitude":116.3799},{"id":7966,"name":"Wyalkatchem","latitude":-31.19528,"longitude":117.44682},{"id":7971,"name":"Wyndham-East Kimberley","latitude":-15.51291,"longitude":126.58779},{"id":7982,"name":"Yakamia","latitude":-35.00392,"longitude":117.87828},{"id":7983,"name":"Yalgoo","latitude":-28.48787,"longitude":117.15818},{"id":7985,"name":"Yallingup","latitude":-33.64592,"longitude":115.03514},{"id":7987,"name":"Yalyalup","latitude":-33.67496,"longitude":115.41449},{"id":7990,"name":"Yanchep","latitude":-31.54678,"longitude":115.63171},{"id":7992,"name":"Yangebup","latitude":-32.12065,"longitude":115.81623},{"id":8022,"name":"Yilgarn","latitude":-30.90938,"longitude":119.25881},{"id":8023,"name":"Yokine","latitude":-31.90113,"longitude":115.85319},{"id":8025,"name":"York","latitude":-31.88809,"longitude":116.7678}]