[{"id":9308,"name":"Dimitrovgrad","latitude":42.05,"longitude":25.6},{"id":9342,"name":"Harmanli","latitude":41.93333,"longitude":25.9},{"id":9343,"name":"Haskovo","latitude":41.93415,"longitude":25.55557},{"id":9350,"name":"Ivaylovgrad","latitude":41.52672,"longitude":26.1249},{"id":9392,"name":"Lyubimets","latitude":41.83333,"longitude":26.08333},{"id":9394,"name":"Madzharovo","latitude":41.63461,"longitude":25.86439},{"id":9401,"name":"Mineralni Bani","latitude":41.91667,"longitude":25.35},{"id":9455,"name":"Obshtina Dimitrovgrad","latitude":42.05,"longitude":25.6},{"id":9486,"name":"Obshtina Harmanli","latitude":41.93333,"longitude":25.98333},{"id":9487,"name":"Obshtina Haskovo","latitude":41.88333,"longitude":25.61667},{"id":9493,"name":"Obshtina Ivaylovgrad","latitude":41.48333,"longitude":26.0},{"id":9527,"name":"Obshtina Madzharovo","latitude":41.68333,"longitude":25.9},{"id":9532,"name":"Obshtina Mineralni Bani","latitude":41.9,"longitude":25.33333},{"id":9598,"name":"Obshtina Stambolovo","latitude":41.73333,"longitude":25.7},{"id":9607,"name":"Obshtina Svilengrad","latitude":41.86667,"longitude":26.31667},{"id":9613,"name":"Obshtina Topolovgrad","latitude":42.08333,"longitude":26.33333},{"id":9693,"name":"Simeonovgrad","latitude":42.03333,"longitude":25.83333},{"id":9716,"name":"Svilengrad","latitude":41.76667,"longitude":26.2},{"id":9722,"name":"Topolovgrad","latitude":42.08333,"longitude":26.33333}]