[{"id":17393,"name":"Altstätten","latitude":47.37766,"longitude":9.54746},{"id":17394,"name":"Amden","latitude":47.14888,"longitude":9.14233},{"id":17398,"name":"Andwil","latitude":47.43855,"longitude":9.27436},{"id":17419,"name":"Au","latitude":47.43093,"longitude":9.63448},{"id":17430,"name":"Bad Ragaz","latitude":47.00601,"longitude":9.50266},{"id":17435,"name":"Balgach","latitude":47.40556,"longitude":9.60702},{"id":17458,"name":"Benken","latitude":47.19942,"longitude":9.00735},{"id":17567,"name":"Bronschhofen","latitude":47.47835,"longitude":9.03454},{"id":17580,"name":"Buchs","latitude":47.16743,"longitude":9.47794},{"id":17606,"name":"Bütschwil","latitude":47.36022,"longitude":9.07213},{"id":17678,"name":"Degersheim","latitude":47.37429,"longitude":9.20019},{"id":17687,"name":"Diepoldsau","latitude":47.386,"longitude":9.65558},{"id":17720,"name":"Ebnat-Kappel","latitude":47.26195,"longitude":9.12473},{"id":17730,"name":"Eggersriet","latitude":47.44202,"longitude":9.46901},{"id":17736,"name":"Eichberg","latitude":47.34374,"longitude":9.5314},{"id":17769,"name":"Eschenbach","latitude":47.23981,"longitude":8.92156},{"id":17791,"name":"Flawil","latitude":47.41301,"longitude":9.18324},{"id":17794,"name":"Flums","latitude":47.09058,"longitude":9.34301},{"id":17821,"name":"Gams","latitude":47.20429,"longitude":9.44172},{"id":17822,"name":"Ganterschwil","latitude":47.38103,"longitude":9.09239},{"id":17847,"name":"Goldach","latitude":47.47401,"longitude":9.46711},{"id":17849,"name":"Goldingen","latitude":47.26477,"longitude":8.96167},{"id":17850,"name":"Gommiswald","latitude":47.23128,"longitude":9.02355},{"id":17856,"name":"Gossau","latitude":47.41551,"longitude":9.25482},{"id":17859,"name":"Grabs","latitude":47.18248,"longitude":9.44395},{"id":17890,"name":"Haag (Rheintal)","latitude":47.20989,"longitude":9.48931},{"id":17938,"name":"Häggenschwil","latitude":47.49462,"longitude":9.34487},{"id":17934,"name":"Horn","latitude":47.49425,"longitude":9.46246},{"id":17959,"name":"Jona","latitude":47.22983,"longitude":8.83884},{"id":17962,"name":"Jonschwil","latitude":47.42402,"longitude":9.08689},{"id":17969,"name":"Kaltbrunn","latitude":47.21367,"longitude":9.0259},{"id":17980,"name":"Kirchberg","latitude":47.41159,"longitude":9.0402},{"id":18009,"name":"Krummenau","latitude":47.24755,"longitude":9.17064},{"id":18081,"name":"Lichtensteig","latitude":47.32381,"longitude":9.08758},{"id":18111,"name":"Lütisburg","latitude":47.39451,"longitude":9.08312},{"id":18160,"name":"Mogelsberg","latitude":47.36222,"longitude":9.13541},{"id":18194,"name":"Mörschwil","latitude":47.47097,"longitude":9.42278},{"id":18173,"name":"Mosnang","latitude":47.36252,"longitude":9.04296},{"id":18178,"name":"Muolen","latitude":47.52102,"longitude":9.32484},{"id":18221,"name":"Niederbüren","latitude":47.46547,"longitude":9.20568},{"id":18226,"name":"Niederhelfenschwil","latitude":47.47487,"longitude":9.18543},{"id":18255,"name":"Oberhelfenschwil","latitude":47.35673,"longitude":9.11076},{"id":18262,"name":"Oberriet","latitude":47.32088,"longitude":9.56808},{"id":18269,"name":"Oberuzwil","latitude":47.43076,"longitude":9.12724},{"id":18333,"name":"Quarten","latitude":47.107,"longitude":9.24199},{"id":18338,"name":"Rapperswil","latitude":47.22557,"longitude":8.82228},{"id":18341,"name":"Rebstein","latitude":47.39812,"longitude":9.58503},{"id":18365,"name":"Rheineck","latitude":47.4663,"longitude":9.59028},{"id":18392,"name":"Rorschach","latitude":47.478,"longitude":9.4903},{"id":18410,"name":"Rüthi","latitude":47.2948,"longitude":9.53857},{"id":18438,"name":"Sankt Gallen","latitude":47.42391,"longitude":9.37477},{"id":18439,"name":"Sankt Gallenkappel","latitude":47.24368,"longitude":8.96438},{"id":18440,"name":"Sankt Margrethen","latitude":47.45253,"longitude":9.63741},{"id":18442,"name":"Sankt Peterzell","latitude":47.31782,"longitude":9.17599},{"id":18444,"name":"Sargans","latitude":47.04896,"longitude":9.44103},{"id":18482,"name":"Schänis","latitude":47.15995,"longitude":9.04549},{"id":18472,"name":"Schmerikon","latitude":47.22538,"longitude":8.94836},{"id":18509,"name":"Sennwald","latitude":47.26063,"longitude":9.50268},{"id":18515,"name":"Sevelen","latitude":47.12213,"longitude":9.48601},{"id":18581,"name":"Thal","latitude":47.46677,"longitude":9.56643},{"id":18654,"name":"Uznach","latitude":47.22421,"longitude":8.98263},{"id":18655,"name":"Uzwil","latitude":47.43653,"longitude":9.13422},{"id":18700,"name":"Wahlkreis Rheintal","latitude":47.37769,"longitude":9.57903},{"id":18701,"name":"Wahlkreis Rorschach","latitude":47.46647,"longitude":9.44246},{"id":18702,"name":"Wahlkreis Sarganserland","latitude":47.05,"longitude":9.43333},{"id":18703,"name":"Wahlkreis See-Gaster","latitude":47.22459,"longitude":9.0168},{"id":18704,"name":"Wahlkreis St. Gallen","latitude":47.46342,"longitude":9.39052},{"id":18705,"name":"Wahlkreis Toggenburg","latitude":47.29453,"longitude":9.17283},{"id":18706,"name":"Wahlkreis Werdenberg","latitude":47.17743,"longitude":9.46299},{"id":18707,"name":"Wahlkreis Wil","latitude":47.42591,"longitude":9.12451},{"id":18711,"name":"Waldkirch","latitude":47.46859,"longitude":9.28665},{"id":18713,"name":"Walenstadt","latitude":47.12411,"longitude":9.31194},{"id":18725,"name":"Wattwil","latitude":47.29955,"longitude":9.08657},{"id":18727,"name":"Weesen","latitude":47.13447,"longitude":9.09644},{"id":18749,"name":"Wil","latitude":47.46152,"longitude":9.04552},{"id":18753,"name":"Wildhaus","latitude":47.20583,"longitude":9.35402},{"id":18759,"name":"Wittenbach","latitude":47.46108,"longitude":9.38601},{"id":18805,"name":"Zuzwil","latitude":47.47452,"longitude":9.11196}]