[{"id":19082,"name":"Aysén","latitude":-45.40303,"longitude":-72.69184},{"id":18962,"name":"Chile Chico","latitude":-46.5376,"longitude":-71.7293},{"id":19084,"name":"Cisnes","latitude":-44.7275,"longitude":-72.6805},{"id":18966,"name":"Cochrane","latitude":-47.2539,"longitude":-72.5732},{"id":18976,"name":"Coyhaique","latitude":-45.57524,"longitude":-72.06619},{"id":148332,"name":"Guaitecas","latitude":-43.88333333,"longitude":-73.73333333},{"id":148333,"name":"Lago Verde","latitude":-44.24031,"longitude":-71.8495},{"id":148334,"name":"O'Higgins","latitude":-48.46666667,"longitude":-72.56666667},{"id":148335,"name":"Río Ibáñez","latitude":-46.3,"longitude":-71.93333333},{"id":148336,"name":"Tortel","latitude":-47.83333333,"longitude":-73.56666667}]