[{"id":60,"name":"Chahār Burj","latitude":34.24475,"longitude":62.19165},{"id":73,"name":"Ghōriyān","latitude":34.3448,"longitude":61.49321},{"id":74,"name":"Herāt","latitude":34.34817,"longitude":62.19967},{"id":80,"name":"Kafir Qala","latitude":34.66667,"longitude":61.06667},{"id":82,"name":"Karukh","latitude":34.48108,"longitude":62.5863},{"id":88,"name":"Kuhsān","latitude":34.65389,"longitude":61.19778},{"id":90,"name":"Kushk","latitude":33.29565,"longitude":61.95221},{"id":111,"name":"Qarah Bāgh","latitude":34.94023,"longitude":61.77589},{"id":123,"name":"Shīnḏanḏ","latitude":33.30294,"longitude":62.1474},{"id":129,"name":"Tīr Pul","latitude":34.59431,"longitude":61.26895},{"id":135,"name":"Zindah Jān","latitude":34.34264,"longitude":61.74675}]