[{"id":8455,"name":"Badarganj","latitude":25.67419,"longitude":89.05377},{"id":8480,"name":"Chilmāri","latitude":25.55613,"longitude":89.67097},{"id":8487,"name":"Dinajpur","latitude":25.61667,"longitude":88.75},{"id":8494,"name":"Gaibandha","latitude":25.25,"longitude":89.5},{"id":8517,"name":"Kurigram","latitude":25.75,"longitude":89.66667},{"id":8523,"name":"Lalmonirhat","latitude":25.91719,"longitude":89.44595},{"id":8524,"name":"Lalmonirhat District","latitude":26.0,"longitude":89.25},{"id":8544,"name":"Nageswari","latitude":25.96817,"longitude":89.69153},{"id":8552,"name":"Nilphamari Zila","latitude":25.96667,"longitude":88.95},{"id":8560,"name":"Panchagarh","latitude":26.33333,"longitude":88.56667},{"id":8561,"name":"Parbatipur","latitude":25.66369,"longitude":88.93093},{"id":8572,"name":"Pīrgaaj","latitude":25.85587,"longitude":88.35943},{"id":8577,"name":"Rangpur","latitude":25.73333,"longitude":89.25},{"id":8601,"name":"Thakurgaon","latitude":25.96667,"longitude":88.33333}]