[{"id":17438,"name":"Balsthal","latitude":47.31613,"longitude":7.69318},{"id":17468,"name":"Bettlach","latitude":47.20062,"longitude":7.42405},{"id":17478,"name":"Bezirk Bucheggberg","latitude":47.13205,"longitude":7.47885},{"id":17482,"name":"Bezirk Dorneck","latitude":47.48032,"longitude":7.61816},{"id":17485,"name":"Bezirk Gäu","latitude":47.29606,"longitude":7.77503},{"id":17486,"name":"Bezirk Gösgen","latitude":47.37758,"longitude":7.9203},{"id":17495,"name":"Bezirk Lebern","latitude":47.21798,"longitude":7.48053},{"id":17503,"name":"Bezirk Olten","latitude":47.34426,"longitude":7.90755},{"id":17511,"name":"Bezirk Solothurn","latitude":47.20818,"longitude":7.53084},{"id":17513,"name":"Bezirk Thal","latitude":47.31095,"longitude":7.63592},{"id":17514,"name":"Bezirk Thierstein","latitude":47.38333,"longitude":7.55},{"id":17519,"name":"Bezirk Wasseramt","latitude":47.18911,"longitude":7.59157},{"id":17525,"name":"Biberist","latitude":47.18009,"longitude":7.56246},{"id":17557,"name":"Breitenbach","latitude":47.40668,"longitude":7.54554},{"id":17605,"name":"Büsserach","latitude":47.39415,"longitude":7.54117},{"id":17679,"name":"Deitingen","latitude":47.21515,"longitude":7.6188},{"id":17683,"name":"Derendingen","latitude":47.1985,"longitude":7.58844},{"id":17704,"name":"Dornach","latitude":47.48038,"longitude":7.61644},{"id":17728,"name":"Egerkingen","latitude":47.31957,"longitude":7.78424},{"id":17765,"name":"Erlinsbach","latitude":47.39753,"longitude":8.00797},{"id":17814,"name":"Fulenbach","latitude":47.27103,"longitude":7.83136},{"id":17828,"name":"Gerlafingen","latitude":47.17087,"longitude":7.57249},{"id":17868,"name":"Grenchen","latitude":47.1921,"longitude":7.39586},{"id":17886,"name":"Gunzgen","latitude":47.31375,"longitude":7.83102},{"id":17937,"name":"Hägendorf","latitude":47.33497,"longitude":7.84133},{"id":17914,"name":"Himmelried","latitude":47.42136,"longitude":7.59985},{"id":17924,"name":"Hochwald","latitude":47.45389,"longitude":7.64459},{"id":17984,"name":"Kleinlützel","latitude":47.42518,"longitude":7.41607},{"id":18007,"name":"Kriegstetten","latitude":47.17449,"longitude":7.59799},{"id":18035,"name":"Langendorf","latitude":47.21974,"longitude":7.51469},{"id":18046,"name":"Laupersdorf","latitude":47.3126,"longitude":7.65465},{"id":18092,"name":"Lostorf","latitude":47.38372,"longitude":7.94655},{"id":18102,"name":"Luterbach","latitude":47.21426,"longitude":7.58463},{"id":18134,"name":"Matzendorf","latitude":47.30374,"longitude":7.6282},{"id":18156,"name":"Messen","latitude":47.09155,"longitude":7.44528},{"id":18224,"name":"Niedergösgen","latitude":47.37157,"longitude":7.98837},{"id":18232,"name":"Nunningen","latitude":47.3941,"longitude":7.61951},{"id":18241,"name":"Oberbuchsiten","latitude":47.31334,"longitude":7.76836},{"id":18254,"name":"Obergösgen","latitude":47.36538,"longitude":7.95173},{"id":18279,"name":"Oensingen","latitude":47.28764,"longitude":7.71612},{"id":18283,"name":"Olten","latitude":47.34999,"longitude":7.90329},{"id":18375,"name":"Riedholz","latitude":47.23158,"longitude":7.56829},{"id":18381,"name":"Rodersdorf","latitude":47.48082,"longitude":7.45767},{"id":18384,"name":"Rohr","latitude":47.41029,"longitude":7.95333},{"id":18485,"name":"Schönenwerd","latitude":47.3691,"longitude":8.00167},{"id":18506,"name":"Selzach","latitude":47.20531,"longitude":7.45521},{"id":18528,"name":"Solothurn","latitude":47.20791,"longitude":7.53714},{"id":18561,"name":"Subingen","latitude":47.19852,"longitude":7.61949},{"id":18603,"name":"Trimbach","latitude":47.36561,"longitude":7.8868},{"id":18721,"name":"Wangen","latitude":47.34365,"longitude":7.86982},{"id":18734,"name":"Welschenrohr","latitude":47.28052,"longitude":7.52664},{"id":18765,"name":"Wolfwil","latitude":47.26871,"longitude":7.79652},{"id":18800,"name":"Zuchwil","latitude":47.20173,"longitude":7.56649}]