[{"id":1623,"name":"Alberschwende","latitude":47.45025,"longitude":9.83152},{"id":1635,"name":"Altach","latitude":47.35,"longitude":9.65},{"id":1658,"name":"Andelsbuch","latitude":47.41167,"longitude":9.89326},{"id":1701,"name":"Au","latitude":47.32176,"longitude":9.98067},{"id":1712,"name":"Ausserbraz","latitude":47.14875,"longitude":9.90066},{"id":1747,"name":"Bartholomäberg","latitude":47.08333,"longitude":9.9},{"id":1749,"name":"Batschuns","latitude":47.28306,"longitude":9.65},{"id":1767,"name":"Bezau","latitude":47.38478,"longitude":9.90139},{"id":1773,"name":"Bildstein","latitude":47.45,"longitude":9.76667},{"id":1779,"name":"Bizau","latitude":47.36906,"longitude":9.92839},{"id":1783,"name":"Blons","latitude":47.22327,"longitude":9.83414},{"id":1784,"name":"Bludenz","latitude":47.15476,"longitude":9.82255},{"id":1785,"name":"Bludesch","latitude":47.2,"longitude":9.73306},{"id":1790,"name":"Brand","latitude":47.10083,"longitude":9.73722},{"id":1795,"name":"Bregenz","latitude":47.50311,"longitude":9.7471},{"id":1827,"name":"Bürs","latitude":47.14972,"longitude":9.8},{"id":1828,"name":"Bürserberg","latitude":47.14644,"longitude":9.77736},{"id":1829,"name":"Dalaas","latitude":47.12446,"longitude":9.99104},{"id":1830,"name":"Damüls","latitude":47.28034,"longitude":9.89164},{"id":1861,"name":"Doren","latitude":47.49278,"longitude":9.87972},{"id":1865,"name":"Dornbirn","latitude":47.41427,"longitude":9.74195},{"id":1874,"name":"Düns","latitude":47.22353,"longitude":9.71663},{"id":1875,"name":"Dünserberg","latitude":47.22752,"longitude":9.72372},{"id":1907,"name":"Egg","latitude":47.43154,"longitude":9.89762},{"id":1918,"name":"Eichenberg","latitude":47.53333,"longitude":9.78333},{"id":1973,"name":"Feldkirch","latitude":47.23306,"longitude":9.6},{"id":2012,"name":"Frastanz","latitude":47.21735,"longitude":9.62995},{"id":2016,"name":"Fraxern","latitude":47.31498,"longitude":9.67391},{"id":2032,"name":"Fußach","latitude":47.47933,"longitude":9.66278},{"id":2045,"name":"Gaißau","latitude":47.46667,"longitude":9.6},{"id":2060,"name":"Gaschurn","latitude":46.98584,"longitude":10.02702},{"id":2184,"name":"Göfis","latitude":47.23356,"longitude":9.63458},{"id":2195,"name":"Götzis","latitude":47.33306,"longitude":9.63306},{"id":2151,"name":"Großdorf","latitude":47.43361,"longitude":9.91528},{"id":2229,"name":"Hard","latitude":47.48306,"longitude":9.68306},{"id":2293,"name":"Hirschegg","latitude":47.34813,"longitude":10.17137},{"id":2295,"name":"Hittisau","latitude":47.45781,"longitude":9.95962},{"id":2336,"name":"Höchst","latitude":47.45934,"longitude":9.6405},{"id":2316,"name":"Hohenems","latitude":47.36667,"longitude":9.68306},{"id":2320,"name":"Hohenweiler","latitude":47.58333,"longitude":9.78333},{"id":2342,"name":"Hörbranz","latitude":47.55,"longitude":9.75},{"id":2355,"name":"Innerbraz","latitude":47.15,"longitude":9.91667},{"id":2419,"name":"Kennelbach","latitude":47.48306,"longitude":9.76667},{"id":2447,"name":"Klaus","latitude":47.30913,"longitude":9.64678},{"id":2464,"name":"Klösterle","latitude":47.13333,"longitude":10.08333},{"id":2468,"name":"Koblach","latitude":47.33306,"longitude":9.6},{"id":2496,"name":"Krumbach","latitude":47.48306,"longitude":9.93583},{"id":2537,"name":"Langen","latitude":47.51667,"longitude":9.81667},{"id":2538,"name":"Langenegg","latitude":47.46922,"longitude":9.89744},{"id":2555,"name":"Lauterach","latitude":47.47572,"longitude":9.72941},{"id":2559,"name":"Lech","latitude":47.20797,"longitude":10.14184},{"id":2602,"name":"Lingenau","latitude":47.45033,"longitude":9.92166},{"id":2607,"name":"Lochau","latitude":47.53333,"longitude":9.75},{"id":2615,"name":"Lorüns","latitude":47.13306,"longitude":9.85},{"id":2617,"name":"Ludesch","latitude":47.2,"longitude":9.78306},{"id":2621,"name":"Lustenau","latitude":47.42642,"longitude":9.65851},{"id":2739,"name":"Mäder","latitude":47.35,"longitude":9.61667},{"id":2687,"name":"Meiningen","latitude":47.29891,"longitude":9.57862},{"id":2690,"name":"Mellau","latitude":47.35034,"longitude":9.88149},{"id":2707,"name":"Mittelberg","latitude":47.35127,"longitude":10.17197},{"id":2741,"name":"Möggers","latitude":47.56667,"longitude":9.81667},{"id":2734,"name":"Muntlix","latitude":47.28296,"longitude":9.65939},{"id":2778,"name":"Nenzing","latitude":47.18436,"longitude":9.70539},{"id":2841,"name":"Nüziders","latitude":47.16667,"longitude":9.8},{"id":2989,"name":"Politischer Bezirk Bludenz","latitude":47.15144,"longitude":9.82452},{"id":2991,"name":"Politischer Bezirk Bregenz","latitude":47.42069,"longitude":9.91989},{"id":2995,"name":"Politischer Bezirk Dornbirn","latitude":47.38349,"longitude":9.7494},{"id":2997,"name":"Politischer Bezirk Feldkirch","latitude":47.25535,"longitude":9.5836},{"id":3127,"name":"Raggal","latitude":47.21082,"longitude":9.83688},{"id":3140,"name":"Rankweil","latitude":47.27108,"longitude":9.64308},{"id":3183,"name":"Reuthe","latitude":47.37113,"longitude":9.89481},{"id":3191,"name":"Riefensberg","latitude":47.50137,"longitude":9.95838},{"id":3195,"name":"Riezlern","latitude":47.35778,"longitude":10.18759},{"id":3224,"name":"Röns","latitude":47.21667,"longitude":9.7},{"id":3227,"name":"Röthis","latitude":47.29332,"longitude":9.65484},{"id":3244,"name":"Sankt Anton im Montafon","latitude":47.11667,"longitude":9.86667},{"id":3251,"name":"Sankt Gallenkirch","latitude":47.02102,"longitude":9.97335},{"id":3349,"name":"Satteins","latitude":47.21667,"longitude":9.66667},{"id":3378,"name":"Schlins","latitude":47.2,"longitude":9.7},{"id":3381,"name":"Schnepfau","latitude":47.35206,"longitude":9.9452},{"id":3382,"name":"Schnifis","latitude":47.21667,"longitude":9.73306},{"id":3383,"name":"Schoppernau","latitude":47.31205,"longitude":10.01646},{"id":3391,"name":"Schröcken","latitude":47.25755,"longitude":10.09197},{"id":3390,"name":"Schruns","latitude":47.06667,"longitude":9.91667},{"id":3395,"name":"Schwarzach","latitude":47.44904,"longitude":9.76213},{"id":3403,"name":"Schwarzenberg","latitude":47.41415,"longitude":9.85154},{"id":3448,"name":"Sibratsgfäll","latitude":47.42667,"longitude":10.03806},{"id":3458,"name":"Silbertal","latitude":47.09368,"longitude":9.98314},{"id":3497,"name":"Stallehr","latitude":47.13306,"longitude":9.85},{"id":3561,"name":"Sulz","latitude":47.28721,"longitude":9.65183},{"id":3562,"name":"Sulzberg","latitude":47.52178,"longitude":9.91353},{"id":3597,"name":"Thüringen","latitude":47.2,"longitude":9.76667},{"id":3629,"name":"Tschagguns","latitude":47.08333,"longitude":9.9},{"id":3900,"name":"Übersaxen","latitude":47.25284,"longitude":9.6708},{"id":3672,"name":"Vandans","latitude":47.09569,"longitude":9.86525},{"id":3683,"name":"Viktorsberg","latitude":47.30092,"longitude":9.67484},{"id":3749,"name":"Warth","latitude":47.25,"longitude":10.18333},{"id":3764,"name":"Weiler","latitude":47.29972,"longitude":9.65},{"id":3847,"name":"Wolfurt","latitude":47.46667,"longitude":9.75}]