[{"id":8068,"name":"Cahri","latitude":39.34837,"longitude":45.41557},{"id":8206,"name":"Çalxanqala","latitude":39.44167,"longitude":45.28333},{"id":8071,"name":"Culfa","latitude":38.95397,"longitude":45.62961},{"id":8072,"name":"Deste","latitude":38.88375,"longitude":45.90963},{"id":8091,"name":"Heydarabad","latitude":39.72286,"longitude":44.84846},{"id":8097,"name":"Julfa Rayon","latitude":39.16667,"longitude":45.66667},{"id":8120,"name":"Nakhchivan","latitude":39.20889,"longitude":45.41222},{"id":8129,"name":"Oğlanqala","latitude":39.58694,"longitude":45.04611},{"id":8126,"name":"Ordubad","latitude":38.90961,"longitude":46.02274},{"id":8127,"name":"Ordubad Rayon","latitude":39.08333,"longitude":45.91667},{"id":8157,"name":"Qıvraq","latitude":39.39939,"longitude":45.11513},{"id":8211,"name":"Şahbuz","latitude":39.40722,"longitude":45.57389},{"id":8170,"name":"Sedarak","latitude":39.71427,"longitude":44.88455},{"id":8172,"name":"Shahbuz Rayon","latitude":39.41667,"longitude":45.58333},{"id":8175,"name":"Sharur City","latitude":39.55298,"longitude":44.97993},{"id":8179,"name":"Sumbatan-diza","latitude":38.94804,"longitude":45.82572},{"id":8181,"name":"Tazakend","latitude":39.15459,"longitude":45.44282},{"id":8195,"name":"Yaycı","latitude":38.94052,"longitude":45.73244}]