[{"id":16161,"name":"Amherst","latitude":45.83345,"longitude":-64.19874},{"id":16170,"name":"Annapolis County","latitude":44.58345,"longitude":-65.16551},{"id":16171,"name":"Antigonish","latitude":45.61685,"longitude":-61.99858},{"id":16216,"name":"Berwick","latitude":45.05015,"longitude":-64.73208},{"id":16242,"name":"Bridgewater","latitude":44.37856,"longitude":-64.51882},{"id":16272,"name":"Cape Breton County","latitude":46.00014,"longitude":-60.31516},{"id":16304,"name":"Chester","latitude":44.54225,"longitude":-64.23891},{"id":16322,"name":"Colchester","latitude":45.33345,"longitude":-63.24868},{"id":16324,"name":"Cole Harbour","latitude":44.67244,"longitude":-63.47506},{"id":16342,"name":"Cow Bay","latitude":44.63141,"longitude":-63.43218},{"id":16355,"name":"Dartmouth","latitude":44.67134,"longitude":-63.57719},{"id":16374,"name":"Digby","latitude":44.62188,"longitude":-65.7586},{"id":16375,"name":"Digby County","latitude":44.36685,"longitude":-65.69884},{"id":16406,"name":"English Corner","latitude":44.73345,"longitude":-63.78201},{"id":16407,"name":"Eskasoni 3","latitude":45.94522,"longitude":-60.61617},{"id":16416,"name":"Fall River","latitude":44.81685,"longitude":-63.6154},{"id":16454,"name":"Glace Bay","latitude":46.19695,"longitude":-59.95698},{"id":16475,"name":"Greenwood","latitude":44.97413,"longitude":-64.93169},{"id":16482,"name":"Halifax","latitude":44.64533,"longitude":-63.57239},{"id":16490,"name":"Hantsport","latitude":45.06685,"longitude":-64.16544},{"id":16499,"name":"Hayes Subdivision","latitude":45.05519,"longitude":-64.58795},{"id":16539,"name":"Kentville","latitude":45.0771,"longitude":-64.49605},{"id":16589,"name":"Lake Echo","latitude":44.73345,"longitude":-63.38198},{"id":16600,"name":"Lantz","latitude":44.98345,"longitude":-63.48199},{"id":16632,"name":"Lower Sackville","latitude":44.77599,"longitude":-63.67865},{"id":16637,"name":"Lunenburg","latitude":44.37847,"longitude":-64.31658},{"id":16686,"name":"Middleton","latitude":44.94284,"longitude":-65.07022},{"id":16739,"name":"New Glasgow","latitude":45.58344,"longitude":-62.64863},{"id":16791,"name":"Oxford","latitude":45.73345,"longitude":-63.86542},{"id":16799,"name":"Parrsboro","latitude":45.40567,"longitude":-64.32585},{"id":16818,"name":"Pictou","latitude":45.67875,"longitude":-62.70936},{"id":16819,"name":"Pictou County","latitude":45.50015,"longitude":-62.58193},{"id":16840,"name":"Port Hawkesbury","latitude":45.61685,"longitude":-61.34853},{"id":16846,"name":"Port Williams","latitude":45.10015,"longitude":-64.41546},{"id":16859,"name":"Princeville","latitude":45.76684,"longitude":-61.29853},{"id":17037,"name":"Shelburne","latitude":43.76325,"longitude":-65.32355},{"id":17064,"name":"Springhill","latitude":45.65015,"longitude":-64.04873},{"id":17095,"name":"Sydney","latitude":46.1351,"longitude":-60.1831},{"id":17096,"name":"Sydney Mines","latitude":46.23669,"longitude":-60.21767},{"id":17127,"name":"Truro","latitude":45.36685,"longitude":-63.26538},{"id":17211,"name":"Windsor","latitude":44.98345,"longitude":-64.13204},{"id":17216,"name":"Wolfville","latitude":45.08345,"longitude":-64.36546},{"id":17220,"name":"Yarmouth","latitude":43.83345,"longitude":-66.11557}]