[{"id":8215,"name":"Balatun","latitude":44.86332,"longitude":19.33931},{"id":8216,"name":"Banja Luka","latitude":44.77842,"longitude":17.19386},{"id":8221,"name":"Bijeljina","latitude":44.76583,"longitude":19.15083},{"id":8223,"name":"Bileća","latitude":42.87645,"longitude":18.42967},{"id":8225,"name":"Blatnica","latitude":44.48677,"longitude":17.82278},{"id":8231,"name":"Brod","latitude":45.13747,"longitude":17.98722},{"id":8232,"name":"Bronzani Majdan","latitude":44.79237,"longitude":16.94039},{"id":8430,"name":"Čajniče","latitude":43.55712,"longitude":19.07186},{"id":8434,"name":"Čečava","latitude":44.67961,"longitude":17.7578},{"id":8432,"name":"Čelinac","latitude":44.72453,"longitude":17.32431},{"id":8240,"name":"Derventa","latitude":44.97839,"longitude":17.90779},{"id":8242,"name":"Doboj","latitude":44.75944,"longitude":18.065},{"id":8244,"name":"Dobrljin","latitude":45.15106,"longitude":16.47869},{"id":8256,"name":"Dvorovi","latitude":44.80753,"longitude":19.25999},{"id":8258,"name":"Foča","latitude":43.50646,"longitude":18.77854},{"id":8259,"name":"Gacko","latitude":43.16722,"longitude":18.53528},{"id":8272,"name":"Gradiška","latitude":45.14484,"longitude":17.25453},{"id":8278,"name":"Hiseti","latitude":44.76111,"longitude":17.17944},{"id":8282,"name":"Istočni Mostar","latitude":43.42056,"longitude":18.00833},{"id":8286,"name":"Janja","latitude":44.66554,"longitude":19.24691},{"id":8290,"name":"Kalenderovci Donji","latitude":44.94673,"longitude":17.83785},{"id":8297,"name":"Kneževo","latitude":44.49071,"longitude":17.38161},{"id":8298,"name":"Knežica","latitude":45.10548,"longitude":16.67668},{"id":8301,"name":"Koran","latitude":43.81038,"longitude":18.56999},{"id":8302,"name":"Kostajnica","latitude":45.21956,"longitude":16.53929},{"id":8303,"name":"Kotor Varoš","latitude":44.61831,"longitude":17.37204},{"id":8305,"name":"Kozarska Dubica","latitude":45.17667,"longitude":16.80944},{"id":8307,"name":"Krupa na Vrbasu","latitude":44.61875,"longitude":17.14351},{"id":8308,"name":"Laktaši","latitude":44.90857,"longitude":17.30135},{"id":8309,"name":"Lamovita","latitude":44.92018,"longitude":16.89933},{"id":8312,"name":"Ljubinje","latitude":42.9512,"longitude":18.08702},{"id":8315,"name":"Lopare","latitude":44.63498,"longitude":18.8434},{"id":8319,"name":"Maglajani","latitude":44.94975,"longitude":17.35014},{"id":8323,"name":"Marićka","latitude":44.86801,"longitude":16.8551},{"id":8324,"name":"Maslovare","latitude":44.56594,"longitude":17.53216},{"id":8325,"name":"Mejdan - Obilićevo","latitude":44.76324,"longitude":17.19012},{"id":8326,"name":"Milići","latitude":44.17016,"longitude":19.09195},{"id":8328,"name":"Modriča","latitude":44.95444,"longitude":18.30361},{"id":8331,"name":"Mrkonjić Grad","latitude":44.41729,"longitude":17.08288},{"id":8333,"name":"Nevesinje","latitude":43.25861,"longitude":18.11333},{"id":8334,"name":"Novi Grad","latitude":45.04643,"longitude":16.37782},{"id":8337,"name":"Obudovac","latitude":44.95215,"longitude":18.59869},{"id":8341,"name":"Omarska","latitude":44.8917,"longitude":16.89814},{"id":8342,"name":"Opština Oštra Luka","latitude":44.73278,"longitude":16.82861},{"id":8343,"name":"Opština Višegrad","latitude":43.72167,"longitude":19.31361},{"id":8350,"name":"Oštra Luka","latitude":44.99724,"longitude":18.58464},{"id":8352,"name":"Pale","latitude":43.81664,"longitude":18.56949},{"id":8354,"name":"Pelagićevo","latitude":44.90105,"longitude":18.59185},{"id":8355,"name":"Petkovci","latitude":44.46849,"longitude":19.07466},{"id":8358,"name":"Piskavica","latitude":44.86717,"longitude":16.97464},{"id":8360,"name":"Podbrdo","latitude":44.44189,"longitude":17.01495},{"id":8365,"name":"Popovi","latitude":44.76547,"longitude":19.28667},{"id":8367,"name":"Pribinić","latitude":44.6101,"longitude":17.68981},{"id":8368,"name":"Priboj","latitude":44.60233,"longitude":18.93165},{"id":8369,"name":"Prijedor","latitude":44.97991,"longitude":16.71401},{"id":8374,"name":"Rogatica","latitude":43.79894,"longitude":19.00363},{"id":8375,"name":"Rudo","latitude":43.61781,"longitude":19.36719},{"id":8436,"name":"Šamac","latitude":45.05987,"longitude":18.46756},{"id":8437,"name":"Šekovići","latitude":44.29896,"longitude":18.85532},{"id":8439,"name":"Šipovo","latitude":44.28237,"longitude":17.08597},{"id":8383,"name":"Sokolac","latitude":43.93817,"longitude":18.80079},{"id":8385,"name":"Srbac","latitude":45.0973,"longitude":17.52331},{"id":8386,"name":"Srebrenica","latitude":44.10748,"longitude":19.29669},{"id":8388,"name":"Stanari","latitude":44.74475,"longitude":17.82714},{"id":8389,"name":"Starcevica","latitude":44.75708,"longitude":17.21178},{"id":8393,"name":"Svodna","latitude":45.0377,"longitude":16.54019},{"id":8395,"name":"Teslić","latitude":44.60639,"longitude":17.85972},{"id":8402,"name":"Trebinje","latitude":42.71197,"longitude":18.34362},{"id":8403,"name":"Trn","latitude":44.85829,"longitude":17.23583},{"id":8407,"name":"Ugljevik","latitude":44.66361,"longitude":19.02028},{"id":8413,"name":"Velika Obarska","latitude":44.80461,"longitude":19.16183},{"id":8418,"name":"Višegrad","latitude":43.7826,"longitude":19.29256},{"id":8419,"name":"Vlasenica","latitude":44.18183,"longitude":18.94096},{"id":8446,"name":"Živinice","latitude":44.54765,"longitude":17.37357},{"id":8428,"name":"Zvornik","latitude":44.38605,"longitude":19.10247}]