[{"id":9281,"name":"Borovo","latitude":43.50086,"longitude":25.80992},{"id":9322,"name":"Dve Mogili","latitude":43.59258,"longitude":25.87486},{"id":9349,"name":"Ivanovo","latitude":43.68568,"longitude":25.95565},{"id":9435,"name":"Obshtina Borovo","latitude":43.6,"longitude":25.8},{"id":9443,"name":"Obshtina Byala","latitude":43.41667,"longitude":25.83333},{"id":9468,"name":"Obshtina Dve Mogili","latitude":43.51667,"longitude":25.96667},{"id":9492,"name":"Obshtina Ivanovo","latitude":43.7,"longitude":25.98333},{"id":9576,"name":"Obshtina Ruse","latitude":43.85,"longitude":26.08333},{"id":9593,"name":"Obshtina Slivo Pole","latitude":43.96667,"longitude":26.3},{"id":9617,"name":"Obshtina Tsenovo","latitude":43.58333,"longitude":25.61667},{"id":9628,"name":"Obshtina Vetovo","latitude":43.71667,"longitude":26.33333},{"id":9675,"name":"Ruse","latitude":43.84872,"longitude":25.9534},{"id":9687,"name":"Senovo","latitude":43.65,"longitude":26.36667},{"id":9699,"name":"Slivo Pole","latitude":43.94248,"longitude":26.20464},{"id":9729,"name":"Tsenovo","latitude":43.53588,"longitude":25.65764},{"id":9739,"name":"Vetovo","latitude":43.7,"longitude":26.26667}]