[{"id":9264,"name":"Banite","latitude":41.61667,"longitude":25.01667},{"id":9279,"name":"Borino","latitude":41.68408,"longitude":24.293},{"id":9298,"name":"Chepelare","latitude":41.73333,"longitude":24.68333},{"id":9306,"name":"Devin","latitude":41.74327,"longitude":24.40003},{"id":9315,"name":"Dospat","latitude":41.64462,"longitude":24.15857},{"id":9339,"name":"Gyovren","latitude":41.66326,"longitude":24.37557},{"id":9393,"name":"Madan","latitude":41.49869,"longitude":24.93973},{"id":9405,"name":"Nedelino","latitude":41.45602,"longitude":25.08008},{"id":9421,"name":"Obshtina Banite","latitude":41.7,"longitude":25.0},{"id":9433,"name":"Obshtina Borino","latitude":41.64834,"longitude":24.31694},{"id":9447,"name":"Obshtina Chepelare","latitude":41.8,"longitude":24.68333},{"id":9453,"name":"Obshtina Devin","latitude":41.74346,"longitude":24.40192},{"id":9463,"name":"Obshtina Dospat","latitude":41.63228,"longitude":24.18765},{"id":9526,"name":"Obshtina Madan","latitude":41.53333,"longitude":24.96667},{"id":9537,"name":"Obshtina Nedelino","latitude":41.46894,"longitude":25.09481},{"id":9575,"name":"Obshtina Rudozem","latitude":41.45439,"longitude":24.8369},{"id":9594,"name":"Obshtina Smolyan","latitude":41.57516,"longitude":24.71302},{"id":9639,"name":"Obshtina Zlatograd","latitude":41.40028,"longitude":25.04591},{"id":9673,"name":"Rudozem","latitude":41.48751,"longitude":24.84945},{"id":9700,"name":"Smolyan","latitude":41.57439,"longitude":24.71204},{"id":9752,"name":"Zlatograd","latitude":41.3795,"longitude":25.09605}]