[{"id":9256,"name":"Apriltsi","latitude":42.84142,"longitude":24.91759},{"id":9385,"name":"Letnitsa","latitude":43.31167,"longitude":25.07333},{"id":9388,"name":"Lovech","latitude":43.13333,"longitude":24.71667},{"id":9390,"name":"Lukovit","latitude":43.2,"longitude":24.16667},{"id":9523,"name":"Obshtina Lovech","latitude":43.16667,"longitude":24.8},{"id":9612,"name":"Obshtina Teteven","latitude":42.91667,"longitude":24.26667},{"id":9621,"name":"Obshtina Ugarchin","latitude":43.1,"longitude":24.41667},{"id":9721,"name":"Teteven","latitude":42.91667,"longitude":24.26667},{"id":9725,"name":"Troyan","latitude":42.89427,"longitude":24.71589},{"id":9732,"name":"Ugarchin","latitude":43.1,"longitude":24.41667},{"id":9743,"name":"Yablanitsa","latitude":43.03139,"longitude":24.11278}]