[{"id":15806,"name":"Ashmyanski Rayon","latitude":54.41667,"longitude":25.91667},{"id":15807,"name":"Ashmyany","latitude":54.421,"longitude":25.936},{"id":15812,"name":"Astravyets","latitude":54.61378,"longitude":25.95537},{"id":15813,"name":"Astravyetski Rayon","latitude":54.66667,"longitude":26.0},{"id":15823,"name":"Baruny","latitude":54.3171,"longitude":26.1376},{"id":15842,"name":"Byarozawka","latitude":53.72406,"longitude":25.49709},{"id":15876,"name":"Dyatlovo","latitude":53.4631,"longitude":25.4068},{"id":15882,"name":"Grodnenskiy Rayon","latitude":53.66667,"longitude":24.0},{"id":15883,"name":"Hal’shany","latitude":54.2585,"longitude":26.0144},{"id":15899,"name":"Horad Hrodna","latitude":53.68333,"longitude":23.83333},{"id":15905,"name":"Hrodna","latitude":53.6884,"longitude":23.8258},{"id":15906,"name":"Hyeranyony","latitude":54.1159,"longitude":25.5773},{"id":15908,"name":"Indura","latitude":53.4605,"longitude":23.8823},{"id":15913,"name":"Iwye","latitude":53.9299,"longitude":25.7727},{"id":15924,"name":"Karelichy","latitude":53.5648,"longitude":26.1406},{"id":15925,"name":"Karelitski Rayon","latitude":53.5,"longitude":26.25},{"id":15950,"name":"Krasnosel’skiy","latitude":53.2645,"longitude":24.4301},{"id":15952,"name":"Kreva","latitude":54.3118,"longitude":26.2916},{"id":15959,"name":"Lida","latitude":53.88333,"longitude":25.29972},{"id":15960,"name":"Lidski Rayon","latitude":53.66667,"longitude":25.25},{"id":15977,"name":"Lyubcha","latitude":53.7522,"longitude":26.0603},{"id":15990,"name":"Mir","latitude":53.4544,"longitude":26.467},{"id":15992,"name":"Mosty","latitude":53.4122,"longitude":24.5387},{"id":16006,"name":"Novogrudok","latitude":53.5942,"longitude":25.8191},{"id":16042,"name":"Ross’","latitude":53.28451,"longitude":24.40335},{"id":16047,"name":"Sapotskin","latitude":53.8329,"longitude":23.6598},{"id":16054,"name":"Shchuchyn","latitude":53.6014,"longitude":24.7465},{"id":16055,"name":"Shchuchynski Rayon","latitude":53.58333,"longitude":24.66667},{"id":16059,"name":"Skidel’","latitude":53.5904,"longitude":24.2478},{"id":16062,"name":"Slonim","latitude":53.0869,"longitude":25.3163},{"id":16066,"name":"Smarhon’","latitude":54.4798,"longitude":26.3957},{"id":16069,"name":"Soly","latitude":54.51301,"longitude":26.19381},{"id":16079,"name":"Svislach","latitude":53.03474,"longitude":24.09829},{"id":16103,"name":"Vishnyeva","latitude":54.7102,"longitude":26.5228},{"id":16106,"name":"Volkovysk","latitude":53.1561,"longitude":24.4513},{"id":16107,"name":"Voranava","latitude":54.1492,"longitude":25.3112},{"id":16108,"name":"Vyalikaya Byerastavitsa","latitude":53.196,"longitude":24.0166},{"id":16121,"name":"Zel’va","latitude":53.1504,"longitude":24.8153},{"id":16124,"name":"Zhaludok","latitude":53.5974,"longitude":24.9828},{"id":16126,"name":"Zhirovichi","latitude":53.0131,"longitude":25.3443}]