[{"id":17390,"name":"Alterswil","latitude":46.79587,"longitude":7.25877},{"id":17415,"name":"Attalens","latitude":46.50555,"longitude":6.85039},{"id":17426,"name":"Avry-sur-Matran","latitude":46.78753,"longitude":7.06735},{"id":17440,"name":"Bas-Vully","latitude":46.96194,"longitude":7.11251},{"id":17450,"name":"Belfaux","latitude":46.82171,"longitude":7.10674},{"id":17596,"name":"Bösingen","latitude":46.89229,"longitude":7.2277},{"id":17566,"name":"Broc","latitude":46.60513,"longitude":7.09891},{"id":17568,"name":"Broye District","latitude":46.82212,"longitude":6.90249},{"id":17581,"name":"Bulle","latitude":46.61797,"longitude":7.0569},{"id":17627,"name":"Charmey","latitude":46.61957,"longitude":7.16486},{"id":17641,"name":"Châtel-Saint-Denis","latitude":46.52691,"longitude":6.90083},{"id":17654,"name":"Corminboeuf","latitude":46.81029,"longitude":7.10535},{"id":17661,"name":"Courgevaux","latitude":46.90648,"longitude":7.11215},{"id":17671,"name":"Cugy","latitude":46.81479,"longitude":6.88888},{"id":17702,"name":"Domdidier","latitude":46.86716,"longitude":7.01337},{"id":17714,"name":"Düdingen","latitude":46.84916,"longitude":7.1915},{"id":17723,"name":"Ecublens","latitude":46.60735,"longitude":6.80895},{"id":17757,"name":"Ependes","latitude":46.75368,"longitude":7.14609},{"id":17774,"name":"Estavayer-le-Lac","latitude":46.84876,"longitude":6.8465},{"id":17790,"name":"Flamatt","latitude":46.88994,"longitude":7.32204},{"id":17809,"name":"Fribourg","latitude":46.80237,"longitude":7.15128},{"id":17832,"name":"Giffers","latitude":46.7623,"longitude":7.20845},{"id":17837,"name":"Givisiez","latitude":46.81201,"longitude":7.12639},{"id":17845,"name":"Glâne District","latitude":46.66667,"longitude":6.91667},{"id":17871,"name":"Grolley","latitude":46.8336,"longitude":7.07116},{"id":17876,"name":"Gruyère District","latitude":46.60753,"longitude":7.10741},{"id":17877,"name":"Gruyères","latitude":46.58338,"longitude":7.08207},{"id":17904,"name":"Heitenried","latitude":46.82762,"longitude":7.29944},{"id":17974,"name":"Kerzers","latitude":46.97586,"longitude":7.1957},{"id":18025,"name":"La Roche","latitude":46.6962,"longitude":7.13721},{"id":18028,"name":"La Tour-de-Trême","latitude":46.61061,"longitude":7.06496},{"id":18031,"name":"Lake District","latitude":46.91016,"longitude":7.14088},{"id":18122,"name":"Marly","latitude":46.77611,"longitude":7.16459},{"id":18123,"name":"Marsens","latitude":46.65644,"longitude":7.05948},{"id":18190,"name":"Mézières","latitude":46.67958,"longitude":6.9263},{"id":18184,"name":"Murten/Morat","latitude":46.92827,"longitude":7.11715},{"id":18265,"name":"Oberschrot","latitude":46.74126,"longitude":7.28149},{"id":18315,"name":"Plaffeien","latitude":46.74198,"longitude":7.28666},{"id":18323,"name":"Praroman","latitude":46.75145,"longitude":7.17778},{"id":18342,"name":"Rechthalten","latitude":46.76766,"longitude":7.24028},{"id":18368,"name":"Riaz","latitude":46.64224,"longitude":7.06183},{"id":18389,"name":"Romont","latitude":46.69652,"longitude":6.91898},{"id":18398,"name":"Rue","latitude":46.61916,"longitude":6.82225},{"id":18569,"name":"Sâles","latitude":46.63473,"longitude":6.97336},{"id":18437,"name":"Sankt Antoni","latitude":46.82207,"longitude":7.26091},{"id":18445,"name":"Sarine District","latitude":46.78435,"longitude":7.09993},{"id":18473,"name":"Schmitten","latitude":46.8575,"longitude":7.25031},{"id":18510,"name":"Sense District","latitude":46.80132,"longitude":7.26028},{"id":18570,"name":"Tafers","latitude":46.81483,"longitude":7.21852},{"id":18601,"name":"Treyvaux","latitude":46.72796,"longitude":7.13769},{"id":18623,"name":"Ueberstorf","latitude":46.86587,"longitude":7.30998},{"id":18674,"name":"Veveyse District","latitude":46.55083,"longitude":6.91085},{"id":18679,"name":"Villars-sur-Glâne","latitude":46.79054,"longitude":7.11717},{"id":18681,"name":"Villaz-Saint-Pierre","latitude":46.72074,"longitude":6.95638},{"id":18695,"name":"Vuadens","latitude":46.61545,"longitude":7.01732}]