[{"id":291,"name":"Akhuryan","latitude":40.78003,"longitude":43.90027},{"id":299,"name":"Amasia","latitude":40.95442,"longitude":43.7872},{"id":301,"name":"Anushavan","latitude":40.65008,"longitude":43.98053},{"id":318,"name":"Arevik","latitude":40.7417,"longitude":43.9043},{"id":320,"name":"Arevshat","latitude":40.65345,"longitude":44.04419},{"id":326,"name":"Arrap’i","latitude":40.78276,"longitude":43.80583},{"id":346,"name":"Azatan","latitude":40.71959,"longitude":43.82727},{"id":352,"name":"Basen","latitude":40.75767,"longitude":43.99274},{"id":378,"name":"Dzit’hank’ov","latitude":40.50848,"longitude":43.82092},{"id":406,"name":"Gyumri","latitude":40.7942,"longitude":43.84528},{"id":411,"name":"Haykavan","latitude":40.80312,"longitude":43.75173},{"id":413,"name":"Horrom","latitude":40.65973,"longitude":43.89032},{"id":424,"name":"Kamo","latitude":40.82572,"longitude":43.95071},{"id":441,"name":"Lerrnakert","latitude":40.5625,"longitude":43.9389},{"id":452,"name":"Maralik","latitude":40.57507,"longitude":43.87231},{"id":456,"name":"Marmashen","latitude":40.83486,"longitude":43.7779},{"id":460,"name":"Mayisyan","latitude":40.84715,"longitude":43.83938},{"id":463,"name":"Meghrashen","latitude":40.6723,"longitude":43.95831},{"id":466,"name":"Mets Mant’ash","latitude":40.64376,"longitude":44.05653},{"id":503,"name":"P’ok’r Mant’ash","latitude":40.64026,"longitude":44.04666},{"id":499,"name":"Pemzashen","latitude":40.58612,"longitude":43.94311},{"id":508,"name":"Saratak","latitude":40.6709,"longitude":43.87231},{"id":522,"name":"Shirak","latitude":40.84042,"longitude":43.91582},{"id":528,"name":"Spandaryan","latitude":40.66105,"longitude":44.01551},{"id":566,"name":"Voskehask","latitude":40.76426,"longitude":43.77474},{"id":580,"name":"Yerazgavors","latitude":40.69505,"longitude":43.74722}]