[{"id":3903,"name":"Abbotsbury","latitude":-33.8701,"longitude":150.86119},{"id":3905,"name":"Abbotsford","latitude":-33.84889,"longitude":151.12801},{"id":3906,"name":"Abercrombie","latitude":-33.38867,"longitude":149.5458},{"id":3907,"name":"Aberdare","latitude":-32.84112,"longitude":151.38168},{"id":3908,"name":"Aberdeen","latitude":-32.16588,"longitude":150.89003},{"id":3911,"name":"Aberglasslyn","latitude":-32.7,"longitude":151.53333},{"id":3912,"name":"Abermain","latitude":-32.8074,"longitude":151.4275},{"id":3913,"name":"Acacia Gardens","latitude":-33.73159,"longitude":150.91636},{"id":3917,"name":"Adamstown","latitude":-32.93824,"longitude":151.72541},{"id":3918,"name":"Adamstown Heights","latitude":-32.94906,"longitude":151.71009},{"id":3924,"name":"Airds","latitude":-34.08599,"longitude":150.83322},{"id":3937,"name":"Albion Park","latitude":-34.57132,"longitude":150.77568},{"id":3938,"name":"Albion Park Rail","latitude":-34.56634,"longitude":150.79177},{"id":3939,"name":"Albury","latitude":-36.07482,"longitude":146.92401},{"id":3940,"name":"Albury Municipality","latitude":-36.01494,"longitude":146.95684},{"id":3941,"name":"Aldavilla","latitude":-31.0818,"longitude":152.7679},{"id":3950,"name":"Alexandria","latitude":-33.89989,"longitude":151.19951},{"id":3952,"name":"Alfords Point","latitude":-33.98744,"longitude":151.02526},{"id":3959,"name":"Allambie Heights","latitude":-33.76655,"longitude":151.24981},{"id":3961,"name":"Allawah","latitude":-33.97257,"longitude":151.1144},{"id":3968,"name":"Alstonville","latitude":-28.84186,"longitude":153.44022},{"id":3975,"name":"Ambarvale","latitude":-34.08942,"longitude":150.79656},{"id":3983,"name":"Anna Bay","latitude":-32.78135,"longitude":152.08586},{"id":3984,"name":"Annandale","latitude":-33.88333,"longitude":151.16667},{"id":3986,"name":"Annangrove","latitude":-33.65758,"longitude":150.94755},{"id":3991,"name":"Appin","latitude":-34.20347,"longitude":150.78644},{"id":3997,"name":"Arcadia","latitude":-33.61667,"longitude":151.03333},{"id":3998,"name":"Arcadia vale","latitude":-33.06052,"longitude":151.58408},{"id":4002,"name":"Argenton","latitude":-32.93505,"longitude":151.63064},{"id":4005,"name":"Armidale","latitude":-30.50123,"longitude":151.66553},{"id":4007,"name":"Arncliffe","latitude":-33.93627,"longitude":151.14819},{"id":4009,"name":"Artarmon","latitude":-33.81667,"longitude":151.18333},{"id":4018,"name":"Ashbury","latitude":-33.89785,"longitude":151.1196},{"id":4020,"name":"Ashcroft","latitude":-33.91598,"longitude":150.89985},{"id":4022,"name":"Ashfield","latitude":-33.88834,"longitude":151.12274},{"id":4025,"name":"Ashmont","latitude":-35.12491,"longitude":147.33172},{"id":4027,"name":"Ashtonfield","latitude":-32.77331,"longitude":151.60583},{"id":4032,"name":"Asquith","latitude":-33.68705,"longitude":151.1163},{"id":4040,"name":"Auburn","latitude":-33.85,"longitude":151.03333},{"id":4046,"name":"Austinmer","latitude":-34.30516,"longitude":150.93335},{"id":4048,"name":"Austral","latitude":-33.92745,"longitude":150.80811},{"id":4055,"name":"Avoca Beach","latitude":-33.46818,"longitude":151.4339},{"id":4056,"name":"Avondale","latitude":-34.5175,"longitude":150.7501},{"id":4074,"name":"Balgowlah","latitude":-33.79494,"longitude":151.2572},{"id":4075,"name":"Balgowlah Heights","latitude":-33.80661,"longitude":151.26243},{"id":4076,"name":"Balgownie","latitude":-34.39505,"longitude":150.88051},{"id":4084,"name":"Ballina","latitude":-28.85273,"longitude":153.48568},{"id":4085,"name":"Balmain","latitude":-33.85481,"longitude":151.1833},{"id":4086,"name":"Balmain East","latitude":-33.8571,"longitude":151.19282},{"id":4090,"name":"Balranald","latitude":-34.67839,"longitude":143.56384},{"id":4095,"name":"Bangalow","latitude":-28.68634,"longitude":153.52153},{"id":4096,"name":"Bangor","latitude":-34.01667,"longitude":151.03333},{"id":4099,"name":"Banksia","latitude":-33.94601,"longitude":151.14304},{"id":149215,"name":"Banksmeadow","latitude":-33.9560301,"longitude":151.197362},{"id":4103,"name":"Bankstown","latitude":-33.91667,"longitude":151.03333},{"id":4105,"name":"Banora Point","latitude":-28.21298,"longitude":153.53634},{"id":4108,"name":"Bar Beach","latitude":-32.94128,"longitude":151.76544},{"id":4112,"name":"Barden Ridge","latitude":-34.03413,"longitude":151.01194},{"id":4113,"name":"Bardia","latitude":-33.97789,"longitude":150.86306},{"id":4115,"name":"Bardwell Park","latitude":-33.93534,"longitude":151.12571},{"id":4116,"name":"Bardwell Valley","latitude":-33.93344,"longitude":151.13668},{"id":4119,"name":"Bargo","latitude":-34.29301,"longitude":150.57806},{"id":4120,"name":"Barham","latitude":-35.62647,"longitude":144.12895},{"id":4124,"name":"Barnsley","latitude":-32.93333,"longitude":151.58333},{"id":4125,"name":"Barooga","latitude":-35.90602,"longitude":145.69585},{"id":4127,"name":"Barraba","latitude":-30.38547,"longitude":150.60901},{"id":4128,"name":"Barrack Heights","latitude":-34.56464,"longitude":150.85692},{"id":4132,"name":"Basin View","latitude":-35.08833,"longitude":150.55534},{"id":4134,"name":"Bass Hill","latitude":-33.89863,"longitude":150.99541},{"id":4136,"name":"Bateau Bay","latitude":-33.38334,"longitude":151.46671},{"id":4137,"name":"Batehaven","latitude":-35.73757,"longitude":150.19836},{"id":4139,"name":"Batemans Bay","latitude":-35.70658,"longitude":150.17541},{"id":4140,"name":"Bathurst","latitude":-33.41665,"longitude":149.5806},{"id":4142,"name":"Bathurst city centre","latitude":-33.41816,"longitude":149.57621},{"id":4141,"name":"Bathurst Regional","latitude":-33.4731,"longitude":149.51956},{"id":4143,"name":"Batlow","latitude":-35.51987,"longitude":148.14727},{"id":4146,"name":"Baulkham Hills","latitude":-33.75881,"longitude":150.99292},{"id":4149,"name":"Bay View","latitude":-33.65982,"longitude":151.29878},{"id":4159,"name":"Beacon Hill","latitude":-33.7528,"longitude":151.25857},{"id":4169,"name":"Beaumont Hills","latitude":-33.69993,"longitude":150.9411},{"id":4177,"name":"Beecroft","latitude":-33.74954,"longitude":151.0648},{"id":4181,"name":"Bega","latitude":-36.67392,"longitude":149.84178},{"id":4182,"name":"Bega Valley","latitude":-36.81646,"longitude":149.7206},{"id":4186,"name":"Belfield","latitude":-33.90354,"longitude":151.08467},{"id":4193,"name":"Bella Vista","latitude":-33.74127,"longitude":150.95456},{"id":4195,"name":"Bellambi","latitude":-34.36667,"longitude":150.91667},{"id":4197,"name":"Bellbird","latitude":-32.85992,"longitude":151.31873},{"id":4203,"name":"Bellevue Hill","latitude":-33.87899,"longitude":151.25101},{"id":4205,"name":"Bellingen","latitude":-30.37394,"longitude":152.72492},{"id":4207,"name":"Belmont","latitude":-33.0274,"longitude":151.6601},{"id":4211,"name":"Belmont North","latitude":-33.02081,"longitude":151.66849},{"id":4212,"name":"Belmont South","latitude":-33.04934,"longitude":151.65695},{"id":4213,"name":"Belmore","latitude":-33.91901,"longitude":151.08935},{"id":4214,"name":"Belrose","latitude":-33.73954,"longitude":151.21033},{"id":4222,"name":"Bensville","latitude":-33.49757,"longitude":151.38084},{"id":4227,"name":"Berala","latitude":-33.87197,"longitude":151.03386},{"id":4228,"name":"Beresfield","latitude":-32.8,"longitude":151.65},{"id":4230,"name":"Berkeley","latitude":-34.48333,"longitude":150.85},{"id":4231,"name":"Berkeley Vale","latitude":-33.35,"longitude":151.43333},{"id":4232,"name":"Berkshire Park","latitude":-33.67283,"longitude":150.77523},{"id":4233,"name":"Bermagui","latitude":-36.419,"longitude":150.06355},{"id":4234,"name":"Berowra","latitude":-33.62078,"longitude":151.15091},{"id":4235,"name":"Berowra Heights","latitude":-33.61211,"longitude":151.13754},{"id":4238,"name":"Berridale","latitude":-36.36673,"longitude":148.82772},{"id":4240,"name":"Berrigan","latitude":-35.75192,"longitude":145.66984},{"id":4243,"name":"Berry","latitude":-34.77507,"longitude":150.69436},{"id":4251,"name":"Beverley Park","latitude":-33.97707,"longitude":151.13437},{"id":4252,"name":"Beverly Hills","latitude":-33.94799,"longitude":151.07979},{"id":4253,"name":"Bexley","latitude":-33.95,"longitude":151.11667},{"id":4254,"name":"Bexley North","latitude":-33.93848,"longitude":151.11385},{"id":4257,"name":"Bidwill","latitude":-33.73013,"longitude":150.82219},{"id":4259,"name":"Bilambil Heights","latitude":-28.2161,"longitude":153.48415},{"id":4260,"name":"Bilgola Plateau","latitude":-33.64781,"longitude":151.31212},{"id":4265,"name":"Bingara","latitude":-29.86931,"longitude":150.57204},{"id":4267,"name":"Birchgrove","latitude":-33.85164,"longitude":151.18243},{"id":4271,"name":"Birmingham Gardens","latitude":-32.89368,"longitude":151.69009},{"id":4272,"name":"Birrong","latitude":-33.89255,"longitude":151.02075},{"id":4282,"name":"Blackalls Park","latitude":-32.99893,"longitude":151.58018},{"id":4286,"name":"Blackbutt","latitude":-34.57164,"longitude":150.83804},{"id":4287,"name":"Blackett","latitude":-33.73792,"longitude":150.81812},{"id":4288,"name":"Blackheath","latitude":-33.63567,"longitude":150.28318},{"id":4291,"name":"Blacksmiths","latitude":-33.07167,"longitude":151.65533},{"id":4293,"name":"Blacktown","latitude":-33.74016,"longitude":150.86253},{"id":4294,"name":"Blackwall","latitude":-33.50252,"longitude":151.32786},{"id":4298,"name":"Blair Athol","latitude":-30.65,"longitude":150.2},{"id":4300,"name":"Blakehurst","latitude":-33.99152,"longitude":151.10876},{"id":4302,"name":"Bland","latitude":-33.91904,"longitude":146.92718},{"id":4303,"name":"Blaxland","latitude":-33.75,"longitude":150.6},{"id":4304,"name":"Blayney","latitude":-33.61653,"longitude":149.13046},{"id":4306,"name":"Bligh Park","latitude":-33.63985,"longitude":150.80248},{"id":4308,"name":"Blue Bay","latitude":-33.35413,"longitude":151.50024},{"id":4309,"name":"Blue Haven","latitude":-33.21106,"longitude":151.50351},{"id":4310,"name":"Blue Mountains Municipality","latitude":-33.63203,"longitude":150.41293},{"id":4313,"name":"Boambee","latitude":-30.33981,"longitude":153.06783},{"id":4314,"name":"Boambee East","latitude":-30.34662,"longitude":153.0732},{"id":4316,"name":"Bogan","latitude":-31.57012,"longitude":146.90617},{"id":4317,"name":"Bogangar","latitude":-28.32944,"longitude":153.5686},{"id":4318,"name":"Boggabri","latitude":-30.70953,"longitude":150.04121},{"id":4321,"name":"Bolton Point","latitude":-33.00177,"longitude":151.61013},{"id":4322,"name":"Bolwarra Heights","latitude":-32.701,"longitude":151.58541},{"id":4323,"name":"Bomaderry","latitude":-34.84967,"longitude":150.61093},{"id":4324,"name":"Bombala","latitude":-36.91212,"longitude":149.23669},{"id":4326,"name":"Bondi","latitude":-33.89429,"longitude":151.26444},{"id":4327,"name":"Bondi Beach","latitude":-33.89079,"longitude":151.27852},{"id":4328,"name":"Bondi Junction","latitude":-33.89275,"longitude":151.24723},{"id":4330,"name":"Bonnells Bay","latitude":-33.10973,"longitude":151.53226},{"id":4332,"name":"Bonnet Bay","latitude":-34.01023,"longitude":151.05253},{"id":4333,"name":"Bonny Hills","latitude":-31.59061,"longitude":152.83908},{"id":4334,"name":"Bonnyrigg","latitude":-33.89357,"longitude":150.88908},{"id":4335,"name":"Bonnyrigg Heights","latitude":-33.89117,"longitude":150.86994},{"id":4337,"name":"Bonville","latitude":-30.38284,"longitude":153.05959},{"id":4340,"name":"Booker Bay","latitude":-33.5125,"longitude":151.3459},{"id":4344,"name":"Booragul","latitude":-32.97486,"longitude":151.60978},{"id":4346,"name":"Boorowa","latitude":-34.43661,"longitude":148.71634},{"id":4352,"name":"Bossley Park","latitude":-33.86184,"longitude":150.8841},{"id":4354,"name":"Botany","latitude":-33.94599,"longitude":151.19591},{"id":4355,"name":"Botany Bay","latitude":-33.9466,"longitude":151.19874},{"id":4359,"name":"Bourke","latitude":-29.99584,"longitude":145.3616},{"id":4360,"name":"Bourkelands","latitude":-35.15593,"longitude":147.34704},{"id":4361,"name":"Bow Bowing","latitude":-34.01655,"longitude":150.8403},{"id":4364,"name":"Bowen Mountain","latitude":-33.57192,"longitude":150.62563},{"id":4365,"name":"Bowenfels","latitude":-33.48336,"longitude":150.13444},{"id":4366,"name":"Bowral","latitude":-34.4775,"longitude":150.4204},{"id":4367,"name":"Bowraville","latitude":-30.64997,"longitude":152.85146},{"id":4376,"name":"Bradbury","latitude":-34.0854,"longitude":150.81541},{"id":4379,"name":"Braidwood","latitude":-35.44148,"longitude":149.7998},{"id":4382,"name":"Branxton","latitude":-32.65547,"longitude":151.35113},{"id":4388,"name":"Breakfast Point","latitude":-33.84286,"longitude":151.11072},{"id":4391,"name":"Brewarrina","latitude":-29.95055,"longitude":147.1476},{"id":4406,"name":"Brighton-Le-Sands","latitude":-33.96009,"longitude":151.1511},{"id":4408,"name":"Bringelly","latitude":-33.93333,"longitude":150.73333},{"id":4415,"name":"Broadmeadow","latitude":-32.92371,"longitude":151.72849},{"id":4420,"name":"Broken Hill","latitude":-31.9652,"longitude":141.4512},{"id":4421,"name":"Broken Hill Municipality","latitude":-31.95,"longitude":141.43333},{"id":4423,"name":"Bronte","latitude":-33.90198,"longitude":151.26556},{"id":4430,"name":"Brookvale","latitude":-33.76108,"longitude":151.27446},{"id":4434,"name":"Broulee","latitude":-35.85469,"longitude":150.17392},{"id":4441,"name":"Brunswick Heads","latitude":-28.54003,"longitude":153.54573},{"id":4448,"name":"Budgewoi","latitude":-33.2339,"longitude":151.55412},{"id":4449,"name":"Buff Point","latitude":-33.22285,"longitude":151.53125},{"id":4450,"name":"Bulahdelah","latitude":-32.40698,"longitude":152.21185},{"id":4454,"name":"Bullaburra","latitude":-33.72922,"longitude":150.41766},{"id":4456,"name":"Bulli","latitude":-34.33834,"longitude":150.91347},{"id":4468,"name":"Bundanoon","latitude":-34.65658,"longitude":150.29623},{"id":4469,"name":"Bundeena","latitude":-34.08384,"longitude":151.15016},{"id":4472,"name":"Bungarribee","latitude":-33.77704,"longitude":150.86799},{"id":4473,"name":"Bungendore","latitude":-35.25382,"longitude":149.44007},{"id":4490,"name":"Buronga","latitude":-34.1707,"longitude":142.1735},{"id":4494,"name":"Burradoo","latitude":-34.5032,"longitude":150.409},{"id":4495,"name":"Burraneer","latitude":-34.05625,"longitude":151.1381},{"id":4496,"name":"Burrill Lake","latitude":-35.38716,"longitude":150.44952},{"id":4501,"name":"Burwood","latitude":-33.88536,"longitude":151.10481},{"id":4503,"name":"Busby","latitude":-33.91124,"longitude":150.88068},{"id":4508,"name":"Buttaba","latitude":-33.05327,"longitude":151.57866},{"id":4509,"name":"Buxton","latitude":-34.26017,"longitude":150.53288},{"id":4511,"name":"Byron Bay","latitude":-28.64989,"longitude":153.61246},{"id":4512,"name":"Byron Shire","latitude":-28.61667,"longitude":153.51667},{"id":4513,"name":"Bywong","latitude":-35.16476,"longitude":149.32892},{"id":4514,"name":"Cabarita","latitude":-33.84721,"longitude":151.11638},{"id":4517,"name":"Cabonne","latitude":-33.11076,"longitude":148.82694},{"id":4520,"name":"Cabramatta","latitude":-33.89743,"longitude":150.93446},{"id":4521,"name":"Cabramatta West","latitude":-33.89303,"longitude":150.9119},{"id":4522,"name":"Caddens","latitude":-33.77415,"longitude":150.74126},{"id":4527,"name":"Calala","latitude":-31.17356,"longitude":150.98059},{"id":4531,"name":"Callaghan","latitude":-32.89205,"longitude":151.70531},{"id":4532,"name":"Callala Bay","latitude":-34.99668,"longitude":150.72281},{"id":4538,"name":"Cambewarra Village","latitude":-34.82335,"longitude":150.5594},{"id":4542,"name":"Cambridge Gardens","latitude":-33.73801,"longitude":150.72075},{"id":4543,"name":"Cambridge Park","latitude":-33.74784,"longitude":150.72208},{"id":4544,"name":"Camden","latitude":-34.0161,"longitude":150.72521},{"id":4545,"name":"Camden Haven","latitude":-31.64484,"longitude":152.79462},{"id":4547,"name":"Camden South","latitude":-34.08312,"longitude":150.69491},{"id":4548,"name":"Cameron Park","latitude":-32.90701,"longitude":151.60528},{"id":4551,"name":"Cammeray","latitude":-33.82132,"longitude":151.21609},{"id":4558,"name":"Campbelltown","latitude":-34.06667,"longitude":150.81667},{"id":4560,"name":"Campbelltown Municipality","latitude":-34.08333,"longitude":150.83333},{"id":4561,"name":"Camperdown","latitude":-33.88965,"longitude":151.17642},{"id":4563,"name":"Campsie","latitude":-33.9125,"longitude":151.10279},{"id":4564,"name":"Canada Bay","latitude":-33.8659,"longitude":151.11591},{"id":4567,"name":"Canley Heights","latitude":-33.88262,"longitude":150.92408},{"id":4568,"name":"Canley Vale","latitude":-33.88657,"longitude":150.94802},{"id":4574,"name":"Canowindra","latitude":-33.56247,"longitude":148.66434},{"id":4576,"name":"Canterbury","latitude":-33.91192,"longitude":151.11862},{"id":4577,"name":"Canton Beach","latitude":-33.27443,"longitude":151.54614},{"id":4585,"name":"Cardiff","latitude":-32.94201,"longitude":151.6544},{"id":4586,"name":"Cardiff Heights","latitude":-32.93626,"longitude":151.67227},{"id":4587,"name":"Cardiff South","latitude":-32.9547,"longitude":151.66446},{"id":4595,"name":"Caringbah","latitude":-34.03534,"longitude":151.12468},{"id":4596,"name":"Caringbah South","latitude":-34.05662,"longitude":151.12149},{"id":4598,"name":"Carlingford","latitude":-33.78269,"longitude":151.04888},{"id":4601,"name":"Carlton","latitude":-33.97107,"longitude":151.12136},{"id":4606,"name":"Carnes Hill","latitude":-33.93846,"longitude":150.84881},{"id":4609,"name":"Carramar","latitude":-33.88382,"longitude":150.96153},{"id":4612,"name":"Carrathool","latitude":-33.62571,"longitude":145.42523},{"id":4613,"name":"Carrington","latitude":-32.91501,"longitude":151.76436},{"id":4617,"name":"Carss Park","latitude":-33.98667,"longitude":151.11734},{"id":4618,"name":"Cartwright","latitude":-33.92498,"longitude":150.88951},{"id":4619,"name":"Carwoola","latitude":-35.37836,"longitude":149.3215},{"id":4623,"name":"Casino","latitude":-28.85819,"longitude":153.04748},{"id":4626,"name":"Castle Cove","latitude":-33.78655,"longitude":151.20925},{"id":4627,"name":"Castle Hill","latitude":-33.73333,"longitude":151.0},{"id":4628,"name":"Castlecrag","latitude":-33.79987,"longitude":151.2231},{"id":4630,"name":"Castlereagh","latitude":-33.68981,"longitude":150.67887},{"id":4632,"name":"Casuarina","latitude":-28.30042,"longitude":153.57064},{"id":4634,"name":"Casula","latitude":-33.95222,"longitude":150.89949},{"id":4635,"name":"Catalina","latitude":-35.73,"longitude":150.18494},{"id":4636,"name":"Catherine Field","latitude":-34.00439,"longitude":150.77253},{"id":4642,"name":"Caves Beach","latitude":-33.10637,"longitude":151.64402},{"id":4643,"name":"Cecil Hills","latitude":-33.88917,"longitude":150.85137},{"id":4648,"name":"Centennial Park","latitude":-33.89794,"longitude":151.23364},{"id":4650,"name":"Central Darling","latitude":-31.77155,"longitude":143.62569},{"id":4655,"name":"Cessnock","latitude":-32.89391,"longitude":151.21234},{"id":4657,"name":"Chain Valley Bay","latitude":-33.17241,"longitude":151.57143},{"id":4665,"name":"Charlestown","latitude":-32.96828,"longitude":151.69318},{"id":4668,"name":"Charmhaven","latitude":-33.22671,"longitude":151.50284},{"id":4672,"name":"Chatswood","latitude":-33.8,"longitude":151.18333},{"id":4673,"name":"Chatswood West","latitude":-33.79402,"longitude":151.16492},{"id":4683,"name":"Cherrybrook","latitude":-33.72197,"longitude":151.04607},{"id":4684,"name":"Chester Hill","latitude":-33.87896,"longitude":150.99945},{"id":4688,"name":"Chifley","latitude":-33.96696,"longitude":151.24221},{"id":4693,"name":"Chinderah","latitude":-28.25456,"longitude":153.53712},{"id":4694,"name":"Chippendale","latitude":-33.88673,"longitude":151.19745},{"id":4695,"name":"Chipping Norton","latitude":-33.91801,"longitude":150.95927},{"id":4698,"name":"Chiswick","latitude":-33.84996,"longitude":151.13846},{"id":4699,"name":"Chittaway Bay","latitude":-33.32769,"longitude":151.42971},{"id":4712,"name":"City of Sydney","latitude":-33.86778,"longitude":151.20844},{"id":4719,"name":"Claremont Meadows","latitude":-33.77587,"longitude":150.75193},{"id":4723,"name":"Clarence Town","latitude":-32.58395,"longitude":151.77757},{"id":4724,"name":"Clarence Valley","latitude":-29.69444,"longitude":152.78156},{"id":4729,"name":"Claymore","latitude":-34.04649,"longitude":150.81114},{"id":4734,"name":"Clemton Park","latitude":-33.92616,"longitude":151.10406},{"id":4745,"name":"Clontarf","latitude":-33.80554,"longitude":151.25367},{"id":4746,"name":"Clovelly","latitude":-33.91214,"longitude":151.25882},{"id":4752,"name":"Coal Point","latitude":-33.04225,"longitude":151.61159},{"id":4753,"name":"Cobar","latitude":-31.96613,"longitude":145.36063},{"id":4754,"name":"Cobbitty","latitude":-34.01592,"longitude":150.67854},{"id":4763,"name":"Coffs Harbour","latitude":-30.17294,"longitude":153.03262},{"id":4768,"name":"Coleambally","latitude":-34.80388,"longitude":145.88036},{"id":4769,"name":"Colebee","latitude":-33.72769,"longitude":150.84743},{"id":4770,"name":"Coledale","latitude":-34.29105,"longitude":150.9447},{"id":4771,"name":"Collaroy","latitude":-33.73205,"longitude":151.30118},{"id":4772,"name":"Collaroy Plateau","latitude":-33.72884,"longitude":151.29075},{"id":4779,"name":"Colo Vale","latitude":-34.40095,"longitude":150.48573},{"id":4781,"name":"Colyton","latitude":-33.78283,"longitude":150.79679},{"id":4782,"name":"Como","latitude":-33.99941,"longitude":151.06389},{"id":4784,"name":"Concord","latitude":-33.84722,"longitude":151.10381},{"id":4785,"name":"Concord West","latitude":-33.84809,"longitude":151.08609},{"id":4786,"name":"Condell Park","latitude":-33.92458,"longitude":151.01093},{"id":4788,"name":"Condobolin","latitude":-33.08877,"longitude":147.15139},{"id":4790,"name":"Coniston","latitude":-34.45,"longitude":150.88333},{"id":4791,"name":"Connells Point","latitude":-33.98827,"longitude":151.09094},{"id":4793,"name":"Constitution Hill","latitude":-33.79259,"longitude":150.97627},{"id":4798,"name":"Coogee","latitude":-33.9205,"longitude":151.25522},{"id":4801,"name":"Cooks Hill","latitude":-32.93244,"longitude":151.77114},{"id":4803,"name":"Coolah","latitude":-31.82787,"longitude":149.71564},{"id":4804,"name":"Coolamon","latitude":-34.60046,"longitude":147.13707},{"id":4813,"name":"Cooma","latitude":-36.23517,"longitude":149.12408},{"id":4819,"name":"Coonabarabran","latitude":-31.27734,"longitude":149.27904},{"id":4820,"name":"Coonamble","latitude":-30.86714,"longitude":148.29053},{"id":4823,"name":"Cooranbong","latitude":-33.07622,"longitude":151.45409},{"id":4828,"name":"Cootamundra","latitude":-34.64095,"longitude":148.02838},{"id":4829,"name":"Copacabana","latitude":-33.48692,"longitude":151.43587},{"id":4832,"name":"Coraki","latitude":-28.9926,"longitude":153.28374},{"id":4835,"name":"Cordeaux Heights","latitude":-34.44043,"longitude":150.83748},{"id":4837,"name":"Corindi Beach","latitude":-30.01668,"longitude":153.18555},{"id":4839,"name":"Corlette","latitude":-32.72014,"longitude":152.10846},{"id":4842,"name":"Corowa","latitude":-35.99704,"longitude":146.38552},{"id":4844,"name":"Corrimal","latitude":-34.37864,"longitude":150.90356},{"id":4849,"name":"Coutts Crossing","latitude":-29.82619,"longitude":152.89156},{"id":4854,"name":"Cowra","latitude":-33.81138,"longitude":148.78346},{"id":4871,"name":"Cranebrook","latitude":-33.7061,"longitude":150.7094},{"id":4875,"name":"Cremorne","latitude":-33.82679,"longitude":151.22633},{"id":4876,"name":"Cremorne Point","latitude":-33.84008,"longitude":151.22698},{"id":4877,"name":"Crescent Head","latitude":-31.1887,"longitude":152.97301},{"id":4880,"name":"Crestwood","latitude":-35.34844,"longitude":149.21758},{"id":4883,"name":"Cringila","latitude":-34.47131,"longitude":150.86755},{"id":4884,"name":"Cromer","latitude":-33.7312,"longitude":151.26788},{"id":4885,"name":"Cronulla","latitude":-34.06251,"longitude":151.14961},{"id":4886,"name":"Crookwell","latitude":-34.45925,"longitude":149.47137},{"id":4887,"name":"Crows Nest","latitude":-33.82494,"longitude":151.20398},{"id":4889,"name":"Croydon","latitude":-33.88333,"longitude":151.11667},{"id":4899,"name":"Culburra Beach","latitude":-34.92788,"longitude":150.75766},{"id":4900,"name":"Culcairn","latitude":-35.66669,"longitude":147.03845},{"id":4901,"name":"Cumbalum","latitude":-28.8225,"longitude":153.5284},{"id":4904,"name":"Cundletown","latitude":-31.8941,"longitude":152.52141},{"id":4906,"name":"Curl Curl","latitude":-33.76886,"longitude":151.28888},{"id":4910,"name":"Currans Hill","latitude":-34.04311,"longitude":150.77301},{"id":4918,"name":"Daceyville","latitude":-33.92879,"longitude":151.22577},{"id":4925,"name":"Dalmeny","latitude":-36.16608,"longitude":150.12912},{"id":4933,"name":"Dapto","latitude":-34.50386,"longitude":150.79416},{"id":4940,"name":"Darling Point","latitude":-33.87064,"longitude":151.23895},{"id":4941,"name":"Darlinghurst","latitude":-33.87939,"longitude":151.21925},{"id":4944,"name":"Darlington","latitude":-33.89103,"longitude":151.19548},{"id":4945,"name":"Darlington Point","latitude":-34.56942,"longitude":145.9987},{"id":4948,"name":"Davidson","latitude":-33.74297,"longitude":151.2008},{"id":4949,"name":"Davistown","latitude":-33.48559,"longitude":151.36151},{"id":4958,"name":"Dean Park","latitude":-33.73539,"longitude":150.85958},{"id":4960,"name":"Dee Why","latitude":-33.7511,"longitude":151.28886},{"id":4969,"name":"Denham Court","latitude":-33.98307,"longitude":150.84606},{"id":4970,"name":"Deniliquin","latitude":-35.53245,"longitude":144.95364},{"id":4971,"name":"Denistone","latitude":-33.79835,"longitude":151.09051},{"id":4972,"name":"Denistone East","latitude":-33.796,"longitude":151.0974},{"id":4973,"name":"Denman","latitude":-32.38788,"longitude":150.68935},{"id":4985,"name":"Dharruk","latitude":-33.74814,"longitude":150.81561},{"id":5000,"name":"Dolls Point","latitude":-33.99341,"longitude":151.14474},{"id":5011,"name":"Doonside","latitude":-33.76667,"longitude":150.86667},{"id":5012,"name":"Dora Creek","latitude":-33.08139,"longitude":151.49677},{"id":5014,"name":"Dorrigo","latitude":-30.34112,"longitude":152.71394},{"id":5016,"name":"Double Bay","latitude":-33.87782,"longitude":151.24354},{"id":5019,"name":"Douglas Park","latitude":-34.18496,"longitude":150.71449},{"id":5021,"name":"Dover Heights","latitude":-33.87083,"longitude":151.27917},{"id":5031,"name":"Drummoyne","latitude":-33.85237,"longitude":151.15491},{"id":5033,"name":"Dubbo","latitude":-32.24295,"longitude":148.60484},{"id":5034,"name":"Dudley","latitude":-32.99373,"longitude":151.72197},{"id":5038,"name":"Dulwich Hill","latitude":-33.9041,"longitude":151.13945},{"id":5042,"name":"Dundas Valley","latitude":-33.78826,"longitude":151.05261},{"id":5044,"name":"Dunedoo","latitude":-32.01634,"longitude":149.3871},{"id":5045,"name":"Dungog","latitude":-32.34619,"longitude":151.61122},{"id":5050,"name":"Dural","latitude":-33.68333,"longitude":151.01667},{"id":5056,"name":"Eagle Vale","latitude":-34.03747,"longitude":150.8136},{"id":5061,"name":"Earlwood","latitude":-33.9209,"longitude":151.12506},{"id":5062,"name":"East Albury","latitude":-36.08144,"longitude":146.92991},{"id":5065,"name":"East Ballina","latitude":-28.85709,"longitude":153.58736},{"id":5067,"name":"East Branxton","latitude":-32.65372,"longitude":151.36559},{"id":5072,"name":"East Corrimal","latitude":-34.37606,"longitude":150.91078},{"id":5077,"name":"East Gosford","latitude":-33.43874,"longitude":151.35338},{"id":5078,"name":"East Hills","latitude":-33.96099,"longitude":150.98822},{"id":5081,"name":"East Jindabyne","latitude":-36.39579,"longitude":148.65137},{"id":5082,"name":"East Kempsey","latitude":-31.08242,"longitude":152.85253},{"id":5083,"name":"East Killara","latitude":-33.75535,"longitude":151.18154},{"id":5084,"name":"East Kurrajong","latitude":-33.5055,"longitude":150.79427},{"id":5086,"name":"East Lindfield","latitude":-33.76664,"longitude":151.18685},{"id":5087,"name":"East Lismore","latitude":-28.82591,"longitude":153.2888},{"id":5089,"name":"East Maitland","latitude":-32.75,"longitude":151.58333},{"id":5093,"name":"East Ryde","latitude":-33.81031,"longitude":151.13153},{"id":5095,"name":"East Tamworth","latitude":-31.08548,"longitude":150.93721},{"id":5099,"name":"Eastlakes","latitude":-33.93196,"longitude":151.21214},{"id":5100,"name":"Eastwood","latitude":-33.79176,"longitude":151.08057},{"id":5105,"name":"Eden","latitude":-37.06675,"longitude":149.90029},{"id":5110,"name":"Edensor Park","latitude":-33.87971,"longitude":150.87778},{"id":5112,"name":"Edgecliff","latitude":-33.87952,"longitude":151.23677},{"id":5114,"name":"Edgeworth","latitude":-32.92508,"longitude":151.61612},{"id":5116,"name":"Edmondson Park","latitude":-33.95695,"longitude":150.86134},{"id":5119,"name":"Eglinton","latitude":-33.37731,"longitude":149.54654},{"id":5124,"name":"Elanora Heights","latitude":-33.70159,"longitude":151.27965},{"id":5125,"name":"Elderslie","latitude":-34.05519,"longitude":150.71367},{"id":5126,"name":"Eleebana","latitude":-32.9896,"longitude":151.63642},{"id":5127,"name":"Elermore Vale","latitude":-32.91621,"longitude":151.67665},{"id":5130,"name":"Elizabeth Bay","latitude":-33.87181,"longitude":151.22706},{"id":5134,"name":"Elizabeth Hills","latitude":-33.89863,"longitude":150.84761},{"id":5139,"name":"Ellalong","latitude":-32.91507,"longitude":151.31161},{"id":5152,"name":"Emerald Beach","latitude":-30.16388,"longitude":153.1819},{"id":5153,"name":"Emerton","latitude":-33.74411,"longitude":150.80644},{"id":5154,"name":"Empire Bay","latitude":-33.49385,"longitude":151.3629},{"id":5155,"name":"Emu Heights","latitude":-33.73453,"longitude":150.64874},{"id":5157,"name":"Emu Plains","latitude":-33.75,"longitude":150.66667},{"id":5161,"name":"Engadine","latitude":-34.06564,"longitude":151.01266},{"id":5162,"name":"Enmore","latitude":-33.9005,"longitude":151.17314},{"id":5165,"name":"Epping","latitude":-33.77271,"longitude":151.08184},{"id":5167,"name":"Erina","latitude":-33.43218,"longitude":151.38972},{"id":5169,"name":"Ermington","latitude":-33.81483,"longitude":151.05467},{"id":5171,"name":"Erskine Park","latitude":-33.81301,"longitude":150.79773},{"id":5172,"name":"Erskineville","latitude":-33.90254,"longitude":151.18579},{"id":5173,"name":"Eschol Park","latitude":-34.02982,"longitude":150.80957},{"id":5180,"name":"Estella","latitude":-35.07254,"longitude":147.35748},{"id":5183,"name":"Ettalong","latitude":-33.51301,"longitude":151.3383},{"id":5184,"name":"Ettalong Beach","latitude":-33.51058,"longitude":151.33044},{"id":5186,"name":"Eulomogo","latitude":-32.26667,"longitude":148.68333},{"id":5190,"name":"Eurobodalla","latitude":-35.93307,"longitude":149.9278},{"id":5193,"name":"Evans Head","latitude":-29.11777,"longitude":153.43072},{"id":5206,"name":"Fairfield","latitude":-33.86742,"longitude":150.90105},{"id":5208,"name":"Fairfield East","latitude":-33.86938,"longitude":150.97129},{"id":5209,"name":"Fairfield Heights","latitude":-33.86445,"longitude":150.93884},{"id":5210,"name":"Fairfield West","latitude":-33.8667,"longitude":150.917},{"id":5211,"name":"Fairlight","latitude":-33.79575,"longitude":151.27346},{"id":5213,"name":"Fairy Meadow","latitude":-34.39303,"longitude":150.89275},{"id":5217,"name":"Farmborough Heights","latitude":-34.45499,"longitude":150.81308},{"id":5220,"name":"Faulconbridge","latitude":-33.7,"longitude":150.53333},{"id":5223,"name":"Fennell Bay","latitude":-32.9922,"longitude":151.60008},{"id":5224,"name":"Fern Bay","latitude":-32.86428,"longitude":151.81307},{"id":5225,"name":"Fern Hill","latitude":-34.38294,"longitude":150.88567},{"id":5234,"name":"Figtree","latitude":-34.43556,"longitude":150.85833},{"id":5236,"name":"Fingal Bay","latitude":-32.74969,"longitude":152.17104},{"id":5237,"name":"Finley","latitude":-35.65498,"longitude":145.57106},{"id":5244,"name":"Five Dock","latitude":-33.8674,"longitude":151.12905},{"id":5247,"name":"Fletcher","latitude":-32.87232,"longitude":151.64008},{"id":5248,"name":"Flinders","latitude":-34.58333,"longitude":150.85516},{"id":5255,"name":"Floraville","latitude":-33.01116,"longitude":151.6648},{"id":5260,"name":"Forbes","latitude":-33.37898,"longitude":147.86448},{"id":5263,"name":"Forest Hill","latitude":-35.1481,"longitude":147.46707},{"id":5266,"name":"Forest Lodge","latitude":-33.88137,"longitude":151.18},{"id":5269,"name":"Forestville","latitude":-33.76667,"longitude":151.20833},{"id":5272,"name":"Forresters Beach","latitude":-33.407,"longitude":151.476},{"id":5274,"name":"Forster","latitude":-32.18136,"longitude":152.51715},{"id":5286,"name":"Frederickton","latitude":-31.03749,"longitude":152.8753},{"id":5288,"name":"Freemans Reach","latitude":-33.55794,"longitude":150.79553},{"id":5290,"name":"Frenchs Forest","latitude":-33.74821,"longitude":151.22322},{"id":5292,"name":"Freshwater","latitude":-33.77867,"longitude":151.28569},{"id":5300,"name":"Galston","latitude":-33.65297,"longitude":151.04713},{"id":5304,"name":"Garden Suburb","latitude":-32.94368,"longitude":151.68085},{"id":5307,"name":"Gateshead","latitude":-32.98208,"longitude":151.69188},{"id":5325,"name":"Georges Hall","latitude":-33.90879,"longitude":150.98852},{"id":5326,"name":"Georgetown","latitude":-32.9081,"longitude":151.73119},{"id":5329,"name":"Gerringong","latitude":-34.74702,"longitude":150.82809},{"id":5332,"name":"Gilgandra","latitude":-31.63297,"longitude":148.70354},{"id":5335,"name":"Gillieston Heights","latitude":-32.76164,"longitude":151.52863},{"id":5341,"name":"Girards Hill","latitude":-28.81693,"longitude":153.27786},{"id":5342,"name":"Girraween","latitude":-33.799,"longitude":150.943},{"id":5346,"name":"Gladesville","latitude":-33.83333,"longitude":151.13333},{"id":5353,"name":"Glebe","latitude":-33.87884,"longitude":151.18426},{"id":5354,"name":"Glen Alpine","latitude":-34.086,"longitude":150.78512},{"id":5359,"name":"Glen Innes","latitude":-29.73485,"longitude":151.7385},{"id":5360,"name":"Glen Innes Severn","latitude":-29.63116,"longitude":151.93957},{"id":5366,"name":"Glenbrook","latitude":-33.76667,"longitude":150.61667},{"id":5367,"name":"Glendale","latitude":-32.93194,"longitude":151.64103},{"id":5369,"name":"Glendenning","latitude":-33.7483,"longitude":150.85411},{"id":5378,"name":"Glenfield","latitude":-33.96667,"longitude":150.9},{"id":5379,"name":"Glenfield Park","latitude":-35.13725,"longitude":147.33285},{"id":5382,"name":"Glenhaven","latitude":-33.7,"longitude":151.0},{"id":5383,"name":"Glenmore Park","latitude":-33.79068,"longitude":150.6693},{"id":5384,"name":"Glenning Valley","latitude":-33.35369,"longitude":151.42623},{"id":5386,"name":"Glenorie","latitude":-33.60177,"longitude":151.00886},{"id":5388,"name":"Glenroy","latitude":-36.05021,"longitude":146.91058},{"id":5393,"name":"Glenwood","latitude":-33.73333,"longitude":150.93284},{"id":5394,"name":"Glossodia","latitude":-33.53618,"longitude":150.7739},{"id":5395,"name":"Gloucester","latitude":-32.0077,"longitude":151.9633},{"id":5399,"name":"Gol Gol","latitude":-34.17388,"longitude":142.22187},{"id":5411,"name":"Googong","latitude":-35.43873,"longitude":149.2131},{"id":5416,"name":"Goonellabah","latitude":-28.81667,"longitude":153.31667},{"id":5418,"name":"Gordon","latitude":-33.75535,"longitude":151.15115},{"id":5423,"name":"Gorokan","latitude":-33.25764,"longitude":151.5097},{"id":5424,"name":"Gosford","latitude":-33.4244,"longitude":151.34399},{"id":5426,"name":"Goulburn","latitude":-34.75155,"longitude":149.72086},{"id":5427,"name":"Goulburn Mulwaree","latitude":-34.9025,"longitude":149.902},{"id":5434,"name":"Grafton","latitude":-29.68104,"longitude":152.93394},{"id":5439,"name":"Granville","latitude":-33.8406,"longitude":151.00748},{"id":5442,"name":"Grasmere","latitude":-34.05392,"longitude":150.66602},{"id":5444,"name":"Grays Point","latitude":-34.05873,"longitude":151.08604},{"id":5448,"name":"Greater Hume Shire","latitude":-35.75837,"longitude":147.19731},{"id":5450,"name":"Green Valley","latitude":-33.90292,"longitude":150.86713},{"id":5451,"name":"Greenacre","latitude":-33.90034,"longitude":151.05563},{"id":5454,"name":"Greenfield Park","latitude":-33.87461,"longitude":150.89189},{"id":5462,"name":"Greenwell Point","latitude":-34.90751,"longitude":150.73113},{"id":5463,"name":"Greenwich","latitude":-33.83954,"longitude":151.183},{"id":5466,"name":"Gregory Hills","latitude":-34.02673,"longitude":150.7707},{"id":5467,"name":"Grenfell","latitude":-33.89549,"longitude":148.16438},{"id":5468,"name":"Greta","latitude":-32.67783,"longitude":151.38924},{"id":5469,"name":"Greystanes","latitude":-33.82346,"longitude":150.94607},{"id":5471,"name":"Griffith","latitude":-34.33448,"longitude":146.02295},{"id":5473,"name":"Grose Vale","latitude":-33.58331,"longitude":150.6744},{"id":5476,"name":"Guildford West","latitude":-33.84939,"longitude":150.96475},{"id":5478,"name":"Gulgong","latitude":-32.36253,"longitude":149.53201},{"id":5480,"name":"Gulmarrad","latitude":-29.487,"longitude":153.23341},{"id":5483,"name":"Gundagai","latitude":-35.02623,"longitude":148.13457},{"id":5484,"name":"Gundaroo","latitude":-35.03333,"longitude":149.25},{"id":5487,"name":"Gunnedah","latitude":-31.02404,"longitude":150.11548},{"id":5488,"name":"Guyra","latitude":-30.2168,"longitude":151.66785},{"id":5489,"name":"Gwandalan","latitude":-33.13538,"longitude":151.58285},{"id":5491,"name":"Gwydir","latitude":-29.49806,"longitude":150.53813},{"id":5492,"name":"Gwynneville","latitude":-34.41667,"longitude":150.8875},{"id":5493,"name":"Gymea","latitude":-34.03637,"longitude":151.08528},{"id":5494,"name":"Gymea Bay","latitude":-34.05209,"longitude":151.08795},{"id":5497,"name":"Haberfield","latitude":-33.88296,"longitude":151.14389},{"id":5505,"name":"Halekulani","latitude":-33.21914,"longitude":151.55251},{"id":5512,"name":"Hamilton","latitude":-32.92207,"longitude":151.74711},{"id":5516,"name":"Hamlyn Terrace","latitude":-33.25125,"longitude":151.47627},{"id":5518,"name":"Hammondville","latitude":-33.94827,"longitude":150.95211},{"id":5524,"name":"Hanwood","latitude":-34.33095,"longitude":146.04137},{"id":5527,"name":"Harrington","latitude":-31.88306,"longitude":152.65924},{"id":5528,"name":"Harrington Park","latitude":-34.02405,"longitude":150.73501},{"id":5529,"name":"Harris Park","latitude":-33.82285,"longitude":151.00781},{"id":5534,"name":"Hassall Grove","latitude":-33.73349,"longitude":150.83542},{"id":5539,"name":"Hawkesbury","latitude":-33.34078,"longitude":150.783},{"id":5540,"name":"Hawks Nest","latitude":-32.66755,"longitude":152.17831},{"id":5547,"name":"Hay","latitude":-34.54276,"longitude":144.83826},{"id":5550,"name":"Haymarket","latitude":-33.87868,"longitude":151.20526},{"id":5551,"name":"Hazelbrook","latitude":-33.72446,"longitude":150.45839},{"id":5556,"name":"Heathcote","latitude":-34.0841,"longitude":151.01305},{"id":5563,"name":"Hebersham","latitude":-33.74582,"longitude":150.82385},{"id":5564,"name":"Heckenberg","latitude":-33.90828,"longitude":150.88982},{"id":5566,"name":"Heddon Greta","latitude":-32.80204,"longitude":151.51327},{"id":5571,"name":"Helensburgh","latitude":-34.17836,"longitude":150.99522},{"id":5579,"name":"Henty","latitude":-35.52094,"longitude":147.03426},{"id":5604,"name":"Hill Top","latitude":-34.34792,"longitude":150.4955},{"id":5611,"name":"Hillsdale","latitude":-33.95151,"longitude":151.22784},{"id":5613,"name":"Hillston","latitude":-33.48266,"longitude":145.53525},{"id":5614,"name":"Hillvue","latitude":-31.12756,"longitude":150.90711},{"id":5617,"name":"Hinchinbrook","latitude":-33.91878,"longitude":150.86314},{"id":5623,"name":"Hobartville","latitude":-33.60435,"longitude":150.74299},{"id":5627,"name":"Holbrook","latitude":-35.721,"longitude":147.31605},{"id":5635,"name":"Holmesville","latitude":-32.91667,"longitude":151.58333},{"id":5637,"name":"Holroyd","latitude":-33.83078,"longitude":150.99725},{"id":5638,"name":"Holsworthy","latitude":-33.98333,"longitude":150.96667},{"id":5642,"name":"Homebush","latitude":-33.86667,"longitude":151.08333},{"id":5643,"name":"Homebush West","latitude":-33.86269,"longitude":151.06696},{"id":5648,"name":"Horningsea Park","latitude":-33.94341,"longitude":150.84528},{"id":5649,"name":"Hornsby","latitude":-33.70244,"longitude":151.09931},{"id":5650,"name":"Hornsby Heights","latitude":-33.6713,"longitude":151.09428},{"id":5651,"name":"Hornsby Shire","latitude":-33.58315,"longitude":151.10953},{"id":5653,"name":"Horsley","latitude":-34.48763,"longitude":150.77799},{"id":5654,"name":"Horsley Park","latitude":-33.84322,"longitude":150.84889},{"id":5659,"name":"Howlong","latitude":-35.98197,"longitude":146.63248},{"id":5661,"name":"Hoxton Park","latitude":-33.93126,"longitude":150.85412},{"id":5667,"name":"Hunters Hill","latitude":-33.83437,"longitude":151.1451},{"id":5668,"name":"Hunterview","latitude":-32.54343,"longitude":151.17717},{"id":149308,"name":"Huntingwood","latitude":-33.7975932,"longitude":150.874809},{"id":5675,"name":"Hurlstone Park","latitude":-33.90988,"longitude":151.12867},{"id":5677,"name":"Hurstville","latitude":-33.9677,"longitude":151.10149},{"id":5678,"name":"Hurstville Grove","latitude":-33.97993,"longitude":151.09029},{"id":5682,"name":"Illawong","latitude":-34.0,"longitude":151.03333},{"id":5684,"name":"Iluka","latitude":-29.40147,"longitude":153.35112},{"id":5691,"name":"Ingleburn","latitude":-34.0,"longitude":150.86667},{"id":5697,"name":"Inverell","latitude":-29.31526,"longitude":151.04187},{"id":5709,"name":"Islington","latitude":-32.91388,"longitude":151.74739},{"id":5716,"name":"Jamberoo","latitude":-34.64745,"longitude":150.77464},{"id":5719,"name":"Jamisontown","latitude":-33.76797,"longitude":150.67681},{"id":5724,"name":"Jannali","latitude":-34.01643,"longitude":151.06065},{"id":5727,"name":"Jerilderie","latitude":-35.35757,"longitude":145.72962},{"id":5728,"name":"Jerrabomberra","latitude":-35.38441,"longitude":149.20248},{"id":5730,"name":"Jesmond","latitude":-32.90275,"longitude":151.69072},{"id":5731,"name":"Jewells","latitude":-33.01386,"longitude":151.68308},{"id":5732,"name":"Jilliby","latitude":-33.22605,"longitude":151.41684},{"id":5734,"name":"Jindabyne","latitude":-36.41745,"longitude":148.62254},{"id":5737,"name":"Jindera","latitude":-35.95474,"longitude":146.88852},{"id":5743,"name":"Jordan Springs","latitude":-33.72138,"longitude":150.72873},{"id":5748,"name":"Junction Hill","latitude":-29.64113,"longitude":152.92491},{"id":5750,"name":"Junee","latitude":-34.86819,"longitude":147.58273},{"id":5754,"name":"Kahibah","latitude":-32.96175,"longitude":151.71251},{"id":5772,"name":"Kanahooka","latitude":-34.4916,"longitude":150.80817},{"id":5773,"name":"Kandos","latitude":-32.85772,"longitude":149.96832},{"id":5779,"name":"Kanwal","latitude":-33.253,"longitude":151.4911},{"id":5780,"name":"Kapooka","latitude":-35.15693,"longitude":147.28439},{"id":5782,"name":"Karabar","latitude":-35.37595,"longitude":149.2328},{"id":5788,"name":"Kareela","latitude":-34.01336,"longitude":151.08345},{"id":5789,"name":"Kariong","latitude":-33.43972,"longitude":151.29453},{"id":5794,"name":"Karuah","latitude":-32.65389,"longitude":151.9604},{"id":5800,"name":"Katoomba","latitude":-33.71977,"longitude":150.30739},{"id":5805,"name":"Kearns","latitude":-34.02191,"longitude":150.80082},{"id":5812,"name":"Keiraville","latitude":-34.41667,"longitude":150.86667},{"id":5815,"name":"Kellyville","latitude":-33.71028,"longitude":150.95095},{"id":5816,"name":"Kellyville Ridge","latitude":-33.70156,"longitude":150.9179},{"id":5818,"name":"Kelso","latitude":-33.41667,"longitude":149.6},{"id":5821,"name":"Kemps Creek","latitude":-33.88059,"longitude":150.78761},{"id":5822,"name":"Kempsey","latitude":-30.90553,"longitude":152.68608},{"id":5823,"name":"Kendall","latitude":-31.63295,"longitude":152.70393},{"id":5828,"name":"Kensington","latitude":-33.92019,"longitude":151.22241},{"id":5834,"name":"Kenthurst","latitude":-33.65527,"longitude":151.00503},{"id":5842,"name":"Kew","latitude":-31.63602,"longitude":152.72662},{"id":5848,"name":"Kiama","latitude":-34.67124,"longitude":150.84572},{"id":5849,"name":"Kiama Downs","latitude":-34.63341,"longitude":150.85456},{"id":5852,"name":"Kilaben Bay","latitude":-33.02395,"longitude":151.59197},{"id":5856,"name":"Killara","latitude":-33.76604,"longitude":151.16213},{"id":5857,"name":"Killarney Heights","latitude":-33.77451,"longitude":151.22028},{"id":5858,"name":"Killarney Vale","latitude":-33.36319,"longitude":151.45799},{"id":5864,"name":"King Creek","latitude":-31.49237,"longitude":152.75658},{"id":5871,"name":"Kings Langley","latitude":-33.75005,"longitude":150.93542},{"id":5873,"name":"Kings Park","latitude":-33.7432,"longitude":150.90761},{"id":5876,"name":"Kingscliff","latitude":-28.25983,"longitude":153.57816},{"id":5878,"name":"Kingsford","latitude":-33.92399,"longitude":151.22749},{"id":5879,"name":"Kingsgrove","latitude":-33.93932,"longitude":151.09928},{"id":5890,"name":"Kingswood Park","latitude":-33.76651,"longitude":150.7144},{"id":5894,"name":"Kirrawee","latitude":-34.03831,"longitude":151.06903},{"id":5895,"name":"Kirribilli","latitude":-33.84867,"longitude":151.2162},{"id":5901,"name":"Kogarah","latitude":-33.9681,"longitude":151.13564},{"id":5902,"name":"Kogarah Bay","latitude":-33.97951,"longitude":151.12119},{"id":5906,"name":"Koonawarra","latitude":-34.50212,"longitude":150.80855},{"id":5911,"name":"Kooringal","latitude":-35.14069,"longitude":147.3768},{"id":5912,"name":"Kootingal","latitude":-31.05857,"longitude":151.0535},{"id":5914,"name":"Korora","latitude":-30.2462,"longitude":153.11487},{"id":5916,"name":"Kosciuszko National Park","latitude":-36.26436,"longitude":148.48179},{"id":5917,"name":"Kotara","latitude":-32.94282,"longitude":151.69585},{"id":5918,"name":"Kotara South","latitude":-32.95261,"longitude":151.69076},{"id":5920,"name":"Ku-ring-gai","latitude":-33.72701,"longitude":151.14877},{"id":5926,"name":"Kurnell","latitude":-34.01088,"longitude":151.20512},{"id":5927,"name":"Kurraba Point","latitude":-33.84235,"longitude":151.22256},{"id":5928,"name":"Kurrajong Heights","latitude":-33.52772,"longitude":150.62907},{"id":5930,"name":"Kurri Kurri","latitude":-32.81933,"longitude":151.47908},{"id":5935,"name":"Kyle Bay","latitude":-33.98787,"longitude":151.09939},{"id":5937,"name":"Kyogle","latitude":-28.64643,"longitude":152.77871},{"id":5939,"name":"Lachlan","latitude":-32.79999,"longitude":146.87556},{"id":5941,"name":"Lake Albert","latitude":-35.16667,"longitude":147.38333},{"id":5942,"name":"Lake Cargelligo","latitude":-33.29884,"longitude":146.37296},{"id":5943,"name":"Lake Cathie","latitude":-31.55183,"longitude":152.85465},{"id":5946,"name":"Lake Haven","latitude":-33.24303,"longitude":151.50434},{"id":5947,"name":"Lake Heights","latitude":-34.48433,"longitude":150.86649},{"id":5948,"name":"Lake Illawarra","latitude":-34.54658,"longitude":150.85645},{"id":5950,"name":"Lake Macquarie Shire","latitude":-33.03756,"longitude":151.5347},{"id":5951,"name":"Lake Munmorah","latitude":-33.19716,"longitude":151.5824},{"id":5954,"name":"Lakelands","latitude":-32.96185,"longitude":151.64972},{"id":5955,"name":"Lakemba","latitude":-33.91972,"longitude":151.07592},{"id":5957,"name":"Lakewood","latitude":-31.6321,"longitude":152.7582},{"id":5959,"name":"Lalor Park","latitude":-33.7609,"longitude":150.93123},{"id":5960,"name":"Lambton","latitude":-32.91667,"longitude":151.7},{"id":5966,"name":"Lane Cove","latitude":-33.82321,"longitude":151.17028},{"id":5967,"name":"Lane Cove North","latitude":-33.80543,"longitude":151.16638},{"id":5968,"name":"Lane Cove West","latitude":-33.81613,"longitude":151.15145},{"id":5973,"name":"Lansvale","latitude":-33.90073,"longitude":150.95078},{"id":5976,"name":"Largs","latitude":-32.7,"longitude":151.6},{"id":5990,"name":"Lavington","latitude":-36.03976,"longitude":146.93958},{"id":5992,"name":"Lawrence","latitude":-29.4921,"longitude":153.09689},{"id":5993,"name":"Lawson","latitude":-33.72064,"longitude":150.42975},{"id":5999,"name":"Leeton","latitude":-34.52967,"longitude":146.26918},{"id":6002,"name":"Leichhardt","latitude":-33.88341,"longitude":151.15625},{"id":6004,"name":"Lemon Tree Passage","latitude":-32.73047,"longitude":152.03859},{"id":6006,"name":"Lennox Head","latitude":-28.79131,"longitude":153.59201},{"id":6007,"name":"Leonay","latitude":-33.76542,"longitude":150.64806},{"id":6011,"name":"Leppington","latitude":-33.96983,"longitude":150.79675},{"id":6014,"name":"Lethbridge Park","latitude":-33.73716,"longitude":150.80042},{"id":6015,"name":"Leumeah","latitude":-34.05,"longitude":150.83333},{"id":6016,"name":"Leura","latitude":-33.71667,"longitude":150.33333},{"id":6017,"name":"Lewisham","latitude":-33.89719,"longitude":151.14883},{"id":6019,"name":"Liberty Grove","latitude":-33.84095,"longitude":151.08402},{"id":6020,"name":"Lidcombe","latitude":-33.86436,"longitude":151.0397},{"id":6022,"name":"Lightning Ridge","latitude":-29.42743,"longitude":147.97865},{"id":6023,"name":"Lilli Pilli","latitude":-34.0683,"longitude":151.11574},{"id":6025,"name":"Lilyfield","latitude":-33.87499,"longitude":151.1653},{"id":6027,"name":"Lindfield","latitude":-33.78333,"longitude":151.16667},{"id":6029,"name":"Lisarow","latitude":-33.38333,"longitude":151.36667},{"id":6030,"name":"Lismore","latitude":-28.81354,"longitude":153.2773},{"id":6031,"name":"Lismore Heights","latitude":-28.80102,"longitude":153.30048},{"id":6032,"name":"Lismore Municipality","latitude":-28.8,"longitude":153.26667},{"id":6034,"name":"Lithgow","latitude":-33.32025,"longitude":150.18584},{"id":6035,"name":"Little Bay","latitude":-33.97899,"longitude":151.24299},{"id":6040,"name":"Liverpool","latitude":-33.92418,"longitude":150.91232},{"id":6041,"name":"Liverpool Plains","latitude":-31.47024,"longitude":150.42001},{"id":6042,"name":"Llanarth","latitude":-33.39687,"longitude":149.55105},{"id":6043,"name":"Llandilo","latitude":-33.71286,"longitude":150.7465},{"id":6045,"name":"Lockhart","latitude":-35.32193,"longitude":146.79354},{"id":6052,"name":"Loftus","latitude":-34.04467,"longitude":151.04646},{"id":6060,"name":"Londonderry","latitude":-33.64656,"longitude":150.73515},{"id":6061,"name":"Long Beach","latitude":-35.70833,"longitude":150.24483},{"id":6063,"name":"Long Jetty","latitude":-33.35917,"longitude":151.48834},{"id":6067,"name":"Longueville","latitude":-33.83285,"longitude":151.16531},{"id":6069,"name":"Lorn","latitude":-32.72701,"longitude":151.57245},{"id":6083,"name":"Luddenham","latitude":-33.8785,"longitude":150.68863},{"id":6085,"name":"Lugarno","latitude":-33.98267,"longitude":151.04184},{"id":6086,"name":"Lurnea","latitude":-33.93539,"longitude":150.89673},{"id":6107,"name":"Macksville","latitude":-30.7078,"longitude":152.92029},{"id":6108,"name":"Maclean","latitude":-29.4581,"longitude":153.19753},{"id":6111,"name":"Macmasters Beach","latitude":-33.49663,"longitude":151.42215},{"id":6113,"name":"Macquarie Fields","latitude":-33.99206,"longitude":150.89307},{"id":6114,"name":"Macquarie Hills","latitude":-32.95111,"longitude":151.64461},{"id":6115,"name":"Macquarie Links","latitude":-33.98454,"longitude":150.87027},{"id":6116,"name":"Macquarie Park","latitude":-33.78105,"longitude":151.12757},{"id":6129,"name":"Maitland","latitude":-32.73308,"longitude":151.5574},{"id":6131,"name":"Maitland city centre","latitude":-32.73263,"longitude":151.55331},{"id":6130,"name":"Maitland Municipality","latitude":-32.73333,"longitude":151.55},{"id":6132,"name":"Malabar","latitude":-33.96216,"longitude":151.24796},{"id":6139,"name":"Malua Bay","latitude":-35.79382,"longitude":150.22833},{"id":6145,"name":"Mangerton","latitude":-34.43667,"longitude":150.87167},{"id":6148,"name":"Manilla","latitude":-30.74748,"longitude":150.71974},{"id":6151,"name":"Manly","latitude":-33.79798,"longitude":151.28826},{"id":6152,"name":"Manly Vale","latitude":-33.78457,"longitude":151.262},{"id":6154,"name":"Mannering Park","latitude":-33.1581,"longitude":151.53477},{"id":6169,"name":"Maraylya","latitude":-33.59221,"longitude":150.91979},{"id":6170,"name":"Marayong","latitude":-33.74824,"longitude":150.89272},{"id":6174,"name":"Mardi","latitude":-33.29368,"longitude":151.4015},{"id":6183,"name":"Marks Point","latitude":-33.05645,"longitude":151.64955},{"id":6190,"name":"Maroubra","latitude":-33.95,"longitude":151.23333},{"id":6192,"name":"Marrickville","latitude":-33.90741,"longitude":151.15546},{"id":6194,"name":"Marsfield","latitude":-33.77784,"longitude":151.10574},{"id":6196,"name":"Marulan","latitude":-34.70836,"longitude":150.00966},{"id":6199,"name":"Maryland","latitude":-32.87888,"longitude":151.66143},{"id":6200,"name":"Maryville","latitude":-32.91121,"longitude":151.75543},{"id":6201,"name":"Mascot","latitude":-33.92598,"longitude":151.19347},{"id":6203,"name":"Matraville","latitude":-33.96344,"longitude":151.23195},{"id":6208,"name":"Mayfield","latitude":-32.89793,"longitude":151.73613},{"id":6209,"name":"Mayfield East","latitude":-32.90031,"longitude":151.74972},{"id":6210,"name":"Mayfield West","latitude":-32.89195,"longitude":151.72711},{"id":6216,"name":"McGraths Hill","latitude":-33.61551,"longitude":150.83372},{"id":6223,"name":"McMahons Point","latitude":-33.84492,"longitude":151.20307},{"id":6226,"name":"Meadowbank","latitude":-33.81668,"longitude":151.08861},{"id":6232,"name":"Medowie","latitude":-32.7415,"longitude":151.8676},{"id":6237,"name":"Melrose Park","latitude":-33.81491,"longitude":151.07208},{"id":6243,"name":"Menai","latitude":-34.01667,"longitude":151.01667},{"id":6244,"name":"Menangle","latitude":-34.12675,"longitude":150.73868},{"id":6251,"name":"Merewether","latitude":-32.94801,"longitude":151.74325},{"id":6252,"name":"Merewether Heights","latitude":-32.94733,"longitude":151.73565},{"id":6254,"name":"Merimbula","latitude":-36.88901,"longitude":149.90961},{"id":6261,"name":"Merriwa","latitude":-32.13922,"longitude":150.35562},{"id":6263,"name":"Merrylands","latitude":-33.83333,"longitude":150.98333},{"id":6264,"name":"Merrylands West","latitude":-33.83269,"longitude":150.96906},{"id":6265,"name":"Metford","latitude":-32.76497,"longitude":151.6094},{"id":6271,"name":"Mid-Western Regional","latitude":-32.60202,"longitude":149.76748},{"id":6272,"name":"Middle Cove","latitude":-33.7928,"longitude":151.21248},{"id":6279,"name":"Middleton Grange","latitude":-33.91704,"longitude":150.84186},{"id":6292,"name":"Miller","latitude":-33.92089,"longitude":150.88469},{"id":6293,"name":"Millers Point","latitude":-33.85957,"longitude":151.20406},{"id":6300,"name":"Millthorpe","latitude":-33.44601,"longitude":149.18539},{"id":6301,"name":"Milperra","latitude":-33.93934,"longitude":150.98148},{"id":6302,"name":"Milsons Point","latitude":-33.846,"longitude":151.21192},{"id":6303,"name":"Milton","latitude":-35.31644,"longitude":150.4361},{"id":6305,"name":"Minchinbury","latitude":-33.78724,"longitude":150.82956},{"id":6311,"name":"Minto","latitude":-34.03333,"longitude":150.85},{"id":6314,"name":"Miranda","latitude":-34.03857,"longitude":151.10005},{"id":6324,"name":"Mitchell","latitude":-33.42732,"longitude":149.55674},{"id":6327,"name":"Mittagong","latitude":-34.45002,"longitude":150.44572},{"id":6328,"name":"Moama","latitude":-36.10413,"longitude":144.7608},{"id":6339,"name":"Mollymook","latitude":-35.34107,"longitude":150.46952},{"id":6340,"name":"Mollymook Beach","latitude":-35.32966,"longitude":150.47173},{"id":6341,"name":"Molong","latitude":-33.09233,"longitude":148.87002},{"id":6342,"name":"Mona Vale","latitude":-33.67757,"longitude":151.30307},{"id":6351,"name":"Monterey","latitude":-33.9725,"longitude":151.1481},{"id":6360,"name":"Moonbi","latitude":-31.01775,"longitude":151.07062},{"id":6361,"name":"Moonee Beach","latitude":-30.20575,"longitude":153.15293},{"id":6370,"name":"Moorebank","latitude":-33.94372,"longitude":150.95657},{"id":6380,"name":"Moree","latitude":-29.46278,"longitude":149.84157},{"id":6381,"name":"Moree Plains","latitude":-29.32131,"longitude":149.58121},{"id":6384,"name":"Morisset","latitude":-33.10801,"longitude":151.48706},{"id":6391,"name":"Morpeth","latitude":-32.73333,"longitude":151.63333},{"id":6394,"name":"Mortdale","latitude":-33.96897,"longitude":151.07231},{"id":6396,"name":"Mortlake","latitude":-33.84217,"longitude":151.10719},{"id":6397,"name":"Moruya","latitude":-35.9125,"longitude":150.08144},{"id":6399,"name":"Mosman","latitude":-33.82845,"longitude":151.24866},{"id":6401,"name":"Moss Vale","latitude":-34.55374,"longitude":150.37115},{"id":6405,"name":"Mount Annan","latitude":-34.05287,"longitude":150.75984},{"id":6406,"name":"Mount Austin","latitude":-35.13684,"longitude":147.35304},{"id":6412,"name":"Mount Colah","latitude":-33.68333,"longitude":151.11667},{"id":6418,"name":"Mount Druitt","latitude":-33.76667,"longitude":150.81667},{"id":6428,"name":"Mount Hutton","latitude":-32.98329,"longitude":151.67012},{"id":6430,"name":"Mount Keira","latitude":-34.39678,"longitude":150.85268},{"id":6431,"name":"Mount Kembla","latitude":-34.42881,"longitude":150.82161},{"id":6432,"name":"Mount Kuring-Gai","latitude":-33.64197,"longitude":151.12865},{"id":6434,"name":"Mount Lewis","latitude":-33.9175,"longitude":151.04828},{"id":6448,"name":"Mount Ousley","latitude":-34.40213,"longitude":150.88786},{"id":6452,"name":"Mount Pleasant","latitude":-34.39531,"longitude":150.86658},{"id":6453,"name":"Mount Pritchard","latitude":-33.90295,"longitude":150.90465},{"id":6456,"name":"Mount Riverview","latitude":-33.73074,"longitude":150.63532},{"id":6457,"name":"Mount Saint Thomas","latitude":-34.44333,"longitude":150.87222},{"id":6461,"name":"Mount Vernon","latitude":-33.86036,"longitude":150.81007},{"id":6463,"name":"Mount Warrigal","latitude":-34.54804,"longitude":150.83752},{"id":6469,"name":"Mudgee","latitude":-32.59426,"longitude":149.5871},{"id":6475,"name":"Mulgoa","latitude":-33.838,"longitude":150.64963},{"id":6478,"name":"Mullumbimby","latitude":-28.55236,"longitude":153.49956},{"id":6479,"name":"Mulwala","latitude":-35.98536,"longitude":146.00534},{"id":6498,"name":"Murrumbateman","latitude":-34.97199,"longitude":149.02985},{"id":6500,"name":"Murrurundi","latitude":-31.76422,"longitude":150.83575},{"id":6502,"name":"Murwillumbah","latitude":-28.32732,"longitude":153.39339},{"id":6503,"name":"Muswellbrook","latitude":-32.48935,"longitude":150.69839},{"id":6508,"name":"Nabiac","latitude":-32.09837,"longitude":152.37627},{"id":6514,"name":"Nambucca","latitude":-30.63333,"longitude":152.98333},{"id":6515,"name":"Nambucca Heads","latitude":-30.64318,"longitude":153.00884},{"id":6516,"name":"Nambucca Shire","latitude":-30.70829,"longitude":152.71024},{"id":6517,"name":"Nana Glen","latitude":-30.13333,"longitude":153.01667},{"id":6525,"name":"Narara","latitude":-33.39593,"longitude":151.33527},{"id":6526,"name":"Narellan","latitude":-34.04338,"longitude":150.73236},{"id":6527,"name":"Narellan Vale","latitude":-34.04974,"longitude":150.74392},{"id":6529,"name":"Naremburn","latitude":-33.81698,"longitude":151.20079},{"id":6530,"name":"Narooma","latitude":-36.21783,"longitude":150.13247},{"id":6531,"name":"Narrabeen","latitude":-33.71277,"longitude":151.29736},{"id":6532,"name":"Narrabri","latitude":-30.32779,"longitude":149.60242},{"id":6534,"name":"Narrandera","latitude":-34.59107,"longitude":146.53197},{"id":6535,"name":"Narrawallee","latitude":-35.31243,"longitude":150.46351},{"id":6536,"name":"Narraweena","latitude":-33.75519,"longitude":151.27659},{"id":6541,"name":"Narromine","latitude":-32.23174,"longitude":147.97591},{"id":6542,"name":"Narwee","latitude":-33.94653,"longitude":151.06919},{"id":6549,"name":"Nelson Bay","latitude":-32.72043,"longitude":152.14398},{"id":6553,"name":"Neutral Bay","latitude":-33.83784,"longitude":151.2175},{"id":6558,"name":"New Lambton","latitude":-32.92838,"longitude":151.7085},{"id":6559,"name":"New Lambton Heights","latitude":-32.92466,"longitude":151.69364},{"id":6563,"name":"Newcastle","latitude":-32.92953,"longitude":151.7801},{"id":6565,"name":"Newcastle city centre","latitude":-32.92885,"longitude":151.7774},{"id":6564,"name":"Newcastle East","latitude":-32.92771,"longitude":151.7884},{"id":6568,"name":"Newington","latitude":-33.83488,"longitude":151.05703},{"id":6572,"name":"Newport","latitude":-33.65639,"longitude":151.31401},{"id":6578,"name":"Newtown","latitude":-33.89835,"longitude":151.17754},{"id":6586,"name":"Niagara Park","latitude":-33.37638,"longitude":151.3486},{"id":6594,"name":"Nimbin","latitude":-28.59545,"longitude":153.22336},{"id":6605,"name":"Noraville","latitude":-33.26785,"longitude":151.55352},{"id":6609,"name":"Normanhurst","latitude":-33.7237,"longitude":151.09576},{"id":6613,"name":"North Albury","latitude":-36.05745,"longitude":146.92995},{"id":6614,"name":"North Avoca","latitude":-33.45608,"longitude":151.43511},{"id":6615,"name":"North Balgowlah","latitude":-33.78631,"longitude":151.24801},{"id":6618,"name":"North Boambee Valley","latitude":-30.31295,"longitude":153.06925},{"id":6619,"name":"North Bondi","latitude":-33.88787,"longitude":151.28075},{"id":6625,"name":"North Curl Curl","latitude":-33.76434,"longitude":151.29727},{"id":6626,"name":"North Epping","latitude":-33.75944,"longitude":151.09248},{"id":6629,"name":"North Gosford","latitude":-33.414,"longitude":151.3516},{"id":6630,"name":"North Haven","latitude":-31.6368,"longitude":152.81357},{"id":6636,"name":"North Lambton","latitude":-32.90605,"longitude":151.70574},{"id":6639,"name":"North Manly","latitude":-33.77561,"longitude":151.26921},{"id":6641,"name":"North Narrabeen","latitude":-33.70935,"longitude":151.29607},{"id":6642,"name":"North Nowra","latitude":-34.85822,"longitude":150.57479},{"id":6643,"name":"North Parramatta","latitude":-33.79351,"longitude":151.00124},{"id":6646,"name":"North Richmond","latitude":-33.58117,"longitude":150.71942},{"id":6647,"name":"North Rocks","latitude":-33.77223,"longitude":151.01718},{"id":6648,"name":"North Ryde","latitude":-33.79677,"longitude":151.12436},{"id":6649,"name":"North St Marys","latitude":-33.75491,"longitude":150.78435},{"id":6650,"name":"North Strathfield","latitude":-33.85693,"longitude":151.09124},{"id":6651,"name":"North Sydney","latitude":-33.83422,"longitude":151.21019},{"id":6652,"name":"North Tamworth","latitude":-31.07862,"longitude":150.92219},{"id":6654,"name":"North Turramurra","latitude":-33.71313,"longitude":151.14638},{"id":6655,"name":"North Wahroonga","latitude":-33.70531,"longitude":151.12278},{"id":6658,"name":"North Willoughby","latitude":-33.79563,"longitude":151.20067},{"id":6659,"name":"North Wollongong","latitude":-34.40569,"longitude":150.89763},{"id":6663,"name":"Northbridge","latitude":-33.81313,"longitude":151.21728},{"id":6672,"name":"Northmead","latitude":-33.78378,"longitude":150.99858},{"id":6679,"name":"Nowra","latitude":-34.88422,"longitude":150.60036},{"id":6680,"name":"Nowra Hill","latitude":-34.92845,"longitude":150.57243},{"id":6689,"name":"Nyngan","latitude":-31.56375,"longitude":147.19373},{"id":6693,"name":"Oak Flats","latitude":-34.56229,"longitude":150.82193},{"id":6695,"name":"Oakdale","latitude":-34.0793,"longitude":150.5132},{"id":6701,"name":"Oakhurst","latitude":-33.73883,"longitude":150.83837},{"id":6706,"name":"Oakville","latitude":-33.61558,"longitude":150.88006},{"id":6707,"name":"Oatlands","latitude":-33.79595,"longitude":151.02712},{"id":6708,"name":"Oatley","latitude":-33.98004,"longitude":151.07201},{"id":6709,"name":"Oberon","latitude":-33.84531,"longitude":149.81795},{"id":6712,"name":"Ocean Shores","latitude":-28.5093,"longitude":153.5376},{"id":6714,"name":"Old Bar","latitude":-31.9694,"longitude":152.58807},{"id":6716,"name":"Old Erowal Bay","latitude":-35.0846,"longitude":150.64568},{"id":6717,"name":"Old Guildford","latitude":-33.86429,"longitude":150.98395},{"id":6720,"name":"Old Toongabbie","latitude":-33.78763,"longitude":150.96897},{"id":6729,"name":"Oran Park","latitude":-34.00564,"longitude":150.74032},{"id":6731,"name":"Orange","latitude":-33.28397,"longitude":149.10018},{"id":6732,"name":"Orange Municipality","latitude":-33.32834,"longitude":149.12294},{"id":6733,"name":"Orangeville","latitude":-34.03108,"longitude":150.60179},{"id":6735,"name":"Orchard Hills","latitude":-33.7823,"longitude":150.71088},{"id":6745,"name":"Ourimbah","latitude":-33.31424,"longitude":151.33031},{"id":6750,"name":"Oxley Park","latitude":-33.77072,"longitude":150.79502},{"id":6751,"name":"Oxley Vale","latitude":-31.06316,"longitude":150.9006},{"id":6752,"name":"Oyster Bay","latitude":-34.00407,"longitude":151.07588},{"id":6757,"name":"Paddington","latitude":-33.88419,"longitude":151.23151},{"id":6759,"name":"Padstow","latitude":-33.95687,"longitude":151.03191},{"id":6760,"name":"Padstow Heights","latitude":-33.9674,"longitude":151.03991},{"id":6762,"name":"Pagewood","latitude":-33.94137,"longitude":151.21093},{"id":6766,"name":"Palm Beach","latitude":-33.59664,"longitude":151.32384},{"id":6773,"name":"Panania","latitude":-33.95366,"longitude":150.99733},{"id":6794,"name":"Parkes","latitude":-32.82318,"longitude":148.02514},{"id":6797,"name":"Parklea","latitude":-33.72439,"longitude":150.9182},{"id":6805,"name":"Parramatta","latitude":-33.81248,"longitude":151.00262},{"id":6816,"name":"Peak Hill","latitude":-32.72387,"longitude":148.19052},{"id":6817,"name":"Peakhurst","latitude":-33.96288,"longitude":151.05161},{"id":6818,"name":"Peakhurst Heights","latitude":-33.97735,"longitude":151.05557},{"id":6826,"name":"Pemulwuy","latitude":-33.82274,"longitude":150.92395},{"id":6827,"name":"Pendle Hill","latitude":-33.80402,"longitude":150.95543},{"id":6829,"name":"Pennant Hills","latitude":-33.73783,"longitude":151.07216},{"id":6832,"name":"Penrith","latitude":-33.75,"longitude":150.7},{"id":6833,"name":"Penrith Municipality","latitude":-33.75,"longitude":150.7},{"id":6834,"name":"Penshurst","latitude":-33.96667,"longitude":151.08333},{"id":6844,"name":"Petersham","latitude":-33.8946,"longitude":151.15495},{"id":6847,"name":"Phillip","latitude":-31.13333,"longitude":150.85},{"id":6853,"name":"Picnic Point","latitude":-33.98062,"longitude":150.99661},{"id":6854,"name":"Picton","latitude":-34.16995,"longitude":150.61168},{"id":6862,"name":"Pitt Town","latitude":-33.58718,"longitude":150.85857},{"id":6869,"name":"Plumpton","latitude":-33.75184,"longitude":150.83686},{"id":6872,"name":"Point Clare","latitude":-33.44378,"longitude":151.32732},{"id":6874,"name":"Point Frederick","latitude":-33.44036,"longitude":151.34322},{"id":6876,"name":"Point Piper","latitude":-33.86667,"longitude":151.25},{"id":6878,"name":"Pokolbin","latitude":-32.8,"longitude":151.28333},{"id":6891,"name":"Port Hacking","latitude":-34.06791,"longitude":151.12561},{"id":6893,"name":"Port Kembla","latitude":-34.4818,"longitude":150.9012},{"id":6896,"name":"Port Macquarie","latitude":-31.43084,"longitude":152.90894},{"id":6897,"name":"Port Macquarie-Hastings","latitude":-31.42106,"longitude":152.51916},{"id":6907,"name":"Port Stephens Shire","latitude":-32.72855,"longitude":151.89952},{"id":6910,"name":"Portland","latitude":-33.35709,"longitude":149.98148},{"id":6912,"name":"Potts Point","latitude":-33.86701,"longitude":151.22586},{"id":6913,"name":"Pottsville","latitude":-28.3874,"longitude":153.55857},{"id":6914,"name":"Pottsville Beach","latitude":-28.38853,"longitude":153.56564},{"id":6916,"name":"Prairiewood","latitude":-33.86325,"longitude":150.90521},{"id":6918,"name":"Prestons","latitude":-33.94185,"longitude":150.8717},{"id":6919,"name":"Primbee","latitude":-34.50358,"longitude":150.8795},{"id":6923,"name":"Prospect","latitude":-33.80154,"longitude":150.91358},{"id":6927,"name":"Punchbowl","latitude":-33.92893,"longitude":151.05111},{"id":6928,"name":"Putney","latitude":-33.82613,"longitude":151.1063},{"id":6929,"name":"Pymble","latitude":-33.74386,"longitude":151.14188},{"id":6931,"name":"Pyrmont","latitude":-33.86985,"longitude":151.19402},{"id":6933,"name":"Quakers Hill","latitude":-33.73333,"longitude":150.88333},{"id":6935,"name":"Queanbeyan","latitude":-35.35493,"longitude":149.232},{"id":6936,"name":"Queanbeyan East","latitude":-35.34625,"longitude":149.24596},{"id":6937,"name":"Queanbeyan West","latitude":-35.35497,"longitude":149.20412},{"id":6939,"name":"Queens Park","latitude":-33.89946,"longitude":151.24724},{"id":6941,"name":"Queenscliff","latitude":-33.78278,"longitude":151.28495},{"id":6949,"name":"Quirindi","latitude":-31.50763,"longitude":150.67902},{"id":6951,"name":"Raby","latitude":-34.01846,"longitude":150.81764},{"id":6953,"name":"Raglan","latitude":-33.41667,"longitude":149.66667},{"id":6956,"name":"Ramsgate","latitude":-33.9822,"longitude":151.14},{"id":6957,"name":"Ramsgate Beach","latitude":-33.98523,"longitude":151.14634},{"id":6958,"name":"Randwick","latitude":-33.91667,"longitude":151.25},{"id":6963,"name":"Rankin Park","latitude":-32.92516,"longitude":151.68016},{"id":6966,"name":"Rathmines","latitude":-33.03773,"longitude":151.58443},{"id":6972,"name":"Raworth","latitude":-32.73333,"longitude":151.61667},{"id":6973,"name":"Raymond Terrace","latitude":-32.75952,"longitude":151.7505},{"id":6974,"name":"Razorback","latitude":-34.15237,"longitude":150.65308},{"id":6982,"name":"Redfern","latitude":-33.89279,"longitude":151.20415},{"id":6983,"name":"Redhead","latitude":-33.01178,"longitude":151.71142},{"id":6990,"name":"Regents Park","latitude":-33.88333,"longitude":151.01667},{"id":6999,"name":"Revesby","latitude":-33.95,"longitude":151.01667},{"id":7000,"name":"Revesby Heights","latitude":-33.9671,"longitude":151.01841},{"id":7003,"name":"Rhodes","latitude":-33.82663,"longitude":151.0881},{"id":7006,"name":"Richmond","latitude":-33.59956,"longitude":150.75142},{"id":7011,"name":"Richmond Valley","latitude":-29.02684,"longitude":153.08625},{"id":7025,"name":"Riverstone","latitude":-33.68333,"longitude":150.86667},{"id":7029,"name":"Riverview","latitude":-33.82465,"longitude":151.16243},{"id":7030,"name":"Riverwood","latitude":-33.94725,"longitude":151.04973},{"id":7034,"name":"Robertson","latitude":-34.58742,"longitude":150.59116},{"id":7042,"name":"Rockdale","latitude":-33.96611,"longitude":151.14342},{"id":7048,"name":"Rodd Point","latitude":-33.86662,"longitude":151.13995},{"id":7055,"name":"Rooty Hill","latitude":-33.76667,"longitude":150.83333},{"id":7057,"name":"Ropes Crossing","latitude":-33.73276,"longitude":150.79104},{"id":7059,"name":"Rose Bay","latitude":-33.86877,"longitude":151.2706},{"id":149144,"name":"Rosebery","latitude":-33.9185533,"longitude":151.1961244},{"id":7065,"name":"Rosehill","latitude":-33.82009,"longitude":151.0245},{"id":7066,"name":"Roselands","latitude":-33.93317,"longitude":151.0732},{"id":7067,"name":"Rosemeadow","latitude":-34.10414,"longitude":150.79282},{"id":7071,"name":"Roseville","latitude":-33.78333,"longitude":151.18333},{"id":7072,"name":"Roseville Chase","latitude":-33.77852,"longitude":151.19677},{"id":7082,"name":"Rouse Hill","latitude":-33.68207,"longitude":150.9154},{"id":7088,"name":"Rozelle","latitude":-33.86141,"longitude":151.1705},{"id":7092,"name":"Ruse","latitude":-34.06976,"longitude":150.84168},{"id":7093,"name":"Rushcutters Bay","latitude":-33.8748,"longitude":151.22799},{"id":7096,"name":"Russell Lea","latitude":-33.85889,"longitude":151.14111},{"id":7097,"name":"Russell Vale","latitude":-34.35542,"longitude":150.89434},{"id":7098,"name":"Rutherford","latitude":-32.71667,"longitude":151.53333},{"id":7100,"name":"Rydalmere","latitude":-33.81453,"longitude":151.03751},{"id":7101,"name":"Ryde","latitude":-33.80149,"longitude":151.11205},{"id":7104,"name":"Sadleir","latitude":-33.91713,"longitude":150.89093},{"id":7112,"name":"Saint Ives","latitude":-33.72976,"longitude":151.15977},{"id":7116,"name":"Saint Peters","latitude":-33.91667,"longitude":151.18333},{"id":7117,"name":"Salamander Bay","latitude":-32.72253,"longitude":152.07945},{"id":7127,"name":"Salt Ash","latitude":-32.78333,"longitude":151.91667},{"id":7132,"name":"San Remo","latitude":-33.21469,"longitude":151.52102},{"id":7133,"name":"Sanctuary Point","latitude":-35.10361,"longitude":150.62667},{"id":7138,"name":"Sandringham","latitude":-33.99447,"longitude":151.13913},{"id":7142,"name":"Sandy Beach","latitude":-30.14681,"longitude":153.19238},{"id":7143,"name":"Sans Souci","latitude":-33.9899,"longitude":151.13334},{"id":7144,"name":"Sapphire Beach","latitude":-30.22614,"longitude":153.13628},{"id":7145,"name":"Saratoga","latitude":-33.47564,"longitude":151.35207},{"id":7148,"name":"Sawtell","latitude":-30.36459,"longitude":153.10141},{"id":7153,"name":"Schofields","latitude":-33.71667,"longitude":150.86667},{"id":7154,"name":"Scone","latitude":-32.05014,"longitude":150.86893},{"id":7167,"name":"Seaforth","latitude":-33.80145,"longitude":151.23981},{"id":7174,"name":"Sefton","latitude":-33.88773,"longitude":151.01053},{"id":7184,"name":"Seven Hills","latitude":-33.78333,"longitude":150.93333},{"id":7191,"name":"Shalvey","latitude":-33.72687,"longitude":150.80529},{"id":7198,"name":"Shell Cove","latitude":-34.58994,"longitude":150.86203},{"id":7200,"name":"Shellharbour","latitude":-34.58333,"longitude":150.86667},{"id":7201,"name":"Shelly Beach","latitude":-33.36999,"longitude":151.48522},{"id":7205,"name":"Shoal Bay","latitude":-32.72231,"longitude":152.17498},{"id":7206,"name":"Shoalhaven Heads","latitude":-34.85086,"longitude":150.74512},{"id":7207,"name":"Shoalhaven Shire","latitude":-35.14162,"longitude":150.41295},{"id":7211,"name":"Shortland","latitude":-32.87883,"longitude":151.69105},{"id":7215,"name":"Silverdale","latitude":-33.9152,"longitude":150.6096},{"id":7216,"name":"Silverwater","latitude":-33.83343,"longitude":151.04731},{"id":7219,"name":"Singleton","latitude":-32.60547,"longitude":150.91872},{"id":7220,"name":"Singleton Heights","latitude":-32.5416,"longitude":151.16089},{"id":7223,"name":"Skennars Head","latitude":-28.82888,"longitude":153.60209},{"id":7228,"name":"Smithfield","latitude":-33.85,"longitude":150.93333},{"id":7230,"name":"Smiths Lake","latitude":-32.38043,"longitude":152.50337},{"id":7237,"name":"Soldiers Point","latitude":-32.7105,"longitude":152.06979},{"id":7240,"name":"Somersby","latitude":-33.36667,"longitude":151.28333},{"id":7249,"name":"South Albury","latitude":-36.08654,"longitude":146.90905},{"id":7250,"name":"South Bathurst","latitude":-33.43839,"longitude":149.57203},{"id":7251,"name":"South Bowenfels","latitude":-33.51667,"longitude":150.11667},{"id":7257,"name":"South Coogee","latitude":-33.93106,"longitude":151.25599},{"id":7261,"name":"South Grafton","latitude":-29.7076,"longitude":152.92627},{"id":7262,"name":"South Granville","latitude":-33.85864,"longitude":151.01066},{"id":7266,"name":"South Hurstville","latitude":-33.97756,"longitude":151.1055},{"id":7268,"name":"South Kempsey","latitude":-31.12302,"longitude":152.83253},{"id":7273,"name":"South Lismore","latitude":-28.81629,"longitude":153.25619},{"id":7278,"name":"South Murwillumbah","latitude":-28.33895,"longitude":153.40004},{"id":7279,"name":"South Nowra","latitude":-34.90332,"longitude":150.59827},{"id":7280,"name":"South Penrith","latitude":-33.77349,"longitude":150.69466},{"id":7283,"name":"South Tamworth","latitude":-31.11,"longitude":150.92254},{"id":7286,"name":"South Turramurra","latitude":-33.74941,"longitude":151.11257},{"id":7287,"name":"South Wentworthville","latitude":-33.8185,"longitude":150.96344},{"id":7288,"name":"South West Rocks","latitude":-30.88553,"longitude":153.04126},{"id":7289,"name":"South Windsor","latitude":-33.61808,"longitude":150.80443},{"id":7302,"name":"Speers Point","latitude":-32.96383,"longitude":151.62618},{"id":7307,"name":"Spring Farm","latitude":-34.06851,"longitude":150.71182},{"id":7309,"name":"Springdale Heights","latitude":-36.03095,"longitude":146.94783},{"id":7314,"name":"Springvale","latitude":-35.16687,"longitude":147.33058},{"id":7317,"name":"Springwood","latitude":-33.7,"longitude":150.55},{"id":7320,"name":"St Andrews","latitude":-34.02243,"longitude":150.82958},{"id":7321,"name":"St Clair","latitude":-33.79728,"longitude":150.7847},{"id":7327,"name":"St Helens Park","latitude":-34.10474,"longitude":150.81368},{"id":7328,"name":"St Huberts Island","latitude":-33.49562,"longitude":151.34616},{"id":7329,"name":"St Ives Chase","latitude":-33.70381,"longitude":151.1646},{"id":7331,"name":"St Johns Park","latitude":-33.88295,"longitude":150.90182},{"id":7334,"name":"St Leonards","latitude":-33.82344,"longitude":151.19836},{"id":7338,"name":"St. Georges Basin","latitude":-35.08986,"longitude":150.59801},{"id":7341,"name":"Stanhope Gardens","latitude":-33.72206,"longitude":150.92597},{"id":7342,"name":"Stanmore","latitude":-33.89407,"longitude":151.16424},{"id":7344,"name":"Stanwell Park","latitude":-34.2261,"longitude":150.98583},{"id":7350,"name":"Stockton","latitude":-32.90908,"longitude":151.7836},{"id":7359,"name":"Strathfield","latitude":-33.87978,"longitude":151.07561},{"id":7360,"name":"Strathfield South","latitude":-33.89252,"longitude":151.08334},{"id":7373,"name":"Suffolk Park","latitude":-28.6881,"longitude":153.60977},{"id":7374,"name":"Summer Hill","latitude":-33.89146,"longitude":151.13825},{"id":7376,"name":"Summerland Point","latitude":-33.14091,"longitude":151.56561},{"id":7385,"name":"Sunshine Bay","latitude":-35.7454,"longitude":150.20792},{"id":7392,"name":"Surfside","latitude":-35.69531,"longitude":150.19949},{"id":7395,"name":"Surry Hills","latitude":-33.88374,"longitude":151.21282},{"id":7396,"name":"Sussex Inlet","latitude":-35.15671,"longitude":150.58533},{"id":7397,"name":"Sutherland","latitude":-34.031,"longitude":151.05532},{"id":7398,"name":"Sutherland Shire","latitude":-34.07202,"longitude":151.07712},{"id":7399,"name":"Sutton","latitude":-35.16667,"longitude":149.25},{"id":7405,"name":"Swansea","latitude":-33.08765,"longitude":151.63745},{"id":7407,"name":"Sydenham","latitude":-33.91669,"longitude":151.16798},{"id":7408,"name":"Sydney","latitude":-33.86785,"longitude":151.20732},{"id":7409,"name":"Sydney Central Business District","latitude":-33.86482,"longitude":151.20773},{"id":7410,"name":"Sydney Olympic Park","latitude":-33.84983,"longitude":151.06828},{"id":7411,"name":"Sylvania","latitude":-34.01242,"longitude":151.09718},{"id":7412,"name":"Sylvania Waters","latitude":-34.01868,"longitude":151.1086},{"id":7413,"name":"Table Top","latitude":-35.96667,"longitude":147.0},{"id":7414,"name":"Tahmoor","latitude":-34.22246,"longitude":150.59467},{"id":7421,"name":"Tamarama","latitude":-33.89835,"longitude":151.27059},{"id":7425,"name":"Tamworth","latitude":-31.09048,"longitude":150.92905},{"id":7426,"name":"Tamworth Municipality","latitude":-30.92204,"longitude":150.81526},{"id":7429,"name":"Tanilba Bay","latitude":-32.74706,"longitude":151.99714},{"id":7437,"name":"Taree","latitude":-31.91099,"longitude":152.45387},{"id":7438,"name":"Taren Point","latitude":-34.01936,"longitude":151.11826},{"id":7443,"name":"Tarrawanna","latitude":-34.38152,"longitude":150.88799},{"id":7444,"name":"Tarro","latitude":-32.8,"longitude":151.66667},{"id":7445,"name":"Tascott","latitude":-33.45017,"longitude":151.31375},{"id":7447,"name":"Tathra","latitude":-36.73126,"longitude":149.98328},{"id":7449,"name":"Tatton","latitude":-35.1599,"longitude":147.35875},{"id":7453,"name":"Tea Gardens","latitude":-32.66351,"longitude":152.15404},{"id":7457,"name":"Telarah","latitude":-32.72876,"longitude":151.53453},{"id":7460,"name":"Telopea","latitude":-33.79279,"longitude":151.03858},{"id":7461,"name":"Temora","latitude":-34.44834,"longitude":147.53558},{"id":7462,"name":"Temora Municipality","latitude":-34.38314,"longitude":147.47917},{"id":7463,"name":"Tempe","latitude":-33.92335,"longitude":151.1602},{"id":7466,"name":"Tenambit","latitude":-32.73967,"longitude":151.61293},{"id":7470,"name":"Tennyson Point","latitude":-33.83172,"longitude":151.11682},{"id":7471,"name":"Tenterfield","latitude":-29.04946,"longitude":152.01952},{"id":7472,"name":"Tenterfield Municipality","latitude":-29.06897,"longitude":152.04803},{"id":7473,"name":"Teralba","latitude":-32.96667,"longitude":151.6},{"id":7475,"name":"Terranora","latitude":-28.23832,"longitude":153.50078},{"id":7476,"name":"Terrigal","latitude":-33.44815,"longitude":151.44665},{"id":7477,"name":"Terry Hills","latitude":-33.68333,"longitude":151.23333},{"id":7482,"name":"The Entrance","latitude":-33.33876,"longitude":151.4978},{"id":7483,"name":"The Entrance North","latitude":-33.33573,"longitude":151.50335},{"id":7487,"name":"The Hill","latitude":-32.93089,"longitude":151.77835},{"id":7488,"name":"The Hills Shire","latitude":-33.59118,"longitude":150.961},{"id":7489,"name":"The Junction","latitude":-32.93822,"longitude":151.75909},{"id":7490,"name":"The Oaks","latitude":-34.07995,"longitude":150.56998},{"id":7492,"name":"The Ponds","latitude":-33.70228,"longitude":150.91086},{"id":7494,"name":"The Rock","latitude":-35.27302,"longitude":147.11381},{"id":7495,"name":"The Rocks","latitude":-33.85923,"longitude":151.2081},{"id":7499,"name":"Thirlmere","latitude":-34.20455,"longitude":150.56767},{"id":7500,"name":"Thirroul","latitude":-34.31604,"longitude":150.92142},{"id":7506,"name":"Thornleigh","latitude":-33.73228,"longitude":151.07895},{"id":7508,"name":"Thornton","latitude":-32.78333,"longitude":151.63333},{"id":7510,"name":"Thurgoona","latitude":-36.03626,"longitude":146.99609},{"id":7513,"name":"Tighes Hill","latitude":-32.90732,"longitude":151.7509},{"id":7518,"name":"Tingira Heights","latitude":-32.99725,"longitude":151.67021},{"id":7519,"name":"Tinonee","latitude":-31.93634,"longitude":152.41425},{"id":7523,"name":"Tocumwal","latitude":-35.8115,"longitude":145.56922},{"id":7525,"name":"Tolland","latitude":-35.14521,"longitude":147.35162},{"id":7527,"name":"Tomakin","latitude":-35.82335,"longitude":150.18794},{"id":7528,"name":"Tomerong","latitude":-35.05231,"longitude":150.5865},{"id":7533,"name":"Toongabbie","latitude":-33.78333,"longitude":150.95},{"id":7537,"name":"Toormina","latitude":-30.35384,"longitude":153.08843},{"id":7541,"name":"Toronto","latitude":-33.01357,"longitude":151.59373},{"id":7549,"name":"Toukley","latitude":-33.26367,"longitude":151.53841},{"id":7553,"name":"Towradgi","latitude":-34.38667,"longitude":150.90278},{"id":7555,"name":"Trangie","latitude":-32.03147,"longitude":147.98344},{"id":7561,"name":"Tregear","latitude":-33.74562,"longitude":150.79294},{"id":7572,"name":"Tuggerawong","latitude":-33.2804,"longitude":151.48044},{"id":7576,"name":"Tumbarumba","latitude":-35.77806,"longitude":148.01172},{"id":7577,"name":"Tumbi Vmbi","latitude":-33.36667,"longitude":151.45},{"id":7579,"name":"Tumut","latitude":-35.30642,"longitude":148.21818},{"id":7580,"name":"Tuncurry","latitude":-32.17443,"longitude":152.49876},{"id":7581,"name":"Tura Beach","latitude":-36.86358,"longitude":149.93027},{"id":7584,"name":"Tuross Head","latitude":-36.05328,"longitude":150.13322},{"id":7585,"name":"Turramurra","latitude":-33.73342,"longitude":151.12849},{"id":7586,"name":"Turrella","latitude":-33.93033,"longitude":151.14209},{"id":7587,"name":"Turvey Park","latitude":-35.12849,"longitude":147.36264},{"id":7589,"name":"Tweed","latitude":-28.34991,"longitude":153.34652},{"id":7590,"name":"Tweed Heads","latitude":-28.17671,"longitude":153.5452},{"id":7591,"name":"Tweed Heads South","latitude":-28.19517,"longitude":153.53964},{"id":7592,"name":"Tweed Heads West","latitude":-28.18736,"longitude":153.52278},{"id":7597,"name":"Ulladulla","latitude":-35.35906,"longitude":150.47247},{"id":7598,"name":"Ultimo","latitude":-33.87722,"longitude":151.1972},{"id":7600,"name":"Umina Beach","latitude":-33.52314,"longitude":151.31325},{"id":7601,"name":"Unanderra","latitude":-34.45306,"longitude":150.84746},{"id":7610,"name":"Upper Hunter Shire","latitude":-31.98126,"longitude":150.69282},{"id":7612,"name":"Upper Lachlan Shire","latitude":-34.41867,"longitude":149.53061},{"id":7615,"name":"Uralla","latitude":-30.48548,"longitude":151.35451},{"id":7618,"name":"Urunga","latitude":-30.49701,"longitude":153.01422},{"id":7622,"name":"Valentine","latitude":-33.01504,"longitude":151.6429},{"id":7623,"name":"Valla Beach","latitude":-30.59259,"longitude":153.01131},{"id":7624,"name":"Valley Heights","latitude":-33.7,"longitude":150.58333},{"id":7628,"name":"Vaucluse","latitude":-33.85549,"longitude":151.27754},{"id":7637,"name":"Villawood","latitude":-33.88434,"longitude":150.98027},{"id":7640,"name":"Vincentia","latitude":-35.06825,"longitude":150.6748},{"id":7641,"name":"Vineyard","latitude":-33.64995,"longitude":150.85259},{"id":7646,"name":"Voyager Point","latitude":-33.95871,"longitude":150.97417},{"id":7648,"name":"Wadalba","latitude":-33.2723,"longitude":151.46487},{"id":7652,"name":"Wagga Wagga","latitude":-35.18587,"longitude":147.35509},{"id":7656,"name":"Wahroonga","latitude":-33.71816,"longitude":151.11561},{"id":7659,"name":"Waitara","latitude":-33.71092,"longitude":151.1033},{"id":7661,"name":"Wakeley","latitude":-33.87427,"longitude":150.90976},{"id":7663,"name":"Walcha","latitude":-31.19757,"longitude":151.81854},{"id":7664,"name":"Walgett","latitude":-29.79031,"longitude":148.13393},{"id":7669,"name":"Wallacia","latitude":-33.86577,"longitude":150.64021},{"id":7670,"name":"Wallalong","latitude":-32.69556,"longitude":151.64957},{"id":7673,"name":"Wallerawang","latitude":-33.41096,"longitude":150.06456},{"id":7676,"name":"Wallsend","latitude":-32.90133,"longitude":151.66432},{"id":7677,"name":"Wamberal","latitude":-33.41554,"longitude":151.44559},{"id":7678,"name":"Wamboin","latitude":-35.25073,"longitude":149.33284},{"id":7689,"name":"Wangi Wangi","latitude":-33.07185,"longitude":151.5984},{"id":7696,"name":"Warabrook","latitude":-32.88885,"longitude":151.71493},{"id":7699,"name":"Waratah","latitude":-32.90667,"longitude":151.72647},{"id":7700,"name":"Waratah West","latitude":-32.90003,"longitude":151.7117},{"id":7703,"name":"Wareemba","latitude":-33.85819,"longitude":151.13085},{"id":7704,"name":"Warialda","latitude":-29.54354,"longitude":150.57542},{"id":7705,"name":"Warilla","latitude":-34.55185,"longitude":150.85831},{"id":7708,"name":"Warners Bay","latitude":-32.97251,"longitude":151.65268},{"id":7712,"name":"Warragamba","latitude":-33.89191,"longitude":150.60461},{"id":7717,"name":"Warrawee","latitude":-33.72884,"longitude":151.12051},{"id":7718,"name":"Warrawong","latitude":-34.485,"longitude":150.88833},{"id":7719,"name":"Warren","latitude":-31.70224,"longitude":147.83392},{"id":7720,"name":"Warren Shire","latitude":-31.29549,"longitude":147.72853},{"id":7721,"name":"Warriewood","latitude":-33.68857,"longitude":151.29534},{"id":7722,"name":"Warrimoo","latitude":-33.71667,"longitude":150.6},{"id":7724,"name":"Warrumbungle Shire","latitude":-31.45519,"longitude":149.45377},{"id":7727,"name":"Warwick Farm","latitude":-33.91291,"longitude":150.93701},{"id":7728,"name":"Watanobbi","latitude":-33.26772,"longitude":151.42246},{"id":7733,"name":"Waterview Heights","latitude":-29.69775,"longitude":152.83922},{"id":7738,"name":"Wattle Grove","latitude":-33.95443,"longitude":150.94447},{"id":7741,"name":"Wattle Ponds","latitude":-32.52026,"longitude":151.19359},{"id":7744,"name":"Wauchope","latitude":-31.45792,"longitude":152.72617},{"id":7747,"name":"Waverley","latitude":-33.90181,"longitude":151.25599},{"id":7749,"name":"Waverton","latitude":-33.83863,"longitude":151.20046},{"id":7751,"name":"Weddin","latitude":-33.87903,"longitude":148.01125},{"id":7752,"name":"Wee Waa","latitude":-30.2266,"longitude":149.44041},{"id":7758,"name":"Wellington","latitude":-32.55588,"longitude":148.94508},{"id":7763,"name":"Wentworth","latitude":-33.67106,"longitude":142.33675},{"id":7764,"name":"Wentworth Falls","latitude":-33.71033,"longitude":150.37534},{"id":7765,"name":"Wentworth Point","latitude":-33.8308,"longitude":151.07441},{"id":7766,"name":"Wentworthville","latitude":-33.80652,"longitude":150.96785},{"id":7769,"name":"Werrington","latitude":-33.7592,"longitude":150.75266},{"id":7770,"name":"Werrington County","latitude":-33.7465,"longitude":150.73929},{"id":7771,"name":"Werrington Downs","latitude":-33.74206,"longitude":150.72779},{"id":7772,"name":"Werris Creek","latitude":-31.34908,"longitude":150.6487},{"id":7774,"name":"West Albury","latitude":-36.07979,"longitude":146.89227},{"id":7777,"name":"West Ballina","latitude":-28.862,"longitude":153.53291},{"id":7778,"name":"West Bathurst","latitude":-33.4092,"longitude":149.56324},{"id":7787,"name":"West Gosford","latitude":-33.42578,"longitude":151.31701},{"id":7788,"name":"West Haven","latitude":-31.63555,"longitude":152.78378},{"id":7791,"name":"West Hoxton","latitude":-33.93388,"longitude":150.83234},{"id":7792,"name":"West Kempsey","latitude":-31.05757,"longitude":152.82794},{"id":7801,"name":"West Nowra","latitude":-34.88593,"longitude":150.58333},{"id":7802,"name":"West Pennant Hills","latitude":-33.7457,"longitude":151.04764},{"id":7804,"name":"West Pymble","latitude":-33.76667,"longitude":151.13333},{"id":7806,"name":"West Ryde","latitude":-33.80543,"longitude":151.07386},{"id":7808,"name":"West Tamworth","latitude":-31.10236,"longitude":150.91447},{"id":7810,"name":"West Wallsend","latitude":-32.9,"longitude":151.58333},{"id":7813,"name":"West Wollongong","latitude":-34.4248,"longitude":150.86417},{"id":7815,"name":"West Wyalong","latitude":-33.92373,"longitude":147.20473},{"id":7820,"name":"Westdale","latitude":-31.09052,"longitude":150.85678},{"id":7823,"name":"Westleigh","latitude":-33.71176,"longitude":151.07139},{"id":7824,"name":"Westmead","latitude":-33.80383,"longitude":150.98768},{"id":7829,"name":"Wetherill Park","latitude":-33.84277,"longitude":150.90061},{"id":7830,"name":"Whalan","latitude":-33.75697,"longitude":150.80402},{"id":149216,"name":"Whale Beach","latitude":-33.6124118,"longitude":151.3254065},{"id":7831,"name":"Wheeler Heights","latitude":-33.73119,"longitude":151.28049},{"id":7836,"name":"Whitebridge","latitude":-32.97436,"longitude":151.71614},{"id":7849,"name":"Wickham","latitude":-32.91923,"longitude":151.75693},{"id":7851,"name":"Wilberforce","latitude":-33.56256,"longitude":150.83784},{"id":7852,"name":"Wiley Park","latitude":-33.9242,"longitude":151.06737},{"id":7861,"name":"Williamtown","latitude":-32.80638,"longitude":151.84361},{"id":7862,"name":"Willmot","latitude":-33.72534,"longitude":150.79259},{"id":7863,"name":"Willoughby","latitude":-33.80167,"longitude":151.18782},{"id":7864,"name":"Willoughby East","latitude":-33.79844,"longitude":151.20518},{"id":7872,"name":"Wilton","latitude":-34.24053,"longitude":150.69771},{"id":7875,"name":"Windale","latitude":-32.99277,"longitude":151.68167},{"id":7876,"name":"Windang","latitude":-34.53333,"longitude":150.86667},{"id":7878,"name":"Windradyne","latitude":-33.40539,"longitude":149.54507},{"id":7881,"name":"Windsor","latitude":-33.61309,"longitude":150.81416},{"id":7882,"name":"Windsor Downs","latitude":-33.65857,"longitude":150.81079},{"id":7884,"name":"Wingecarribee","latitude":-34.49091,"longitude":150.35486},{"id":7885,"name":"Wingham","latitude":-31.86676,"longitude":152.36989},{"id":7886,"name":"Winmalee","latitude":-33.67847,"longitude":150.61213},{"id":7888,"name":"Winston Hills","latitude":-33.77645,"longitude":150.98051},{"id":7897,"name":"Wolli Creek","latitude":-33.93133,"longitude":151.15222},{"id":7898,"name":"Wollondilly","latitude":-34.06958,"longitude":150.46265},{"id":7899,"name":"Wollongbar","latitude":-28.8182,"longitude":153.39686},{"id":7900,"name":"Wollongong","latitude":-34.424,"longitude":150.89345},{"id":7901,"name":"Wollongong city centre","latitude":-34.4279,"longitude":150.89268},{"id":7902,"name":"Wollstonecraft","latitude":-33.8328,"longitude":151.18981},{"id":7912,"name":"Woodberry","latitude":-32.79311,"longitude":151.67687},{"id":7913,"name":"Woodbine","latitude":-34.04589,"longitude":150.82146},{"id":7916,"name":"Woodcroft","latitude":-33.75637,"longitude":150.88071},{"id":7920,"name":"Woodford","latitude":-33.73333,"longitude":150.48333},{"id":7922,"name":"Woodpark","latitude":-33.84137,"longitude":150.96055},{"id":7924,"name":"Woodrising","latitude":-32.98595,"longitude":151.60657},{"id":7935,"name":"Woolgoolga","latitude":-30.11058,"longitude":153.20067},{"id":7936,"name":"Woollahra","latitude":-33.87901,"longitude":151.24706},{"id":7937,"name":"Woolloomooloo","latitude":-33.87042,"longitude":151.21968},{"id":7939,"name":"Woolooware","latitude":-34.04583,"longitude":151.14312},{"id":7942,"name":"Woongarrah","latitude":-33.24134,"longitude":151.47563},{"id":7943,"name":"Woonona","latitude":-34.34932,"longitude":150.91443},{"id":7951,"name":"Woronora","latitude":-34.02436,"longitude":151.03862},{"id":7952,"name":"Woronora Heights","latitude":-34.03562,"longitude":151.02734},{"id":7953,"name":"Worrigee","latitude":-34.9,"longitude":150.63333},{"id":7954,"name":"Woy Woy","latitude":-33.48433,"longitude":151.32471},{"id":7967,"name":"Wyee","latitude":-33.18252,"longitude":151.48804},{"id":7968,"name":"Wyee Point","latitude":-33.14585,"longitude":151.50783},{"id":7976,"name":"Wyoming","latitude":-33.40387,"longitude":151.36254},{"id":7977,"name":"Wyong","latitude":-33.28254,"longitude":151.42327},{"id":7978,"name":"Wyongah","latitude":-33.27468,"longitude":151.48898},{"id":7981,"name":"Yagoona","latitude":-33.9049,"longitude":151.01996},{"id":149145,"name":"Yallah","latitude":-34.5337578,"longitude":150.7776845},{"id":7989,"name":"Yamba","latitude":-29.4375,"longitude":153.35914},{"id":8006,"name":"Yarravel","latitude":-31.04295,"longitude":152.76191},{"id":8008,"name":"Yarrawarrah","latitude":-34.05351,"longitude":151.03563},{"id":8011,"name":"Yass","latitude":-34.84036,"longitude":148.90987},{"id":8012,"name":"Yass Valley","latitude":-34.9263,"longitude":148.9724},{"id":8016,"name":"Yenda","latitude":-34.24525,"longitude":146.20273},{"id":8017,"name":"Yennora","latitude":-33.86173,"longitude":150.96865},{"id":8021,"name":"Yerrinbool","latitude":-34.36884,"longitude":150.53848},{"id":8024,"name":"Yoogali","latitude":-34.29944,"longitude":146.08443},{"id":8028,"name":"Young","latitude":-34.3135,"longitude":148.30107},{"id":8030,"name":"Yowie Bay","latitude":-34.05116,"longitude":151.10228},{"id":8033,"name":"Zetland","latitude":-33.90748,"longitude":151.20857}]