[{"id":17529,"name":"Bilten","latitude":47.14995,"longitude":9.02551},{"id":17751,"name":"Ennenda","latitude":47.03363,"longitude":9.07888},{"id":17839,"name":"Glarus","latitude":47.04057,"longitude":9.06804},{"id":18086,"name":"Linthal","latitude":46.92127,"longitude":8.99799},{"id":18097,"name":"Luchsingen","latitude":46.9664,"longitude":9.03715},{"id":18162,"name":"Mollis","latitude":47.08878,"longitude":9.07242},{"id":18235,"name":"Näfels","latitude":47.09775,"longitude":9.06361},{"id":18211,"name":"Netstal","latitude":47.06337,"longitude":9.05734},{"id":18229,"name":"Niederurnen","latitude":47.12598,"longitude":9.05428},{"id":18268,"name":"Oberurnen","latitude":47.11412,"longitude":9.05866},{"id":18475,"name":"Schwanden","latitude":46.99541,"longitude":9.0701}]