[{"id":10087,"name":"Afonso Cláudio","latitude":-20.10512,"longitude":-41.12422},{"id":15658,"name":"Água Doce do Norte","latitude":-18.50646,"longitude":-40.9919},{"id":15676,"name":"Águia Branca","latitude":-18.98306,"longitude":-40.74028},{"id":10123,"name":"Alegre","latitude":-20.70897,"longitude":-41.51937},{"id":10131,"name":"Alfredo Chaves","latitude":-20.54245,"longitude":-40.82368},{"id":10182,"name":"Alto Rio Novo","latitude":-19.03248,"longitude":-40.99144},{"id":10240,"name":"Anchieta","latitude":-20.7342,"longitude":-40.70056},{"id":10292,"name":"Apiacá","latitude":-21.08025,"longitude":-41.561},{"id":10314,"name":"Aracruz","latitude":-19.81952,"longitude":-40.19097},{"id":10441,"name":"Atílio Vivacqua","latitude":-20.95472,"longitude":-41.19096},{"id":10479,"name":"Baixo Guandu","latitude":-19.51889,"longitude":-41.01583},{"id":10528,"name":"Barra de São Francisco","latitude":-18.755,"longitude":-40.89083},{"id":10657,"name":"Boa Esperança","latitude":-18.54,"longitude":-40.29583},{"id":10712,"name":"Bom Jesus do Norte","latitude":-21.08831,"longitude":-41.63939},{"id":10784,"name":"Brejetuba","latitude":-20.15621,"longitude":-41.3065},{"id":10879,"name":"Cachoeiro de Itapemirim","latitude":-20.84889,"longitude":-41.11278},{"id":11127,"name":"Cariacica","latitude":-20.3005,"longitude":-40.46919},{"id":11187,"name":"Castelo","latitude":-20.60361,"longitude":-41.18472},{"id":11320,"name":"Colatina","latitude":-19.53944,"longitude":-40.63056},{"id":11346,"name":"Conceição da Barra","latitude":-18.5854,"longitude":-39.73618},{"id":11356,"name":"Conceição do Castelo","latitude":-20.36226,"longitude":-41.26622},{"id":11602,"name":"Divino de São Lourenço","latitude":-20.59751,"longitude":-41.72185},{"id":11637,"name":"Domingos Martins","latitude":-20.36333,"longitude":-40.65917},{"id":11646,"name":"Dores do Rio Preto","latitude":-20.63511,"longitude":-41.81208},{"id":11673,"name":"Ecoporanga","latitude":-18.37333,"longitude":-40.83056},{"id":11904,"name":"Fundão","latitude":-19.98985,"longitude":-40.31579},{"id":11985,"name":"Governador Lindenberg","latitude":-19.20034,"longitude":-40.4951},{"id":12075,"name":"Guaçuí","latitude":-20.76804,"longitude":-41.71116},{"id":12051,"name":"Guarapari","latitude":-20.67182,"longitude":-40.50196},{"id":12124,"name":"Ibatiba","latitude":-20.23389,"longitude":-41.51056},{"id":12154,"name":"Ibiraçu","latitude":-19.83194,"longitude":-40.36972},{"id":12160,"name":"Ibitirama","latitude":-20.51148,"longitude":-41.66962},{"id":12172,"name":"Iconha","latitude":-20.74759,"longitude":-40.8657},{"id":12321,"name":"Irupi","latitude":-20.34528,"longitude":-41.64111},{"id":12355,"name":"Itaguaçu","latitude":-19.80194,"longitude":-40.85556},{"id":12409,"name":"Itapemirim","latitude":-21.01111,"longitude":-40.83389},{"id":12447,"name":"Itarana","latitude":-19.87389,"longitude":-40.87528},{"id":12507,"name":"Iúna","latitude":-20.34583,"longitude":-41.53583},{"id":12550,"name":"Jaguaré","latitude":-18.99187,"longitude":-39.97521},{"id":12624,"name":"Jerônimo Monteiro","latitude":-20.81243,"longitude":-41.39536},{"id":12628,"name":"Jetibá","latitude":-20.02069,"longitude":-40.68145},{"id":12664,"name":"João Neiva","latitude":-19.7575,"longitude":-40.38556},{"id":12794,"name":"Laranja da Terra","latitude":-19.89889,"longitude":-41.05667},{"id":12840,"name":"Linhares","latitude":-19.39111,"longitude":-40.07222},{"id":12959,"name":"Mantenópolis","latitude":-18.8625,"longitude":-41.12278},{"id":12981,"name":"Marataizes","latitude":-21.04333,"longitude":-40.82444},{"id":13000,"name":"Marechal Floriano","latitude":-20.41278,"longitude":-40.68306},{"id":13016,"name":"Marilândia","latitude":-19.42199,"longitude":-40.52021},{"id":13120,"name":"Mimoso do Sul","latitude":-21.10474,"longitude":-41.37566},{"id":13183,"name":"Montanha","latitude":-18.12694,"longitude":-40.36333},{"id":13263,"name":"Mucurici","latitude":-18.09333,"longitude":-40.51583},{"id":13275,"name":"Muniz Freire","latitude":-20.46417,"longitude":-41.41306},{"id":13276,"name":"Muqui","latitude":-20.91522,"longitude":-41.30089},{"id":13446,"name":"Nova Venécia","latitude":-18.71056,"longitude":-40.40056},{"id":13614,"name":"Pancas","latitude":-19.225,"longitude":-40.85139},{"id":13775,"name":"Pedro Canário","latitude":-18.20359,"longitude":-40.03155},{"id":13872,"name":"Pinheiros","latitude":-18.34486,"longitude":-40.20984},{"id":13931,"name":"Piúma","latitude":-20.83106,"longitude":-40.72932},{"id":13975,"name":"Ponto Belo","latitude":-18.25222,"longitude":-40.49863},{"id":14087,"name":"Presidente Kennedy","latitude":-21.14995,"longitude":-41.07293},{"id":14259,"name":"Rio Bananal","latitude":-19.265,"longitude":-40.33333},{"id":14286,"name":"Rio Novo do Sul","latitude":-20.78326,"longitude":-40.93976},{"id":14487,"name":"Santa Leopoldina","latitude":-20.10056,"longitude":-40.52972},{"id":14510,"name":"Santa Maria de Jetibá","latitude":-20.02745,"longitude":-40.74336},{"id":14551,"name":"Santa Teresa","latitude":-19.93556,"longitude":-40.60028},{"id":14872,"name":"São Domingos do Norte","latitude":-19.1297,"longitude":-40.55454},{"id":14910,"name":"São Gabriel da Palha","latitude":-18.97356,"longitude":-40.52522},{"id":14964,"name":"São José do Calçado","latitude":-20.98599,"longitude":-41.66419},{"id":15075,"name":"São Mateus","latitude":-18.72011,"longitude":-39.85891},{"id":15133,"name":"São Roque do Canaã","latitude":-19.73027,"longitude":-40.67143},{"id":14721,"name":"Serra","latitude":-20.10822,"longitude":-40.30186},{"id":14810,"name":"Sooretama","latitude":-19.08218,"longitude":-40.14134},{"id":15509,"name":"Vargem Alta","latitude":-20.64727,"longitude":-41.00855},{"id":15526,"name":"Venda Nova do Imigrante","latitude":-20.38487,"longitude":-41.13539},{"id":15553,"name":"Viana","latitude":-20.36757,"longitude":-40.51413},{"id":15574,"name":"Vila Pavão","latitude":-18.61186,"longitude":-40.65163},{"id":15577,"name":"Vila Valério","latitude":-18.97995,"longitude":-40.36633},{"id":15578,"name":"Vila Velha","latitude":-20.32972,"longitude":-40.2925},{"id":15597,"name":"Vitória","latitude":-20.31944,"longitude":-40.33778}]