[{"id":18874,"name":"Bangolo","latitude":7.01232,"longitude":-7.48639},{"id":18875,"name":"Biankouma","latitude":7.73909,"longitude":-7.61377},{"id":18889,"name":"Cavally","latitude":6.56343,"longitude":-7.92526},{"id":18893,"name":"Danané","latitude":7.25957,"longitude":-8.15498},{"id":18897,"name":"Duekoué","latitude":6.74202,"longitude":-7.34918},{"id":18908,"name":"Guémon","latitude":7.093,"longitude":-7.17785},{"id":18907,"name":"Guiglo","latitude":6.54368,"longitude":-7.4935},{"id":18919,"name":"Man","latitude":7.41251,"longitude":-7.55383},{"id":18936,"name":"Tonkpi","latitude":7.56785,"longitude":-7.60941},{"id":18938,"name":"Toulépleu Gueré","latitude":6.57395,"longitude":-8.42592}]