[{"id":9257,"name":"Ardino","latitude":41.58333,"longitude":25.13333},{"id":9323,"name":"Dzhebel","latitude":41.49566,"longitude":25.30363},{"id":9354,"name":"Kardzhali","latitude":41.65,"longitude":25.36667},{"id":9362,"name":"Kirkovo","latitude":41.32715,"longitude":25.36379},{"id":9377,"name":"Krumovgrad","latitude":41.47127,"longitude":25.65485},{"id":9416,"name":"Obshtina Ardino","latitude":41.6,"longitude":25.15},{"id":9448,"name":"Obshtina Chernoochene","latitude":41.78333,"longitude":25.25},{"id":9469,"name":"Obshtina Dzhebel","latitude":41.5,"longitude":25.26667},{"id":9496,"name":"Obshtina Kardzhali","latitude":41.68333,"longitude":25.43333},{"id":9502,"name":"Obshtina Kirkovo","latitude":41.35816,"longitude":25.33731},{"id":9535,"name":"Obshtina Momchilgrad","latitude":41.53333,"longitude":25.5}]