[{"id":17389,"name":"Altendorf","latitude":47.18994,"longitude":8.83823},{"id":17410,"name":"Arth","latitude":47.06337,"longitude":8.52349},{"id":17590,"name":"Bäch","latitude":47.20388,"longitude":8.73224},{"id":17483,"name":"Bezirk Einsiedeln","latitude":47.10792,"longitude":8.7601},{"id":17484,"name":"Bezirk Gersau","latitude":47.008,"longitude":8.51678},{"id":17490,"name":"Bezirk Höfe","latitude":47.19043,"longitude":8.7396},{"id":17492,"name":"Bezirk Küssnacht","latitude":47.08611,"longitude":8.44444},{"id":17498,"name":"Bezirk March","latitude":47.16128,"longitude":8.91103},{"id":17509,"name":"Bezirk Schwyz","latitude":47.02814,"longitude":8.63619},{"id":17738,"name":"Einsiedeln","latitude":47.12849,"longitude":8.74735},{"id":17787,"name":"Feusisberg","latitude":47.18707,"longitude":8.74724},{"id":17806,"name":"Freienbach","latitude":47.20534,"longitude":8.75842},{"id":17830,"name":"Gersau","latitude":46.99419,"longitude":8.525},{"id":17848,"name":"Goldau","latitude":47.04761,"longitude":8.54616},{"id":17946,"name":"Ibach","latitude":47.01105,"longitude":8.64538},{"id":17951,"name":"Ingenbohl","latitude":46.9988,"longitude":8.61529},{"id":18019,"name":"Küssnacht","latitude":47.08557,"longitude":8.44206},{"id":18030,"name":"Lachen","latitude":47.19224,"longitude":8.85324},{"id":18179,"name":"Muotathal","latitude":46.97676,"longitude":8.76499},{"id":18310,"name":"Pfäffikon","latitude":47.20109,"longitude":8.77816},{"id":18360,"name":"Reichenburg","latitude":47.17097,"longitude":8.97704},{"id":18393,"name":"Rothenthurm","latitude":47.1042,"longitude":8.67585},{"id":18449,"name":"Sattel","latitude":47.08246,"longitude":8.63565},{"id":18461,"name":"Schindellegi","latitude":47.1746,"longitude":8.71345},{"id":18487,"name":"Schübelbach","latitude":47.17326,"longitude":8.92811},{"id":18481,"name":"Schwyz","latitude":47.02076,"longitude":8.65414},{"id":18516,"name":"Siebnen","latitude":47.17449,"longitude":8.89781},{"id":18553,"name":"Steinen","latitude":47.04975,"longitude":8.61214},{"id":18612,"name":"Tuggen","latitude":47.20291,"longitude":8.94896},{"id":18632,"name":"Unteriberg","latitude":47.06258,"longitude":8.8052},{"id":18693,"name":"Vorderthal","latitude":47.12172,"longitude":8.90225},{"id":18767,"name":"Wollerau","latitude":47.19478,"longitude":8.71903}]