[{"id":850,"name":"Departamento de Capital","latitude":-32.88469,"longitude":-68.85826},{"id":889,"name":"Departamento de General Alvear","latitude":-35.16667,"longitude":-67.33333},{"id":898,"name":"Departamento de Godoy Cruz","latitude":-32.93333,"longitude":-68.86667},{"id":905,"name":"Departamento de Guaymallén","latitude":-32.88333,"longitude":-68.7},{"id":919,"name":"Departamento de La Paz","latitude":-33.66667,"longitude":-67.25},{"id":924,"name":"Departamento de Las Heras","latitude":-32.5,"longitude":-69.5},{"id":926,"name":"Departamento de Lavalle","latitude":-32.5,"longitude":-68.0},{"id":932,"name":"Departamento de Luján","latitude":-33.0,"longitude":-69.33333},{"id":936,"name":"Departamento de Maipú","latitude":-33.0,"longitude":-68.58333},{"id":938,"name":"Departamento de Malargüe","latitude":-36.25,"longitude":-69.25},{"id":967,"name":"Departamento de Rivadavia","latitude":-33.18,"longitude":-68.466},{"id":983,"name":"Departamento de San Carlos","latitude":-34.0,"longitude":-69.0},{"id":999,"name":"Departamento de San Martín","latitude":-32.8373,"longitude":-68.24922},{"id":1003,"name":"Departamento de San Rafael","latitude":-35.0,"longitude":-68.83333},{"id":1008,"name":"Departamento de Santa Rosa","latitude":-33.5,"longitude":-68.0},{"id":1026,"name":"Departamento de Tunuyán","latitude":-33.66667,"longitude":-69.5},{"id":1027,"name":"Departamento de Tupungato","latitude":-33.25,"longitude":-69.25},{"id":1122,"name":"Godoy Cruz","latitude":-32.92863,"longitude":-68.8351},{"id":1219,"name":"Las Heras","latitude":-32.85273,"longitude":-68.82837},{"id":1278,"name":"Mendoza","latitude":-32.89084,"longitude":-68.82717},{"id":1440,"name":"San Martín","latitude":-33.08103,"longitude":-68.46814},{"id":1448,"name":"San Rafael","latitude":-34.61772,"longitude":-68.33007}]