[{"id":17448,"name":"Beckenried","latitude":46.96653,"longitude":8.47575},{"id":17582,"name":"Buochs","latitude":46.97398,"longitude":8.42279},{"id":17675,"name":"Dallenwil","latitude":46.9242,"longitude":8.38785},{"id":17748,"name":"Emmetten","latitude":46.95658,"longitude":8.51467},{"id":17752,"name":"Ennetbürgen","latitude":46.98423,"longitude":8.41003},{"id":17906,"name":"Hergiswil","latitude":46.98429,"longitude":8.30944},{"id":18546,"name":"Stans","latitude":46.95805,"longitude":8.36609},{"id":18547,"name":"Stansstad","latitude":46.9768,"longitude":8.33553},{"id":18763,"name":"Wolfenschiessen","latitude":46.90322,"longitude":8.39423}]