[{"id":8454,"name":"Azimpur","latitude":23.7298,"longitude":90.3854},{"id":8472,"name":"Bājitpur","latitude":24.21623,"longitude":90.95002},{"id":8463,"name":"Bhairab Bāzār","latitude":24.0524,"longitude":90.9764},{"id":8476,"name":"Char Bhadrāsan","latitude":23.30916,"longitude":90.22698},{"id":8477,"name":"Char Golora","latitude":23.82037,"longitude":90.12175},{"id":8486,"name":"Dhaka","latitude":23.81093,"longitude":90.36542},{"id":8489,"name":"Dohār","latitude":23.59311,"longitude":90.14251},{"id":8490,"name":"Faridpur","latitude":23.59419,"longitude":89.82147},{"id":8496,"name":"Gazipur","latitude":24.20689,"longitude":90.47241},{"id":8497,"name":"Gopalganj","latitude":23.16667,"longitude":89.91667},{"id":8508,"name":"Joymontop","latitude":23.78789,"longitude":90.16472},{"id":8513,"name":"Khanbaniara","latitude":23.78225,"longitude":90.18382},{"id":8515,"name":"Kishoregonj","latitude":24.41667,"longitude":90.95},{"id":8516,"name":"Kishorganj","latitude":24.43944,"longitude":90.78291},{"id":8527,"name":"Madaripur","latitude":23.25,"longitude":90.2},{"id":8531,"name":"Manikganj","latitude":23.86667,"longitude":89.95},{"id":8537,"name":"Mirzāpur","latitude":24.10287,"longitude":90.09841},{"id":8540,"name":"Munshiganj","latitude":23.55,"longitude":90.36667},{"id":8555,"name":"Nāgarpur","latitude":24.05783,"longitude":89.87696},{"id":8547,"name":"Narayanganj","latitude":23.75,"longitude":90.58333},{"id":8548,"name":"Narsingdi","latitude":23.92298,"longitude":90.71768},{"id":8570,"name":"Pālang","latitude":23.21824,"longitude":90.35076},{"id":8559,"name":"Paltan","latitude":23.73625,"longitude":90.41426},{"id":8562,"name":"Parvez Ali","latitude":23.81741,"longitude":90.11921},{"id":8563,"name":"Parvez Ali Hossain","latitude":23.78758,"longitude":90.16487},{"id":8573,"name":"Rajbari","latitude":23.66667,"longitude":89.55},{"id":8575,"name":"Ramnagar","latitude":23.7772,"longitude":90.17604},{"id":8583,"name":"Sakhipur","latitude":24.31988,"longitude":90.16943},{"id":8588,"name":"Sayani","latitude":23.79119,"longitude":90.16972},{"id":8589,"name":"Shariatpur","latitude":23.25,"longitude":90.36667},{"id":8594,"name":"Sonārgaon","latitude":23.65,"longitude":90.61667},{"id":8599,"name":"Tangail","latitude":24.33853,"longitude":89.98667},{"id":8603,"name":"Tungi","latitude":23.89154,"longitude":90.40232},{"id":8604,"name":"Tungipāra","latitude":22.89983,"longitude":89.90326}]