[{"id":17361,"name":"Acquarossa","latitude":46.45473,"longitude":8.94261},{"id":17380,"name":"Agno","latitude":45.99863,"longitude":8.9003},{"id":17384,"name":"Airolo","latitude":46.52855,"longitude":8.61189},{"id":17413,"name":"Arzo","latitude":45.87606,"longitude":8.94103},{"id":17414,"name":"Ascona","latitude":46.15451,"longitude":8.77327},{"id":17434,"name":"Balerna","latitude":45.84638,"longitude":9.00724},{"id":17452,"name":"Bellinzona","latitude":46.19278,"longitude":9.01703},{"id":17453,"name":"Bellinzona District","latitude":46.18858,"longitude":9.00254},{"id":17524,"name":"Biasca","latitude":46.35972,"longitude":8.96965},{"id":17533,"name":"Bioggio","latitude":46.01357,"longitude":8.91103},{"id":17540,"name":"Blenio District","latitude":46.47613,"longitude":8.94609},{"id":17544,"name":"Bodio","latitude":46.37808,"longitude":8.90991},{"id":17564,"name":"Brissago","latitude":46.12013,"longitude":8.71181},{"id":17607,"name":"Cadempino","latitude":46.03672,"longitude":8.93403},{"id":17608,"name":"Cadenazzo","latitude":46.15172,"longitude":8.94719},{"id":17609,"name":"Cadro","latitude":46.04595,"longitude":8.98725},{"id":17610,"name":"Camorino","latitude":46.16483,"longitude":9.00547},{"id":17611,"name":"Canobbio","latitude":46.03592,"longitude":8.96605},{"id":17613,"name":"Caslano","latitude":45.97364,"longitude":8.87739},{"id":17614,"name":"Castel San Pietro","latitude":45.86211,"longitude":9.00843},{"id":17620,"name":"Cevio","latitude":46.31479,"longitude":8.60332},{"id":17636,"name":"Chiasso","latitude":45.83203,"longitude":9.03119},{"id":17645,"name":"Claro","latitude":46.25763,"longitude":9.02252},{"id":17648,"name":"Comano","latitude":46.03635,"longitude":8.95526},{"id":17670,"name":"Cugnasco","latitude":46.17473,"longitude":8.91684},{"id":17780,"name":"Faido","latitude":46.477,"longitude":8.80125},{"id":17836,"name":"Giubiasco","latitude":46.17246,"longitude":9.00793},{"id":17854,"name":"Gordola","latitude":46.18256,"longitude":8.86657},{"id":17863,"name":"Gravesano","latitude":46.04208,"longitude":8.91832},{"id":18053,"name":"Lavertezzo","latitude":46.25893,"longitude":8.83756},{"id":18078,"name":"Leventina District","latitude":46.46912,"longitude":8.75539},{"id":18084,"name":"Ligornetto","latitude":45.86161,"longitude":8.95166},{"id":18088,"name":"Locarno","latitude":46.17086,"longitude":8.79953},{"id":18089,"name":"Locarno District","latitude":46.18033,"longitude":8.75991},{"id":18090,"name":"Lodrino","latitude":46.30016,"longitude":8.97986},{"id":18091,"name":"Losone","latitude":46.16866,"longitude":8.75928},{"id":18098,"name":"Lugano","latitude":46.01008,"longitude":8.96004},{"id":18099,"name":"Lugano District","latitude":46.02322,"longitude":8.93802},{"id":18100,"name":"Lumino","latitude":46.2302,"longitude":9.0642},{"id":18114,"name":"Magadino","latitude":46.14892,"longitude":8.8561},{"id":18120,"name":"Malvaglia","latitude":46.40588,"longitude":8.9819},{"id":18128,"name":"Massagno","latitude":46.01257,"longitude":8.94354},{"id":18145,"name":"Melano","latitude":45.92202,"longitude":8.98435},{"id":18147,"name":"Melide","latitude":45.95455,"longitude":8.94725},{"id":18149,"name":"Mendrisio","latitude":45.87019,"longitude":8.9816},{"id":18150,"name":"Mendrisio District","latitude":45.86592,"longitude":8.99931},{"id":18159,"name":"Minusio","latitude":46.17769,"longitude":8.81473},{"id":18163,"name":"Montagnola","latitude":45.98323,"longitude":8.91786},{"id":18166,"name":"Monte Carasso","latitude":46.18649,"longitude":8.99892},{"id":18170,"name":"Morbio Inferiore","latitude":45.84915,"longitude":9.01907},{"id":18180,"name":"Muralto","latitude":46.17323,"longitude":8.80219},{"id":18231,"name":"Novazzano","latitude":45.84073,"longitude":8.98236},{"id":18325,"name":"Pregassona","latitude":46.02021,"longitude":8.97429},{"id":18331,"name":"Pura","latitude":45.98647,"longitude":8.86877},{"id":18378,"name":"Riva San Vitale","latitude":45.90123,"longitude":8.97167},{"id":18379,"name":"Riviera District","latitude":46.30926,"longitude":8.98148},{"id":18507,"name":"Sementina","latitude":46.18363,"longitude":8.99162},{"id":18530,"name":"Sorengo","latitude":45.99766,"longitude":8.93783},{"id":18536,"name":"Stabio","latitude":45.84846,"longitude":8.93642},{"id":18578,"name":"Tesserete","latitude":46.06813,"longitude":8.96501},{"id":18658,"name":"Vallemaggia District","latitude":46.35483,"longitude":8.6054},{"id":18671,"name":"Verscio","latitude":46.18482,"longitude":8.73224},{"id":18678,"name":"Viganello","latitude":46.01342,"longitude":8.96879}]