[{"id":16147,"name":"Abitibi-Témiscamingue","latitude":48.10018,"longitude":-77.7828},{"id":16148,"name":"Acton Vale","latitude":45.65007,"longitude":-72.56582},{"id":16149,"name":"Adstock","latitude":46.05007,"longitude":-71.08235},{"id":16153,"name":"Albanel","latitude":48.88324,"longitude":-72.44867},{"id":16159,"name":"Alma","latitude":48.55009,"longitude":-71.6491},{"id":16164,"name":"Amos","latitude":48.56688,"longitude":-78.11624},{"id":16165,"name":"Amqui","latitude":48.46382,"longitude":-67.43134},{"id":16167,"name":"Ange-Gardien","latitude":45.35008,"longitude":-72.93244},{"id":16175,"name":"Asbestos","latitude":45.76678,"longitude":-71.9324},{"id":16185,"name":"Baie-Comeau","latitude":49.21679,"longitude":-68.14894},{"id":16186,"name":"Baie-D'Urfé","latitude":45.41397,"longitude":-73.91586},{"id":16187,"name":"Baie-Saint-Paul","latitude":47.44109,"longitude":-70.49858},{"id":16191,"name":"Barraute","latitude":48.43349,"longitude":-77.63279},{"id":16195,"name":"Bas-Saint-Laurent","latitude":48.0503,"longitude":-68.02266},{"id":16201,"name":"Beaconsfield","latitude":45.43341,"longitude":-73.86586},{"id":16202,"name":"Beauceville","latitude":46.21785,"longitude":-70.77873},{"id":16203,"name":"Beauharnois","latitude":45.31341,"longitude":-73.8725},{"id":16205,"name":"Beaupré","latitude":47.04428,"longitude":-70.89529},{"id":16255,"name":"Bécancour","latitude":46.34106,"longitude":-72.43224},{"id":16208,"name":"Bedford","latitude":45.11678,"longitude":-72.98244},{"id":16214,"name":"Beloeil","latitude":45.56839,"longitude":-73.20568},{"id":16215,"name":"Berthierville","latitude":46.08336,"longitude":-73.18245},{"id":16221,"name":"Blainville","latitude":45.66678,"longitude":-73.88249},{"id":16223,"name":"Bois-des-Filion","latitude":45.66678,"longitude":-73.74918},{"id":16224,"name":"Boisbriand","latitude":45.61678,"longitude":-73.83249},{"id":16227,"name":"Bonaventure","latitude":48.04573,"longitude":-65.49259},{"id":16231,"name":"Boucherville","latitude":45.59104,"longitude":-73.43605},{"id":16241,"name":"Breakeyville","latitude":46.68037,"longitude":-71.22327},{"id":16244,"name":"Bromont","latitude":45.31678,"longitude":-72.64912},{"id":16246,"name":"Brossard","latitude":45.45008,"longitude":-73.46583},{"id":16247,"name":"Brownsburg-Chatham","latitude":45.68342,"longitude":-74.4159},{"id":16249,"name":"Buckingham","latitude":45.58563,"longitude":-75.4208},{"id":16256,"name":"Cabano","latitude":47.68065,"longitude":-68.8781},{"id":16258,"name":"Cacouna","latitude":47.91657,"longitude":-69.50054},{"id":16266,"name":"Candiac","latitude":45.38338,"longitude":-73.51587},{"id":16269,"name":"Cantley","latitude":45.5668,"longitude":-75.78265},{"id":16270,"name":"Cap-Chat","latitude":49.10009,"longitude":-66.68212},{"id":16271,"name":"Cap-Santé","latitude":46.67159,"longitude":-71.78812},{"id":16273,"name":"Capitale-Nationale","latitude":47.376,"longitude":-71.12337},{"id":16278,"name":"Carignan","latitude":45.45008,"longitude":-73.29916},{"id":16279,"name":"Carleton","latitude":48.09838,"longitude":-66.10036},{"id":16281,"name":"Carleton-sur-Mer","latitude":48.10749,"longitude":-66.128},{"id":16290,"name":"Centre-du-Québec","latitude":46.01985,"longitude":-71.98242},{"id":16291,"name":"Chambly","latitude":45.45008,"longitude":-73.28246},{"id":16292,"name":"Chambord","latitude":48.43339,"longitude":-72.06583},{"id":16293,"name":"Chandler","latitude":48.34935,"longitude":-64.67926},{"id":16295,"name":"Chapais","latitude":49.78344,"longitude":-74.84919},{"id":16296,"name":"Charlemagne","latitude":45.71678,"longitude":-73.48247},{"id":16310,"name":"Château-Richer","latitude":46.96031,"longitude":-71.03219},{"id":16311,"name":"Châteauguay","latitude":45.38338,"longitude":-73.74919},{"id":16301,"name":"Chaudière-Appalaches","latitude":46.555,"longitude":-70.8308},{"id":16303,"name":"Chertsey","latitude":46.07109,"longitude":-73.89095},{"id":16307,"name":"Chibougamau","latitude":49.91684,"longitude":-74.36586},{"id":16309,"name":"Chute-aux-Outardes","latitude":49.11679,"longitude":-68.39896},{"id":16318,"name":"Coaticook","latitude":45.13339,"longitude":-71.79907},{"id":16330,"name":"Contrecoeur","latitude":45.85008,"longitude":-73.23245},{"id":16331,"name":"Cookshire","latitude":45.41536,"longitude":-71.62962},{"id":16332,"name":"Cookshire-Eaton","latitude":45.41675,"longitude":-71.6324},{"id":16351,"name":"Côte-Nord","latitude":50.86683,"longitude":-65.81541},{"id":16352,"name":"Côte-Saint-Luc","latitude":45.46536,"longitude":-73.66585},{"id":16340,"name":"Coteau-du-Lac","latitude":45.30008,"longitude":-74.18253},{"id":16343,"name":"Cowansville","latitude":45.20008,"longitude":-72.74913},{"id":16345,"name":"Crabtree","latitude":45.96677,"longitude":-73.46586},{"id":16354,"name":"Danville","latitude":45.78337,"longitude":-72.0158},{"id":16357,"name":"Daveluyville","latitude":46.20006,"longitude":-72.13239},{"id":16365,"name":"Delson","latitude":45.36678,"longitude":-73.54917},{"id":16370,"name":"Deux-Montagnes","latitude":45.53455,"longitude":-73.90168},{"id":16376,"name":"Disraeli","latitude":45.90007,"longitude":-71.34907},{"id":16377,"name":"Dolbeau-Mistassini","latitude":48.8786,"longitude":-72.23142},{"id":16378,"name":"Dollard-Des Ormeaux","latitude":45.49452,"longitude":-73.82419},{"id":16379,"name":"Donnacona","latitude":46.68042,"longitude":-71.7239},{"id":16381,"name":"Dorval","latitude":45.4473,"longitude":-73.75335},{"id":16384,"name":"Drummondville","latitude":45.88336,"longitude":-72.48241},{"id":16388,"name":"Dunham","latitude":45.13338,"longitude":-72.79913},{"id":16391,"name":"East Angus","latitude":45.48338,"longitude":-71.66577},{"id":16392,"name":"East Broughton","latitude":46.21358,"longitude":-71.07674},{"id":16418,"name":"Farnham","latitude":45.28338,"longitude":-72.98244},{"id":16419,"name":"Ferme-Neuve","latitude":46.70011,"longitude":-75.44929},{"id":16420,"name":"Fermont","latitude":52.78345,"longitude":-67.08204},{"id":16426,"name":"Forestville","latitude":48.73808,"longitude":-69.08478},{"id":16436,"name":"Fort-Coulonge","latitude":45.85011,"longitude":-76.73272},{"id":16437,"name":"Fossambault-sur-le-Lac","latitude":46.87662,"longitude":-71.61541},{"id":16439,"name":"Franklin","latitude":45.03338,"longitude":-73.91591},{"id":16447,"name":"Gaspé","latitude":48.83341,"longitude":-64.48194},{"id":16448,"name":"Gaspésie-Îles-de-la-Madeleine","latitude":48.87555,"longitude":-65.4071},{"id":16449,"name":"Gatineau","latitude":45.47723,"longitude":-75.70164},{"id":16456,"name":"Godefroy","latitude":51.75012,"longitude":-68.08213},{"id":16461,"name":"Granby","latitude":45.40008,"longitude":-72.73243},{"id":16485,"name":"Hampstead","latitude":45.48064,"longitude":-73.66307},{"id":16495,"name":"Hauterive","latitude":49.19572,"longitude":-68.25813},{"id":16496,"name":"Havre-Saint-Pierre","latitude":50.24342,"longitude":-63.60264},{"id":16517,"name":"Hérouxville","latitude":46.66617,"longitude":-72.62512},{"id":16511,"name":"Hudson","latitude":45.45008,"longitude":-74.14922},{"id":16514,"name":"Huntingdon","latitude":45.08339,"longitude":-74.16593},{"id":16529,"name":"Joliette","latitude":46.0164,"longitude":-73.4236},{"id":16530,"name":"Jonquière","latitude":48.41648,"longitude":-71.24884},{"id":16549,"name":"Kingsey Falls","latitude":45.85007,"longitude":-72.0658},{"id":16551,"name":"Kirkland","latitude":45.45008,"longitude":-73.86586},{"id":16556,"name":"L'Ancienne-Lorette","latitude":46.79392,"longitude":-71.35191},{"id":16557,"name":"L'Ange-Gardien","latitude":46.91976,"longitude":-71.08253},{"id":16558,"name":"L'Ascension-de-Notre-Seigneur","latitude":48.68339,"longitude":-71.6658},{"id":16559,"name":"L'Assomption","latitude":45.82318,"longitude":-73.4294},{"id":16561,"name":"L'Épiphanie","latitude":45.85008,"longitude":-73.48246},{"id":16562,"name":"L'Île-Perrot","latitude":45.38338,"longitude":-73.9492},{"id":16564,"name":"La Conception","latitude":46.15009,"longitude":-74.69925},{"id":16565,"name":"La Haute-Saint-Charles","latitude":46.89028,"longitude":-71.37222},{"id":16566,"name":"La Malbaie","latitude":47.654,"longitude":-70.15268},{"id":16567,"name":"La Minerve","latitude":46.25009,"longitude":-74.93257},{"id":16568,"name":"La Pocatière","latitude":47.36733,"longitude":-70.03484},{"id":16569,"name":"La Prairie","latitude":45.41678,"longitude":-73.49917},{"id":16571,"name":"La Sarre","latitude":48.80019,"longitude":-79.19964},{"id":16572,"name":"La Tuque","latitude":47.43337,"longitude":-72.7824},{"id":16573,"name":"Labelle","latitude":46.28339,"longitude":-74.73255},{"id":16577,"name":"Lac-Alouette","latitude":45.81698,"longitude":-73.9592},{"id":16578,"name":"Lac-Brome","latitude":45.21678,"longitude":-72.51581},{"id":16579,"name":"Lac-Connelly","latitude":45.89788,"longitude":-73.9723},{"id":16580,"name":"Lac-Lapierre","latitude":45.89837,"longitude":-73.77308},{"id":16581,"name":"Lac-Mégantic","latitude":45.58338,"longitude":-70.88234},{"id":16582,"name":"Lac-Simon","latitude":46.15699,"longitude":-74.74129},{"id":16583,"name":"Lachute","latitude":45.65008,"longitude":-74.33253},{"id":16584,"name":"Lacolle","latitude":45.08338,"longitude":-73.36585},{"id":16599,"name":"Lanoraie","latitude":45.96677,"longitude":-73.21585},{"id":16604,"name":"Laval","latitude":45.56995,"longitude":-73.692},{"id":16605,"name":"Lavaltrie","latitude":45.88338,"longitude":-73.28245},{"id":16606,"name":"Le Bic","latitude":48.37549,"longitude":-68.69415},{"id":17224,"name":"le Plateau","latitude":45.43514,"longitude":-75.7803},{"id":16608,"name":"Lebel-sur-Quévillon","latitude":49.05018,"longitude":-76.98273},{"id":16609,"name":"Leblanc","latitude":48.26683,"longitude":-74.34914},{"id":16612,"name":"Les Cèdres","latitude":45.30008,"longitude":-74.04922},{"id":16611,"name":"Les Coteaux","latitude":45.28338,"longitude":-74.23254},{"id":16613,"name":"Les Escoumins","latitude":48.35191,"longitude":-69.40724},{"id":16639,"name":"Lévis","latitude":46.80326,"longitude":-71.17793},{"id":16620,"name":"Linière","latitude":46.00007,"longitude":-70.41572},{"id":16628,"name":"Longueuil","latitude":45.53121,"longitude":-73.51806},{"id":16630,"name":"Lorraine","latitude":45.68338,"longitude":-73.78249},{"id":16631,"name":"Louiseville","latitude":46.25594,"longitude":-72.94145},{"id":16634,"name":"Luceville","latitude":48.54498,"longitude":-68.39658},{"id":16640,"name":"Macamic","latitude":48.75018,"longitude":-78.99962},{"id":16644,"name":"Magog","latitude":45.26678,"longitude":-72.14909},{"id":16646,"name":"Malartic","latitude":48.13348,"longitude":-78.13283},{"id":16647,"name":"Maliotenam","latitude":50.21119,"longitude":-66.18164},{"id":16648,"name":"Manawan","latitude":47.22029,"longitude":-74.38606},{"id":16649,"name":"Mandeville","latitude":46.36677,"longitude":-73.34915},{"id":16652,"name":"Maniwaki","latitude":46.38341,"longitude":-75.96605},{"id":16659,"name":"Maria","latitude":48.1749,"longitude":-65.98595},{"id":16660,"name":"Marieville","latitude":45.43338,"longitude":-73.16585},{"id":16665,"name":"Mascouche","latitude":45.74965,"longitude":-73.59956},{"id":16666,"name":"Maskinongé","latitude":46.2286,"longitude":-73.01917},{"id":16667,"name":"Matagami","latitude":49.75018,"longitude":-77.63277},{"id":16668,"name":"Matane","latitude":48.82857,"longitude":-67.52197},{"id":16670,"name":"Mauricie","latitude":47.55009,"longitude":-73.41583},{"id":16678,"name":"Melocheville","latitude":45.31726,"longitude":-73.9371},{"id":16680,"name":"Mercier","latitude":45.31678,"longitude":-73.74919},{"id":16725,"name":"Métabetchouan","latitude":48.36679,"longitude":-72.01583},{"id":16682,"name":"Metabetchouan-Lac-a-la-Croix","latitude":48.41,"longitude":-71.78},{"id":16694,"name":"Mirabel","latitude":45.65008,"longitude":-74.08251},{"id":16699,"name":"Mistissini","latitude":50.41667,"longitude":-73.88333},{"id":16701,"name":"Mont-Joli","latitude":48.58388,"longitude":-68.19214},{"id":16702,"name":"Mont-Laurier","latitude":46.55011,"longitude":-75.4993},{"id":16703,"name":"Mont-Royal","latitude":45.51675,"longitude":-73.64918},{"id":16704,"name":"Mont-Saint-Grégoire","latitude":45.33338,"longitude":-73.16585},{"id":16705,"name":"Mont-Saint-Hilaire","latitude":45.56515,"longitude":-73.1868},{"id":16706,"name":"Mont-Tremblant","latitude":46.21274,"longitude":-74.58438},{"id":16708,"name":"Montmagny","latitude":46.98043,"longitude":-70.55493},{"id":16709,"name":"Montréal","latitude":45.50008,"longitude":-73.68248},{"id":16710,"name":"Montréal-Est","latitude":45.63202,"longitude":-73.5075},{"id":16711,"name":"Montréal-Ouest","latitude":45.45286,"longitude":-73.64918},{"id":16718,"name":"Morin-Heights","latitude":45.90009,"longitude":-74.24922},{"id":16732,"name":"Napierville","latitude":45.18648,"longitude":-73.40468},{"id":16737,"name":"Neuville","latitude":46.69823,"longitude":-71.58275},{"id":16738,"name":"New Carlisle","latitude":48.00956,"longitude":-65.33621},{"id":16743,"name":"New-Richmond","latitude":48.16059,"longitude":-65.85823},{"id":16746,"name":"Nicolet","latitude":46.21676,"longitude":-72.61582},{"id":16751,"name":"Nord-du-Québec","latitude":51.962,"longitude":-74.8961},{"id":16754,"name":"Normandin","latitude":48.83328,"longitude":-72.53209},{"id":16764,"name":"Notre-Dame-de-Grâce","latitude":45.47675,"longitude":-73.61432},{"id":16765,"name":"Notre-Dame-de-l'Île-Perrot","latitude":45.36678,"longitude":-73.9325},{"id":16766,"name":"Notre-Dame-des-Prairies","latitude":46.05007,"longitude":-73.43245},{"id":16767,"name":"Notre-Dame-du-Lac","latitude":46.75012,"longitude":-79.04961},{"id":16768,"name":"Notre-Dame-du-Mont-Carmel","latitude":46.0168,"longitude":-75.08259},{"id":16771,"name":"Oka","latitude":45.46489,"longitude":-74.08892},{"id":16780,"name":"Ormstown","latitude":45.13338,"longitude":-73.99922},{"id":16786,"name":"Otterburn Park","latitude":45.53338,"longitude":-73.21585},{"id":16787,"name":"Outaouais","latitude":46.26681,"longitude":-76.31606},{"id":16794,"name":"Papineauville","latitude":45.6168,"longitude":-75.01599},{"id":16795,"name":"Parc-Boutin","latitude":45.29209,"longitude":-73.26154},{"id":16821,"name":"Piedmont","latitude":45.90008,"longitude":-74.13251},{"id":16822,"name":"Pierreville","latitude":46.07034,"longitude":-72.81125},{"id":16825,"name":"Pincourt","latitude":45.38338,"longitude":-73.9825},{"id":16829,"name":"Plessisville","latitude":46.21856,"longitude":-71.76201},{"id":16830,"name":"Pohénégamook","latitude":47.46315,"longitude":-69.22666},{"id":16831,"name":"Pointe-Calumet","latitude":45.50008,"longitude":-73.9659},{"id":16832,"name":"Pointe-Claire","latitude":45.44868,"longitude":-73.81669},{"id":16833,"name":"Pointe-du-Lac","latitude":48.50009,"longitude":-71.78241},{"id":16835,"name":"Pont Rouge","latitude":48.88332,"longitude":-72.08247},{"id":16836,"name":"Pont-Rouge","latitude":46.75468,"longitude":-71.69566},{"id":16847,"name":"Port-Cartier","latitude":50.03339,"longitude":-66.86545},{"id":16849,"name":"Portneuf","latitude":46.69058,"longitude":-71.89011},{"id":16862,"name":"Prévost","latitude":45.86678,"longitude":-74.08251},{"id":16860,"name":"Princeville","latitude":46.17163,"longitude":-71.87462},{"id":16867,"name":"Québec","latitude":46.81228,"longitude":-71.21454},{"id":16870,"name":"Rawdon","latitude":46.05007,"longitude":-73.71587},{"id":16881,"name":"Repentigny","latitude":45.74222,"longitude":-73.45008},{"id":16883,"name":"Richelieu","latitude":45.44336,"longitude":-73.24602},{"id":16886,"name":"Richmond","latitude":45.66677,"longitude":-72.1491},{"id":16891,"name":"Rigaud","latitude":45.47927,"longitude":-74.30238},{"id":16893,"name":"Rimouski","latitude":48.44879,"longitude":-68.52396},{"id":16896,"name":"Rivière-du-Loup","latitude":47.82699,"longitude":-69.54243},{"id":16895,"name":"Rivière-Rouge","latitude":46.41679,"longitude":-74.86596},{"id":16897,"name":"Roberval","latitude":48.5168,"longitude":-72.23244},{"id":16899,"name":"Rock Forest","latitude":45.35699,"longitude":-71.99676},{"id":16902,"name":"Rosemère","latitude":45.63338,"longitude":-73.79919},{"id":16906,"name":"Rougemont","latitude":45.43338,"longitude":-73.04914},{"id":16907,"name":"Rouyn-Noranda","latitude":48.23656,"longitude":-79.02311},{"id":16911,"name":"Sacré-Coeur","latitude":48.2297,"longitude":-69.80061},{"id":16912,"name":"Saguenay","latitude":48.41675,"longitude":-71.06573},{"id":16915,"name":"Saint-Adolphe-d'Howard","latitude":45.96679,"longitude":-74.33253},{"id":16916,"name":"Saint-Alexandre","latitude":45.5001,"longitude":-75.74935},{"id":16917,"name":"Saint-Amable","latitude":45.65008,"longitude":-73.29916},{"id":16918,"name":"Saint-Ambroise","latitude":48.55009,"longitude":-71.33238},{"id":16919,"name":"Saint-André-Avellin","latitude":45.7168,"longitude":-75.06599},{"id":16920,"name":"Saint-Anselme","latitude":46.62922,"longitude":-70.9734},{"id":16922,"name":"Saint-Antoine-de-Tilly","latitude":46.66346,"longitude":-71.57335},{"id":16923,"name":"Saint-Augustin","latitude":51.22602,"longitude":-58.65017},{"id":16924,"name":"Saint-Augustin-de-Desmaures","latitude":46.74064,"longitude":-71.45131},{"id":16925,"name":"Saint-Barnabé-Sud","latitude":45.72977,"longitude":-72.92244},{"id":16926,"name":"Saint-Basile-le-Grand","latitude":45.53338,"longitude":-73.28246},{"id":16927,"name":"Saint-Boniface","latitude":46.50011,"longitude":-75.98264},{"id":16928,"name":"Saint-Bruno","latitude":48.46679,"longitude":-71.6491},{"id":16929,"name":"Saint-Bruno-de-Guigues","latitude":47.46685,"longitude":-79.43296},{"id":16930,"name":"Saint-Bruno-de-Montarville","latitude":45.53341,"longitude":-73.34916},{"id":16931,"name":"Saint-Canut","latitude":45.71502,"longitude":-74.08376},{"id":16935,"name":"Saint-Césaire","latitude":45.41678,"longitude":-72.99914},{"id":16932,"name":"Saint-Charles","latitude":45.70288,"longitude":-73.55417},{"id":16936,"name":"Saint-Côme-Linière","latitude":46.06677,"longitude":-70.51573},{"id":16933,"name":"Saint-Constant","latitude":45.36678,"longitude":-73.56588},{"id":16934,"name":"Saint-Cyrille-de-Wendover","latitude":45.93336,"longitude":-72.43241},{"id":16937,"name":"Saint-Damase","latitude":45.53341,"longitude":-72.99914},{"id":16938,"name":"Saint-Denis-sur-Richelieu","latitude":45.78338,"longitude":-73.14915},{"id":16939,"name":"Saint-Donat-de-Montcalm","latitude":46.31868,"longitude":-74.22171},{"id":16992,"name":"Saint-Édouard","latitude":45.23338,"longitude":-73.51588},{"id":16940,"name":"Saint-Elzéar","latitude":45.60338,"longitude":-73.72698},{"id":16993,"name":"Saint-Éphrem-de-Beauce","latitude":46.06677,"longitude":-70.94905},{"id":16941,"name":"Saint-Eustache","latitude":45.565,"longitude":-73.90554},{"id":16942,"name":"Saint-Félicien","latitude":48.65007,"longitude":-72.44906},{"id":16943,"name":"Saint-Félix-de-Valois","latitude":46.16977,"longitude":-73.42525},{"id":16944,"name":"Saint-Gabriel","latitude":46.30007,"longitude":-73.38245},{"id":16947,"name":"Saint-Gédéon","latitude":48.50009,"longitude":-71.76581},{"id":16945,"name":"Saint-Georges","latitude":46.11353,"longitude":-70.66526},{"id":16946,"name":"Saint-Germain-de-Grantham","latitude":45.83337,"longitude":-72.56582},{"id":16948,"name":"Saint-Henri","latitude":46.69314,"longitude":-71.06927},{"id":16949,"name":"Saint-Hippolyte","latitude":45.93338,"longitude":-74.0159},{"id":16950,"name":"Saint-Honoré","latitude":48.53338,"longitude":-71.08236},{"id":16951,"name":"Saint-Hyacinthe","latitude":45.63076,"longitude":-72.95699},{"id":16952,"name":"Saint-Isidore","latitude":47.43345,"longitude":-79.29965},{"id":16953,"name":"Saint-Jacques-le-Mineur","latitude":45.28338,"longitude":-73.41587},{"id":16954,"name":"Saint-Jean-Baptiste","latitude":45.3806,"longitude":-74.0121},{"id":16955,"name":"Saint-Jean-sur-Richelieu","latitude":45.30713,"longitude":-73.26259},{"id":16960,"name":"Saint-Jérôme","latitude":45.78036,"longitude":-74.00365},{"id":16956,"name":"Saint-Joseph","latitude":45.95817,"longitude":-73.22025},{"id":16957,"name":"Saint-Joseph-de-Beauce","latitude":46.3,"longitude":-70.86667},{"id":16958,"name":"Saint-Joseph-de-Coleraine","latitude":45.96677,"longitude":-71.36577},{"id":16959,"name":"Saint-Joseph-du-Lac","latitude":45.53338,"longitude":-73.9992},{"id":16961,"name":"Saint-Lambert-de-Lauzon","latitude":46.58624,"longitude":-71.20892},{"id":16962,"name":"Saint-Laurent","latitude":45.50008,"longitude":-73.66585},{"id":16963,"name":"Saint-Lazare","latitude":45.40008,"longitude":-74.13256},{"id":16966,"name":"Saint-Léonard","latitude":45.58773,"longitude":-73.59501},{"id":16968,"name":"Saint-Léonard-d'Aston","latitude":46.10006,"longitude":-72.3658},{"id":16964,"name":"Saint-Liboire","latitude":45.65068,"longitude":-72.76348},{"id":16965,"name":"Saint-Lin-Laurentides","latitude":45.85008,"longitude":-73.76588},{"id":16969,"name":"Saint-Marc-des-Carrières","latitude":46.68335,"longitude":-72.0491},{"id":16970,"name":"Saint-Mathieu","latitude":45.31678,"longitude":-73.51587},{"id":16971,"name":"Saint-Michel","latitude":45.56758,"longitude":-73.62168},{"id":16972,"name":"Saint-Michel-des-Saints","latitude":46.67702,"longitude":-73.91881},{"id":16973,"name":"Saint-Nazaire","latitude":48.58944,"longitude":-71.55247},{"id":16974,"name":"Saint-Norbert","latitude":46.16949,"longitude":-73.31494},{"id":16975,"name":"Saint-Pacôme","latitude":47.40457,"longitude":-69.95025},{"id":16976,"name":"Saint-Pascal","latitude":47.51813,"longitude":-69.80301},{"id":16977,"name":"Saint-Philippe-de-La Prairie","latitude":45.35723,"longitude":-73.47706},{"id":16978,"name":"Saint-Pie","latitude":45.50277,"longitude":-72.9089},{"id":16979,"name":"Saint-Pierre-les-Becquets","latitude":46.50005,"longitude":-72.1991},{"id":16980,"name":"Saint-Prime","latitude":48.58339,"longitude":-72.33244},{"id":16981,"name":"Saint-Raphaël","latitude":46.25011,"longitude":-76.01605},{"id":16982,"name":"Saint-Raymond","latitude":45.46698,"longitude":-73.60948},{"id":16983,"name":"Saint-Rémi","latitude":45.26678,"longitude":-73.61588},{"id":16984,"name":"Saint-Rémi-de-Tingwick","latitude":45.86677,"longitude":-71.81581},{"id":16985,"name":"Saint-Sauveur","latitude":45.88686,"longitude":-74.17943},{"id":16986,"name":"Saint-Sauveur-des-Monts","latitude":45.90008,"longitude":-74.16591},{"id":16987,"name":"Saint-Siméon","latitude":47.84431,"longitude":-69.87837},{"id":16988,"name":"Saint-Thomas","latitude":46.01677,"longitude":-73.34915},{"id":16989,"name":"Saint-Tite","latitude":46.73336,"longitude":-72.56581},{"id":16990,"name":"Saint-Victor","latitude":45.61118,"longitude":-73.51527},{"id":16991,"name":"Saint-Zotique","latitude":45.25009,"longitude":-74.24924},{"id":16994,"name":"Sainte Catherine de la Jacques Cartier","latitude":46.85244,"longitude":-71.62056},{"id":16995,"name":"Sainte-Adèle","latitude":45.95008,"longitude":-74.13251},{"id":16996,"name":"Sainte-Agathe-des-Monts","latitude":46.05009,"longitude":-74.28252},{"id":16997,"name":"Sainte-Anne-de-Bellevue","latitude":45.40618,"longitude":-73.9456},{"id":16998,"name":"Sainte-Anne-des-Monts","latitude":49.12402,"longitude":-66.49243},{"id":16999,"name":"Sainte-Anne-des-Plaines","latitude":45.76468,"longitude":-73.81156},{"id":17000,"name":"Sainte-Béatrix","latitude":46.20007,"longitude":-73.61587},{"id":17001,"name":"Sainte-Catherine","latitude":45.40008,"longitude":-73.58248},{"id":17002,"name":"Sainte-Croix","latitude":45.13368,"longitude":-72.80083},{"id":17012,"name":"Sainte-Élisabeth","latitude":46.09502,"longitude":-73.35176},{"id":17003,"name":"Sainte-Julie","latitude":45.58338,"longitude":-73.33246},{"id":17004,"name":"Sainte-Julienne","latitude":45.96677,"longitude":-73.71587},{"id":17005,"name":"Sainte-Madeleine","latitude":45.60008,"longitude":-73.09914},{"id":17006,"name":"Sainte-Marie","latitude":46.43401,"longitude":-71.01168},{"id":17007,"name":"Sainte-Marthe-sur-le-Lac","latitude":45.53338,"longitude":-73.9325},{"id":17008,"name":"Sainte-Martine","latitude":45.25008,"longitude":-73.79919},{"id":17009,"name":"Sainte-Sophie","latitude":45.81678,"longitude":-73.89919},{"id":17010,"name":"Sainte-Thècle","latitude":46.81676,"longitude":-72.49911},{"id":17011,"name":"Sainte-Thérèse","latitude":45.63922,"longitude":-73.82757},{"id":17013,"name":"Salaberry-de-Valleyfield","latitude":45.25008,"longitude":-74.13253},{"id":17015,"name":"Salluit","latitude":62.20411,"longitude":-75.64344},{"id":17027,"name":"Senneterre","latitude":48.39302,"longitude":-77.23951},{"id":17028,"name":"Sept-Îles","latitude":50.20011,"longitude":-66.38208},{"id":17030,"name":"Shannon","latitude":46.88026,"longitude":-71.51464},{"id":17032,"name":"Shawinigan","latitude":46.56675,"longitude":-72.74913},{"id":17033,"name":"Shawville","latitude":45.60011,"longitude":-76.4827},{"id":17039,"name":"Sherbrooke","latitude":45.40008,"longitude":-71.89908},{"id":17054,"name":"Sorel-Tracy","latitude":46.04178,"longitude":-73.11358},{"id":17066,"name":"St-Jean-Port-Joli","latitude":47.21418,"longitude":-70.26969},{"id":17091,"name":"Sutton","latitude":45.10008,"longitude":-72.61582},{"id":17132,"name":"Témiscaming","latitude":46.72122,"longitude":-79.09712},{"id":17103,"name":"Terrasse-des-Pins","latitude":45.86449,"longitude":-74.06627},{"id":17104,"name":"Terrebonne","latitude":45.70004,"longitude":-73.64732},{"id":17107,"name":"Thetford-Mines","latitude":46.09371,"longitude":-71.30539},{"id":17113,"name":"Thurso","latitude":45.6001,"longitude":-75.24931},{"id":17126,"name":"Trois-Rivières","latitude":46.34515,"longitude":-72.5477},{"id":17139,"name":"Val-d'Or","latitude":48.0974,"longitude":-77.79737},{"id":17137,"name":"Val-David","latitude":46.03338,"longitude":-74.21592},{"id":17140,"name":"Val-des-Monts","latitude":45.6501,"longitude":-75.66604},{"id":17138,"name":"Val-Morin","latitude":46.00008,"longitude":-74.18251},{"id":17141,"name":"Valcourt","latitude":45.50008,"longitude":-72.31581},{"id":17144,"name":"Vallée-Jonction","latitude":46.37441,"longitude":-70.91881},{"id":17148,"name":"Varennes","latitude":45.68338,"longitude":-73.43246},{"id":17149,"name":"Vaudreuil-Dorion","latitude":45.40008,"longitude":-74.03251},{"id":17152,"name":"Venise-en-Québec","latitude":45.08338,"longitude":-73.13245},{"id":17153,"name":"Verchères","latitude":45.78338,"longitude":-73.34916},{"id":17157,"name":"Victoriaville","latitude":46.05007,"longitude":-71.96579},{"id":17159,"name":"Ville-Marie","latitude":47.33345,"longitude":-79.43297},{"id":17167,"name":"Wakefield","latitude":45.6668,"longitude":-75.83265},{"id":17171,"name":"Warwick","latitude":45.95007,"longitude":-71.9824},{"id":17173,"name":"Waskaganish","latitude":51.48333,"longitude":-78.75},{"id":17174,"name":"Waswanipi","latitude":49.73346,"longitude":-76.16604},{"id":17177,"name":"Waterloo","latitude":45.35008,"longitude":-72.51582},{"id":17182,"name":"Weedon Centre","latitude":45.70802,"longitude":-71.45986},{"id":17196,"name":"Westmount","latitude":45.48341,"longitude":-73.59918},{"id":17199,"name":"Weymontachie","latitude":47.8994,"longitude":-73.7772},{"id":17210,"name":"Windsor","latitude":45.56678,"longitude":-71.99909},{"id":17219,"name":"Yamachiche","latitude":46.26676,"longitude":-72.83243}]