[{"id":150058,"name":"Boven Bolivia","latitude":12.1819,"longitude":-68.2181},{"id":150059,"name":"Dorp Tera Kora","latitude":12.13333,"longitude":-68.26667},{"id":150060,"name":"Oranjestad","latitude":17.48333333,"longitude":-62.98333333},{"id":150061,"name":"Rincon","latitude":12.23833333,"longitude":-68.3325},{"id":150062,"name":"St. Johns","latitude":17.6210075,"longitude":-63.2431683},{"id":150063,"name":"The Bottom","latitude":17.62611111,"longitude":-63.24916667},{"id":150064,"name":"Windwardside","latitude":17.62864,"longitude":-63.23136},{"id":150065,"name":"Zion's Hill","latitude":17.643,"longitude":-63.22649}]