[{"id":281,"name":"Abovyan","latitude":40.27368,"longitude":44.63348},{"id":287,"name":"Aghavnadzor","latitude":40.58195,"longitude":44.69581},{"id":295,"name":"Akunk’","latitude":40.26672,"longitude":44.6861},{"id":308,"name":"Aramus","latitude":40.25095,"longitude":44.66351},{"id":323,"name":"Argel","latitude":40.37793,"longitude":44.6001},{"id":332,"name":"Arzakan","latitude":40.45007,"longitude":44.60828},{"id":333,"name":"Arzni","latitude":40.2973,"longitude":44.59869},{"id":349,"name":"Balahovit","latitude":40.25153,"longitude":44.60828},{"id":357,"name":"Bjni","latitude":40.45831,"longitude":44.65008},{"id":360,"name":"Buzhakan","latitude":40.45569,"longitude":44.51947},{"id":363,"name":"Byureghavan","latitude":40.31417,"longitude":44.59333},{"id":379,"name":"Dzoraghbyur","latitude":40.20412,"longitude":44.6415},{"id":382,"name":"Fantan","latitude":40.39447,"longitude":44.6861},{"id":386,"name":"Garrni","latitude":40.11931,"longitude":44.73442},{"id":400,"name":"Goght’","latitude":40.1347,"longitude":44.78332},{"id":417,"name":"Hrazdan","latitude":40.49748,"longitude":44.7662},{"id":426,"name":"Kaputan","latitude":40.32507,"longitude":44.70007},{"id":435,"name":"Kotayk’","latitude":40.27789,"longitude":44.66388},{"id":442,"name":"Lerrnanist","latitude":40.46676,"longitude":44.79249},{"id":459,"name":"Mayakovski","latitude":40.25293,"longitude":44.63892},{"id":462,"name":"Meghradzor","latitude":40.60611,"longitude":44.65147},{"id":474,"name":"Mrgashen","latitude":40.28607,"longitude":44.54449},{"id":484,"name":"Nor Geghi","latitude":40.32233,"longitude":44.58331},{"id":485,"name":"Nor Gyugh","latitude":40.26672,"longitude":44.65832},{"id":500,"name":"Prroshyan","latitude":40.24731,"longitude":44.41949},{"id":501,"name":"Ptghni","latitude":40.25568,"longitude":44.58612},{"id":527,"name":"Solak","latitude":40.46252,"longitude":44.70709},{"id":537,"name":"Tsaghkadzor","latitude":40.53259,"longitude":44.72025},{"id":577,"name":"Yeghvard","latitude":40.32507,"longitude":44.48608},{"id":583,"name":"Zarr","latitude":40.25848,"longitude":44.73328},{"id":586,"name":"Zoravan","latitude":40.35553,"longitude":44.52228},{"id":587,"name":"Zovaber","latitude":40.56671,"longitude":44.79028}]