[{"id":9269,"name":"Belene","latitude":43.64594,"longitude":25.12627},{"id":9300,"name":"Cherven Bryag","latitude":43.26667,"longitude":24.1},{"id":9312,"name":"Dolna Mitropolia","latitude":43.46667,"longitude":24.53333},{"id":9314,"name":"Dolni Dabnik","latitude":43.4,"longitude":24.43333},{"id":9337,"name":"Gulyantsi","latitude":43.64109,"longitude":24.69368},{"id":9347,"name":"Iskar","latitude":43.45,"longitude":24.26667},{"id":9366,"name":"Knezha","latitude":43.5,"longitude":24.08333},{"id":9372,"name":"Koynare","latitude":43.35,"longitude":24.13333},{"id":9386,"name":"Levski","latitude":43.36667,"longitude":25.13333},{"id":9409,"name":"Nikopol","latitude":43.70528,"longitude":24.89521},{"id":9424,"name":"Obshtina Belene","latitude":43.63333,"longitude":25.13333},{"id":9449,"name":"Obshtina Cherven Bryag","latitude":43.33333,"longitude":24.13333},{"id":9460,"name":"Obshtina Dolna Mitropolia","latitude":43.58333,"longitude":24.41667},{"id":9462,"name":"Obshtina Dolni Dabnik","latitude":43.36667,"longitude":24.41667},{"id":9484,"name":"Obshtina Gulyantsi","latitude":43.68333,"longitude":24.65},{"id":9490,"name":"Obshtina Iskar","latitude":43.5,"longitude":24.28333},{"id":9503,"name":"Obshtina Knezha","latitude":43.5,"longitude":24.11667},{"id":9521,"name":"Obshtina Levski","latitude":43.43333,"longitude":25.1},{"id":9541,"name":"Obshtina Nikopol","latitude":43.6,"longitude":24.93333},{"id":9557,"name":"Obshtina Pleven","latitude":43.4,"longitude":24.7},{"id":9562,"name":"Obshtina Pordim","latitude":43.38333,"longitude":24.9},{"id":9655,"name":"Pleven","latitude":43.41667,"longitude":24.61667},{"id":9660,"name":"Pordim","latitude":43.38333,"longitude":24.85},{"id":9696,"name":"Slavyanovo","latitude":43.46667,"longitude":24.86667}]