[{"id":11,"name":"Abu Dhabi Island and Internal Islands City","latitude":24.4511,"longitude":54.3969},{"id":12,"name":"Abu Dhabi Municipality","latitude":24.41361,"longitude":54.43295},{"id":16,"name":"Al Ain City","latitude":24.19167,"longitude":55.76056},{"id":17,"name":"Al Ain Municipality","latitude":24.15223,"longitude":55.8204},{"id":19,"name":"Al Dhafra","latitude":23.65745,"longitude":53.72225},{"id":24,"name":"Al Shamkhah City","latitude":24.39268,"longitude":54.70779},{"id":25,"name":"Ar Ruways","latitude":24.11028,"longitude":52.73056},{"id":26,"name":"Bani Yas City","latitude":24.30978,"longitude":54.62944},{"id":34,"name":"Khalifah A City","latitude":24.42588,"longitude":54.605},{"id":41,"name":"Musaffah","latitude":24.35893,"longitude":54.48267},{"id":42,"name":"Muzayri‘","latitude":23.14355,"longitude":53.7881},{"id":49,"name":"Zayed City","latitude":23.65416,"longitude":53.70522}]