[{"id":9294,"name":"Byala Cherkva","latitude":43.2,"longitude":25.3},{"id":9305,"name":"Debelets","latitude":43.03333,"longitude":25.61667},{"id":9324,"name":"Elena","latitude":42.93333,"longitude":25.88333},{"id":9334,"name":"Gorna Oryahovitsa","latitude":43.12778,"longitude":25.70167},{"id":9361,"name":"Kilifarevo","latitude":42.98333,"longitude":25.63333},{"id":9391,"name":"Lyaskovets","latitude":43.11111,"longitude":25.72833},{"id":9470,"name":"Obshtina Elena","latitude":42.91667,"longitude":25.95},{"id":9481,"name":"Obshtina Gorna Oryahovitsa","latitude":43.21667,"longitude":25.75},{"id":9525,"name":"Obshtina Lyaskovets","latitude":43.13333,"longitude":25.85},{"id":9550,"name":"Obshtina Pavlikeni","latitude":43.28333,"longitude":25.35},{"id":9559,"name":"Obshtina Polski Trambesh","latitude":43.35,"longitude":25.58333},{"id":9601,"name":"Obshtina Strazhitsa","latitude":43.26667,"longitude":25.98333},{"id":9604,"name":"Obshtina Suhindol","latitude":43.16667,"longitude":25.2},{"id":9608,"name":"Obshtina Svishtov","latitude":43.53333,"longitude":25.35},{"id":9626,"name":"Obshtina Veliko Tŭrnovo","latitude":43.08241,"longitude":25.63202},{"id":9637,"name":"Obshtina Zlataritsa","latitude":43.06667,"longitude":25.98333},{"id":9646,"name":"Parvomaytsi","latitude":43.15,"longitude":25.65},{"id":9648,"name":"Pavlikeni","latitude":43.24278,"longitude":25.32194},{"id":9657,"name":"Polski Trambesh","latitude":43.37233,"longitude":25.63525},{"id":9709,"name":"Strazhitsa","latitude":43.23333,"longitude":25.96667},{"id":9712,"name":"Suhindol","latitude":43.19167,"longitude":25.18111},{"id":9717,"name":"Svishtov","latitude":43.61875,"longitude":25.35033},{"id":9737,"name":"Veliko Tŭrnovo","latitude":43.08124,"longitude":25.62904},{"id":9749,"name":"Zlataritsa","latitude":43.05,"longitude":25.9}]