[{"id":9360,"name":"Kermen","latitude":42.5,"longitude":26.25},{"id":9371,"name":"Kotel","latitude":42.88333,"longitude":26.45},{"id":9410,"name":"Nova Zagora","latitude":42.48333,"longitude":26.01667},{"id":9508,"name":"Obshtina Kotel","latitude":42.88333,"longitude":26.45},{"id":9542,"name":"Obshtina Nova Zagora","latitude":42.45,"longitude":26.05},{"id":9591,"name":"Obshtina Sliven","latitude":42.66667,"longitude":26.31667},{"id":9620,"name":"Obshtina Tvarditsa","latitude":42.73333,"longitude":26.0},{"id":9697,"name":"Sliven","latitude":42.68583,"longitude":26.32917},{"id":9731,"name":"Tvarditsa","latitude":42.7,"longitude":25.9}]