[{"id":9318,"name":"Dryanovo","latitude":42.97897,"longitude":25.4785},{"id":9328,"name":"Gabrovo","latitude":42.87472,"longitude":25.33417},{"id":9465,"name":"Obshtina Dryanovo","latitude":43.0,"longitude":25.46667},{"id":9474,"name":"Obshtina Gabrovo","latitude":42.9,"longitude":25.3},{"id":9586,"name":"Obshtina Sevlievo","latitude":43.01667,"longitude":25.1},{"id":9615,"name":"Obshtina Tryavna","latitude":42.85,"longitude":25.55},{"id":9689,"name":"Sevlievo","latitude":43.02583,"longitude":25.11361},{"id":9726,"name":"Tryavna","latitude":42.86667,"longitude":25.5}]