[{"id":9259,"name":"Asenovgrad","latitude":42.01667,"longitude":24.86667},{"id":9289,"name":"Brezovo","latitude":42.35,"longitude":25.08333},{"id":9345,"name":"Hisarya","latitude":42.5,"longitude":24.7},{"id":9351,"name":"Kalofer","latitude":42.61667,"longitude":24.98333},{"id":9352,"name":"Kaloyanovo","latitude":42.35,"longitude":24.73333},{"id":9355,"name":"Karlovo","latitude":42.63333,"longitude":24.8},{"id":9365,"name":"Klisura","latitude":42.7,"longitude":24.45},{"id":9375,"name":"Krichim","latitude":42.05,"longitude":24.46667},{"id":9383,"name":"Laki","latitude":41.85,"longitude":24.81667},{"id":9417,"name":"Obshtina Asenovgrad","latitude":41.95,"longitude":24.96667},{"id":9489,"name":"Obshtina Hisarya","latitude":42.5,"longitude":24.6},{"id":9494,"name":"Obshtina Kaloyanovo","latitude":42.38333,"longitude":24.81667},{"id":9497,"name":"Obshtina Karlovo","latitude":42.68333,"longitude":24.66667},{"id":9512,"name":"Obshtina Krichim","latitude":42.00439,"longitude":24.47235},{"id":9516,"name":"Obshtina Kuklen","latitude":42.03725,"longitude":24.77949},{"id":9519,"name":"Obshtina Laki","latitude":41.81667,"longitude":24.85},{"id":9530,"name":"Obshtina Maritsa","latitude":42.23333,"longitude":24.8},{"id":9548,"name":"Obshtina Parvomay","latitude":42.03333,"longitude":25.2},{"id":9553,"name":"Obshtina Perushtitsa","latitude":42.06667,"longitude":24.55},{"id":9558,"name":"Obshtina Plovdiv","latitude":42.15,"longitude":24.75},{"id":9569,"name":"Obshtina Rakovski","latitude":42.26667,"longitude":24.98333},{"id":9573,"name":"Obshtina Rodopi","latitude":42.03333,"longitude":24.68333},{"id":9578,"name":"Obshtina Sadovo","latitude":42.13333,"longitude":25.0},{"id":9579,"name":"Obshtina Saedinenie","latitude":42.31667,"longitude":24.58333},{"id":9595,"name":"Obshtina Sopot","latitude":42.65214,"longitude":24.7431},{"id":9597,"name":"Obshtina Stamboliyski","latitude":42.11667,"longitude":24.51667},{"id":9645,"name":"Parvomay","latitude":42.1,"longitude":25.21667},{"id":9651,"name":"Perushtitsa","latitude":42.05,"longitude":24.55},{"id":9656,"name":"Plovdiv","latitude":42.15,"longitude":24.75},{"id":9667,"name":"Rakovski","latitude":42.27408,"longitude":24.94083},{"id":9677,"name":"Sadovo","latitude":42.13178,"longitude":24.93999},{"id":9678,"name":"Saedinenie","latitude":42.26667,"longitude":24.55},{"id":9704,"name":"Stamboliyski","latitude":42.13333,"longitude":24.53333},{"id":9723,"name":"Topolovo","latitude":41.9,"longitude":25.0}]