[{"id":3910,"name":"Aberfoyle Park","latitude":-35.0768,"longitude":138.59163},{"id":3919,"name":"Adelaide","latitude":-34.92866,"longitude":138.59863},{"id":3921,"name":"Adelaide city centre","latitude":-34.92873,"longitude":138.60334},{"id":3920,"name":"Adelaide Hills","latitude":-34.90103,"longitude":138.85457},{"id":3933,"name":"Albert Park","latitude":-34.87201,"longitude":138.51966},{"id":3935,"name":"Alberton","latitude":-34.85925,"longitude":138.52138},{"id":3944,"name":"Aldgate","latitude":-35.01667,"longitude":138.73333},{"id":3945,"name":"Aldinga Beach","latitude":-35.27826,"longitude":138.45802},{"id":3951,"name":"Alexandrina","latitude":-35.33769,"longitude":138.83704},{"id":3962,"name":"Allenby Gardens","latitude":-34.89766,"longitude":138.55425},{"id":3976,"name":"Anangu Pitjantjatjara","latitude":-27.05797,"longitude":131.37314},{"id":3978,"name":"Andrews Farm","latitude":-34.67632,"longitude":138.66197},{"id":3979,"name":"Angaston","latitude":-34.50129,"longitude":139.04625},{"id":3980,"name":"Angle Park","latitude":-34.85989,"longitude":138.55798},{"id":3981,"name":"Angle Vale","latitude":-34.64098,"longitude":138.6461},{"id":4001,"name":"Ardrossan","latitude":-34.42217,"longitude":137.91907},{"id":4014,"name":"Ascot Park","latitude":-34.99175,"longitude":138.55768},{"id":4023,"name":"Ashford","latitude":-34.94859,"longitude":138.57457},{"id":4033,"name":"Athelstone","latitude":-34.87019,"longitude":138.6999},{"id":4035,"name":"Athol Park","latitude":-34.85608,"longitude":138.54282},{"id":4069,"name":"Balaklava","latitude":-34.14542,"longitude":138.41148},{"id":4077,"name":"Balhannah","latitude":-34.99094,"longitude":138.82565},{"id":4102,"name":"Banksia Park","latitude":-34.81015,"longitude":138.7357},{"id":4122,"name":"Barmera","latitude":-34.25562,"longitude":140.46147},{"id":4126,"name":"Barossa","latitude":-34.61351,"longitude":138.96169},{"id":4130,"name":"Barunga West","latitude":-33.79484,"longitude":137.92311},{"id":4168,"name":"Beaumont","latitude":-34.94899,"longitude":138.66188},{"id":4173,"name":"Bedford Park","latitude":-35.02204,"longitude":138.56815},{"id":4183,"name":"Belair","latitude":-34.99766,"longitude":138.62077},{"id":4202,"name":"Bellevue Heights","latitude":-35.03023,"longitude":138.58314},{"id":4236,"name":"Berri","latitude":-34.28107,"longitude":140.59958},{"id":4237,"name":"Berri and Barmera","latitude":-34.28788,"longitude":140.49358},{"id":4247,"name":"Beulah Park","latitude":-34.91768,"longitude":138.64522},{"id":4250,"name":"Beverley","latitude":-34.89512,"longitude":138.54633},{"id":4268,"name":"Birdwood","latitude":-34.81826,"longitude":138.96478},{"id":4270,"name":"Birkenhead","latitude":-34.83685,"longitude":138.49788},{"id":4275,"name":"Black Forest","latitude":-34.96028,"longitude":138.57668},{"id":4296,"name":"Blackwood","latitude":-35.02139,"longitude":138.61429},{"id":4297,"name":"Blair Athol","latitude":-34.85889,"longitude":138.59656},{"id":4301,"name":"Blakeview","latitude":-34.67566,"longitude":138.7101},{"id":4348,"name":"Bordertown","latitude":-36.30768,"longitude":140.77167},{"id":4378,"name":"Brahma Lodge","latitude":-34.77604,"longitude":138.65306},{"id":4397,"name":"Bridgewater","latitude":-35.01397,"longitude":138.76648},{"id":4401,"name":"Brighton","latitude":-35.0182,"longitude":138.52351},{"id":4417,"name":"Broadview","latitude":-34.87589,"longitude":138.61498},{"id":4422,"name":"Brompton","latitude":-34.89445,"longitude":138.5782},{"id":4428,"name":"Brooklyn Park","latitude":-34.92847,"longitude":138.53631},{"id":4486,"name":"Burnside","latitude":-34.93333,"longitude":138.65},{"id":4493,"name":"Burra","latitude":-33.67171,"longitude":138.92835},{"id":4499,"name":"Burton","latitude":-34.73339,"longitude":138.60247},{"id":4546,"name":"Camden Park","latitude":-34.96857,"longitude":138.53957},{"id":4559,"name":"Campbelltown","latitude":-34.88545,"longitude":138.68546},{"id":4646,"name":"Ceduna","latitude":-32.14736,"longitude":133.86288},{"id":4664,"name":"Charles Sturt","latitude":-34.90067,"longitude":138.53182},{"id":4678,"name":"Cheltenham","latitude":-34.86788,"longitude":138.52336},{"id":4701,"name":"Christie Downs","latitude":-35.12999,"longitude":138.49633},{"id":4702,"name":"Christies Beach","latitude":-35.13876,"longitude":138.47232},{"id":4713,"name":"City of West Torrens","latitude":-34.93133,"longitude":138.5509},{"id":4714,"name":"Clapham","latitude":-34.98989,"longitude":138.60158},{"id":4715,"name":"Clare","latitude":-33.83325,"longitude":138.61064},{"id":4716,"name":"Clare and Gilbert Valleys","latitude":-34.01462,"longitude":138.7534},{"id":4721,"name":"Clarence Gardens","latitude":-34.97539,"longitude":138.57983},{"id":4722,"name":"Clarence Park","latitude":-34.96416,"longitude":138.5806},{"id":4733,"name":"Clearview","latitude":-34.85735,"longitude":138.61327},{"id":4736,"name":"Cleve","latitude":-33.66078,"longitude":136.28893},{"id":4747,"name":"Clovelly Park","latitude":-34.99951,"longitude":138.57081},{"id":4778,"name":"Collinswood","latitude":-34.8873,"longitude":138.61224},{"id":4780,"name":"Colonel Light Gardens","latitude":-34.98628,"longitude":138.59746},{"id":4794,"name":"Coober Pedy","latitude":-29.01415,"longitude":134.75495},{"id":4831,"name":"Copper Coast","latitude":-33.94287,"longitude":137.71329},{"id":4841,"name":"Coromandel Valley","latitude":-35.05,"longitude":138.61667},{"id":4850,"name":"Cowandilla","latitude":-34.93221,"longitude":138.55931},{"id":4852,"name":"Cowell","latitude":-33.68227,"longitude":136.92117},{"id":4856,"name":"Crafers","latitude":-35.0,"longitude":138.7},{"id":4857,"name":"Crafers West","latitude":-34.99136,"longitude":138.68205},{"id":4858,"name":"Craigburn Farm","latitude":-35.04046,"longitude":138.6049},{"id":4862,"name":"Craigmore","latitude":-34.70064,"longitude":138.70956},{"id":4894,"name":"Croydon Park","latitude":-34.88028,"longitude":138.56779},{"id":4896,"name":"Crystal Brook","latitude":-33.35256,"longitude":138.20955},{"id":4902,"name":"Cumberland Park","latitude":-34.97204,"longitude":138.5867},{"id":4942,"name":"Darlington","latitude":-35.03151,"longitude":138.55527},{"id":4950,"name":"Davoren Park","latitude":-34.69063,"longitude":138.66862},{"id":4951,"name":"Daw Park","latitude":-34.98975,"longitude":138.58407},{"id":4979,"name":"Dernancourt","latitude":-34.86199,"longitude":138.67658},{"id":5020,"name":"Dover Gardens","latitude":-35.024,"longitude":138.53695},{"id":5037,"name":"Dulwich","latitude":-34.9365,"longitude":138.6272},{"id":5104,"name":"Echunga","latitude":-35.10354,"longitude":138.79588},{"id":5107,"name":"Eden Hills","latitude":-35.0211,"longitude":138.59567},{"id":5118,"name":"Edwardstown","latitude":-34.98018,"longitude":138.5694},{"id":5131,"name":"Elizabeth Downs","latitude":-34.69982,"longitude":138.69132},{"id":5132,"name":"Elizabeth East","latitude":-34.72513,"longitude":138.68214},{"id":5133,"name":"Elizabeth Grove","latitude":-34.73528,"longitude":138.66888},{"id":5135,"name":"Elizabeth North","latitude":-34.70678,"longitude":138.67609},{"id":5136,"name":"Elizabeth Park","latitude":-34.70974,"longitude":138.68604},{"id":5137,"name":"Elizabeth South","latitude":-34.73182,"longitude":138.66192},{"id":5138,"name":"Elizabeth Vale","latitude":-34.74857,"longitude":138.66819},{"id":5144,"name":"Elliston","latitude":-33.53931,"longitude":135.09514},{"id":5158,"name":"Encounter Bay","latitude":-35.57419,"longitude":138.60055},{"id":5160,"name":"Enfield","latitude":-34.8526,"longitude":138.60255},{"id":5168,"name":"Erindale","latitude":-34.92785,"longitude":138.66313},{"id":5181,"name":"Ethelton","latitude":-34.84869,"longitude":138.49103},{"id":5192,"name":"Evandale","latitude":-34.90552,"longitude":138.63542},{"id":5194,"name":"Evanston","latitude":-34.61657,"longitude":138.73369},{"id":5195,"name":"Evanston Gardens","latitude":-34.62323,"longitude":138.72166},{"id":5196,"name":"Evanston Park","latitude":-34.62284,"longitude":138.74123},{"id":5198,"name":"Everard Park","latitude":-34.95196,"longitude":138.57481},{"id":5201,"name":"Exeter","latitude":-34.83994,"longitude":138.48902},{"id":5212,"name":"Fairview Park","latitude":-34.79998,"longitude":138.72857},{"id":5222,"name":"Felixstow","latitude":-34.88902,"longitude":138.64696},{"id":5232,"name":"Ferryden Park","latitude":-34.86616,"longitude":138.5618},{"id":5235,"name":"Findon","latitude":-34.9,"longitude":138.53333},{"id":5238,"name":"Firle","latitude":-34.90459,"longitude":138.65319},{"id":5245,"name":"Flagstaff Hill","latitude":-35.04861,"longitude":138.58285},{"id":5251,"name":"Flinders Park","latitude":-34.91026,"longitude":138.54322},{"id":5252,"name":"Flinders Ranges","latitude":-32.13341,"longitude":138.33882},{"id":5268,"name":"Forestville","latitude":-34.94946,"longitude":138.57845},{"id":5279,"name":"Franklin Harbour","latitude":-33.60164,"longitude":136.94148},{"id":5287,"name":"Freeling","latitude":-34.45407,"longitude":138.80868},{"id":5294,"name":"Fulham","latitude":-34.92737,"longitude":138.51368},{"id":5295,"name":"Fulham Gardens","latitude":-34.91483,"longitude":138.51324},{"id":5296,"name":"Fullarton","latitude":-34.951,"longitude":138.629},{"id":5310,"name":"Gawler","latitude":-34.62109,"longitude":138.73228},{"id":5311,"name":"Gawler East","latitude":-34.59889,"longitude":138.7632},{"id":5312,"name":"Gawler South","latitude":-34.60712,"longitude":138.74445},{"id":5331,"name":"Gilberton","latitude":-34.90051,"longitude":138.6126},{"id":5334,"name":"Gilles Plains","latitude":-34.85,"longitude":138.65},{"id":5351,"name":"Glandore","latitude":-34.96154,"longitude":138.56832},{"id":5363,"name":"Glen Osmond","latitude":-34.9596,"longitude":138.64873},{"id":5365,"name":"Glenalta","latitude":-35.00792,"longitude":138.62592},{"id":5371,"name":"Glenelg","latitude":-34.98079,"longitude":138.515},{"id":5373,"name":"Glenelg East","latitude":-34.9764,"longitude":138.52962},{"id":5374,"name":"Glenelg North","latitude":-34.9679,"longitude":138.51751},{"id":5375,"name":"Glenelg South","latitude":-34.98964,"longitude":138.51425},{"id":5381,"name":"Glengowrie","latitude":-34.98708,"longitude":138.53674},{"id":5389,"name":"Glenside","latitude":-34.94275,"longitude":138.63375},{"id":5390,"name":"Glenunga","latitude":-34.95013,"longitude":138.63841},{"id":5396,"name":"Glynde","latitude":-34.89605,"longitude":138.65253},{"id":5403,"name":"Golden Grove","latitude":-34.78333,"longitude":138.73333},{"id":5410,"name":"Goodwood","latitude":-34.95092,"longitude":138.5923},{"id":5412,"name":"Goolwa","latitude":-35.50159,"longitude":138.78191},{"id":5413,"name":"Goolwa Beach","latitude":-35.50474,"longitude":138.7732},{"id":5431,"name":"Goyder","latitude":-33.7164,"longitude":139.01655},{"id":5435,"name":"Grange","latitude":-34.90223,"longitude":138.49022},{"id":5437,"name":"Grant","latitude":-37.83642,"longitude":140.63316},{"id":5452,"name":"Greenacres","latitude":-34.86855,"longitude":138.628},{"id":5457,"name":"Greenock","latitude":-34.457,"longitude":138.92719},{"id":5464,"name":"Greenwith","latitude":-34.76565,"longitude":138.71383},{"id":5477,"name":"Gulfview Heights","latitude":-34.79545,"longitude":138.66937},{"id":5499,"name":"Hackham","latitude":-35.15514,"longitude":138.52509},{"id":5500,"name":"Hackham West","latitude":-35.14312,"longitude":138.51442},{"id":5504,"name":"Hahndorf","latitude":-35.02863,"longitude":138.80779},{"id":5507,"name":"Hallett Cove","latitude":-35.07923,"longitude":138.5146},{"id":5519,"name":"Hampstead Gardens","latitude":-34.87448,"longitude":138.62881},{"id":5525,"name":"Happy Valley","latitude":-35.08333,"longitude":138.53333},{"id":5542,"name":"Hawthorn","latitude":-34.97384,"longitude":138.60738},{"id":5545,"name":"Hawthorndene","latitude":-35.02229,"longitude":138.63039},{"id":5549,"name":"Hayborough","latitude":-35.53129,"longitude":138.65037},{"id":5553,"name":"Hazelwood Park","latitude":-34.93947,"longitude":138.65879},{"id":5565,"name":"Hectorville","latitude":-34.89157,"longitude":138.65892},{"id":5576,"name":"Henley Beach","latitude":-34.92029,"longitude":138.49442},{"id":5577,"name":"Henley Beach South","latitude":-34.92591,"longitude":138.49554},{"id":5589,"name":"Hewett","latitude":-34.57801,"longitude":138.75242},{"id":5594,"name":"Highbury","latitude":-34.85287,"longitude":138.6975},{"id":5598,"name":"Highgate","latitude":-34.96177,"longitude":138.6218},{"id":5606,"name":"Hillbank","latitude":-34.73588,"longitude":138.68723},{"id":5607,"name":"Hillcrest","latitude":-34.86252,"longitude":138.64306},{"id":5619,"name":"Hindmarsh Island","latitude":-35.51014,"longitude":138.86762},{"id":5628,"name":"Holden Hill","latitude":-34.85161,"longitude":138.67232},{"id":5630,"name":"Holdfast Bay","latitude":-35.00244,"longitude":138.52318},{"id":5646,"name":"Hope Valley","latitude":-34.83333,"longitude":138.7},{"id":5656,"name":"Hove","latitude":-35.00814,"longitude":138.5212},{"id":5669,"name":"Huntfield Heights","latitude":-35.15452,"longitude":138.51417},{"id":5680,"name":"Hyde Park","latitude":-34.95467,"longitude":138.60107},{"id":5690,"name":"Ingle Farm","latitude":-34.83333,"longitude":138.63333},{"id":5718,"name":"Jamestown","latitude":-33.20531,"longitude":138.60503},{"id":5744,"name":"Joslin","latitude":-34.89967,"longitude":138.62655},{"id":5753,"name":"Kadina","latitude":-33.96495,"longitude":137.71634},{"id":5776,"name":"Kangaroo Island","latitude":-35.8239,"longitude":137.33392},{"id":5781,"name":"Kapunda","latitude":-34.33871,"longitude":138.91644},{"id":5791,"name":"Karoonda East Murray","latitude":-34.92846,"longitude":140.02484},{"id":5813,"name":"Keith","latitude":-36.0991,"longitude":140.35315},{"id":5829,"name":"Kensington Gardens","latitude":-34.92582,"longitude":138.66145},{"id":5831,"name":"Kensington Park","latitude":-34.92022,"longitude":138.6543},{"id":5833,"name":"Kent Town","latitude":-34.92155,"longitude":138.62009},{"id":5840,"name":"Kersbrook","latitude":-34.78305,"longitude":138.85091},{"id":5851,"name":"Kidman Park","latitude":-34.91224,"longitude":138.52693},{"id":5853,"name":"Kilburn","latitude":-34.8597,"longitude":138.58559},{"id":5855,"name":"Kilkenny","latitude":-34.87914,"longitude":138.5529},{"id":5862,"name":"Kimba","latitude":-33.04817,"longitude":136.31797},{"id":5877,"name":"Kingscote","latitude":-35.6559,"longitude":137.6393},{"id":5883,"name":"Kingston","latitude":-36.64083,"longitude":140.05093},{"id":5888,"name":"Kingston South East","latitude":-36.83073,"longitude":139.8522},{"id":5898,"name":"Klemzig","latitude":-34.87928,"longitude":138.63562},{"id":5929,"name":"Kurralta Park","latitude":-34.95142,"longitude":138.56702},{"id":5977,"name":"Largs Bay","latitude":-34.82582,"longitude":138.48619},{"id":5978,"name":"Largs North","latitude":-34.8205,"longitude":138.49241},{"id":5994,"name":"Leabrook","latitude":-34.92976,"longitude":138.65862},{"id":6018,"name":"Lewiston","latitude":-34.60449,"longitude":138.59125},{"id":6021,"name":"Light","latitude":-34.40981,"longitude":138.84367},{"id":6026,"name":"Linden Park","latitude":-34.94347,"longitude":138.64728},{"id":6037,"name":"Little Hampton","latitude":-35.04225,"longitude":138.86423},{"id":6044,"name":"Lobethal","latitude":-34.90455,"longitude":138.87477},{"id":6047,"name":"Lockleys","latitude":-34.92588,"longitude":138.52803},{"id":6075,"name":"Lower Eyre Peninsula","latitude":-34.48806,"longitude":135.70114},{"id":6077,"name":"Lower Mitcham","latitude":-34.97731,"longitude":138.60493},{"id":6080,"name":"Loxton","latitude":-34.4502,"longitude":140.56908},{"id":6081,"name":"Loxton Waikerie","latitude":-34.48161,"longitude":140.28346},{"id":6090,"name":"Lyndoch","latitude":-34.60124,"longitude":138.89094},{"id":6098,"name":"Macclesfield","latitude":-35.17182,"longitude":138.83589},{"id":6122,"name":"Magill","latitude":-34.90911,"longitude":138.67498},{"id":6128,"name":"Maitland","latitude":-34.37386,"longitude":137.67333},{"id":6138,"name":"Mallala","latitude":-34.51035,"longitude":138.42783},{"id":6141,"name":"Malvern","latitude":-34.95915,"longitude":138.61254},{"id":6157,"name":"Manningham","latitude":-34.87776,"longitude":138.62206},{"id":6158,"name":"Mannum","latitude":-34.91529,"longitude":139.30325},{"id":6162,"name":"Mansfield Park","latitude":-34.85655,"longitude":138.55186},{"id":6166,"name":"Maralinga Tjarutja","latitude":-29.60092,"longitude":130.84442},{"id":6173,"name":"Marden","latitude":-34.89569,"longitude":138.6378},{"id":6181,"name":"Marino","latitude":-35.04468,"longitude":138.51236},{"id":6182,"name":"Marion","latitude":-35.01322,"longitude":138.55339},{"id":6184,"name":"Marleston","latitude":-34.94763,"longitude":138.55957},{"id":6202,"name":"Maslin Beach","latitude":-35.22595,"longitude":138.47984},{"id":6206,"name":"Mawson Lakes","latitude":-34.81589,"longitude":138.60809},{"id":6212,"name":"Maylands","latitude":-34.91128,"longitude":138.63671},{"id":6213,"name":"McCracken","latitude":-35.5358,"longitude":138.63121},{"id":6221,"name":"McLaren Flat","latitude":-35.21667,"longitude":138.58333},{"id":6222,"name":"McLaren Vale","latitude":-35.21895,"longitude":138.54326},{"id":6228,"name":"Meadows","latitude":-35.18021,"longitude":138.7625},{"id":6231,"name":"Medindie","latitude":-34.896,"longitude":138.605},{"id":6238,"name":"Melrose Park","latitude":-34.98328,"longitude":138.57541},{"id":6245,"name":"Meningie","latitude":-35.68637,"longitude":139.34007},{"id":6270,"name":"Mid Murray","latitude":-34.41566,"longitude":139.41639},{"id":6278,"name":"Middleton","latitude":-35.51047,"longitude":138.70377},{"id":6285,"name":"Mile End","latitude":-34.92654,"longitude":138.57033},{"id":6295,"name":"Millicent","latitude":-37.59389,"longitude":140.34947},{"id":6299,"name":"Millswood","latitude":-34.95505,"longitude":138.58888},{"id":6310,"name":"Minlaton","latitude":-34.77101,"longitude":137.59576},{"id":6321,"name":"Mitcham","latitude":-35.0069,"longitude":138.62218},{"id":6325,"name":"Mitchell Park","latitude":-35.01031,"longitude":138.56266},{"id":6329,"name":"Moana","latitude":-35.19394,"longitude":138.47614},{"id":6330,"name":"Modbury","latitude":-34.83333,"longitude":138.68333},{"id":6331,"name":"Modbury Heights","latitude":-34.80969,"longitude":138.68544},{"id":6332,"name":"Modbury North","latitude":-34.82848,"longitude":138.6739},{"id":6343,"name":"Monash","latitude":-34.2384,"longitude":140.56131},{"id":6364,"name":"Moonta Bay","latitude":-34.05,"longitude":137.56667},{"id":6368,"name":"Moorak","latitude":-37.86381,"longitude":140.74263},{"id":6392,"name":"Morphett Vale","latitude":-35.13333,"longitude":138.51667},{"id":6393,"name":"Morphettville","latitude":-34.98852,"longitude":138.53979},{"id":6408,"name":"Mount Barker","latitude":-35.06907,"longitude":138.86936},{"id":6413,"name":"Mount Compass","latitude":-35.34685,"longitude":138.62032},{"id":6422,"name":"Mount Gambier","latitude":-37.82469,"longitude":140.78191},{"id":6454,"name":"Mount Remarkable","latitude":-32.71813,"longitude":138.1713},{"id":6485,"name":"Munno Para","latitude":-34.66792,"longitude":138.70149},{"id":6486,"name":"Munno Para West","latitude":-34.66464,"longitude":138.68066},{"id":6495,"name":"Murray Bridge","latitude":-35.2002,"longitude":139.3209},{"id":6505,"name":"Mylor","latitude":-35.04303,"longitude":138.759},{"id":6506,"name":"Myrtle Bank","latitude":-34.96057,"longitude":138.63377},{"id":6510,"name":"Nailsworth","latitude":-34.88437,"longitude":138.60619},{"id":6511,"name":"Nairne","latitude":-35.0345,"longitude":138.91154},{"id":6522,"name":"Naracoorte","latitude":-36.95785,"longitude":140.7383},{"id":6523,"name":"Naracoorte and Lucindale","latitude":-36.99542,"longitude":140.52791},{"id":6551,"name":"Netherby","latitude":-34.97048,"longitude":138.62503},{"id":6552,"name":"Netley","latitude":-34.94887,"longitude":138.54983},{"id":6577,"name":"Newton","latitude":-34.88207,"longitude":138.68249},{"id":6597,"name":"Noarlunga Downs","latitude":-35.1504,"longitude":138.50395},{"id":6611,"name":"Normanville","latitude":-35.44623,"longitude":138.3213},{"id":6612,"name":"North Adelaide","latitude":-34.90733,"longitude":138.59141},{"id":6622,"name":"North Brighton","latitude":-35.00279,"longitude":138.52211},{"id":6631,"name":"North Haven","latitude":-34.78825,"longitude":138.49162},{"id":6645,"name":"North Plympton","latitude":-34.95769,"longitude":138.55343},{"id":6666,"name":"Northern Areas","latitude":-33.30074,"longitude":138.47745},{"id":6670,"name":"Northfield","latitude":-34.84979,"longitude":138.6255},{"id":6671,"name":"Northgate","latitude":-34.85784,"longitude":138.62908},{"id":6675,"name":"Norwood","latitude":-34.9273,"longitude":138.62849},{"id":6676,"name":"Norwood Payneham St Peters","latitude":-34.908,"longitude":138.63556},{"id":6678,"name":"Novar Gardens","latitude":-34.96626,"longitude":138.53256},{"id":6688,"name":"Nuriootpa","latitude":-34.46825,"longitude":138.99767},{"id":6692,"name":"O'Sullivan Beach","latitude":-35.11879,"longitude":138.4734},{"id":6753,"name":"O’Halloran Hill","latitude":-35.06667,"longitude":138.55},{"id":6696,"name":"Oakden","latitude":-34.8528,"longitude":138.6433},{"id":6702,"name":"Oaklands Park","latitude":-35.00671,"longitude":138.54457},{"id":6718,"name":"Old Noarlunga","latitude":-35.18209,"longitude":138.50138},{"id":6719,"name":"Old Reynella","latitude":-35.10353,"longitude":138.53365},{"id":6723,"name":"One Tree Hill","latitude":-34.7,"longitude":138.76667},{"id":6724,"name":"Onkaparinga","latitude":-35.1868,"longitude":138.57776},{"id":6725,"name":"Onkaparinga Hills","latitude":-35.13514,"longitude":138.56697},{"id":6741,"name":"Orroroo/Carrieton","latitude":-32.53181,"longitude":138.6647},{"id":6742,"name":"Osborne","latitude":-34.79804,"longitude":138.49796},{"id":6744,"name":"Ottoway","latitude":-34.84756,"longitude":138.53575},{"id":6774,"name":"Panorama","latitude":-34.9908,"longitude":138.59948},{"id":6776,"name":"Para Hills","latitude":-34.8121,"longitude":138.65802},{"id":6777,"name":"Para Hills West","latitude":-34.80474,"longitude":138.64283},{"id":6778,"name":"Para Vista","latitude":-34.82094,"longitude":138.66111},{"id":6780,"name":"Paradise","latitude":-34.87361,"longitude":138.66896},{"id":6782,"name":"Parafield Gardens","latitude":-34.78254,"longitude":138.61077},{"id":6783,"name":"Paralowie","latitude":-34.75705,"longitude":138.60819},{"id":6785,"name":"Paringa","latitude":-34.17644,"longitude":140.78579},{"id":6788,"name":"Park Holme","latitude":-34.99443,"longitude":138.55318},{"id":6799,"name":"Parkside","latitude":-34.94512,"longitude":138.61304},{"id":6808,"name":"Pasadena","latitude":-35.00274,"longitude":138.58862},{"id":6812,"name":"Payneham","latitude":-34.89724,"longitude":138.64064},{"id":6813,"name":"Payneham South","latitude":-34.90481,"longitude":138.64448},{"id":6830,"name":"Pennington","latitude":-34.85758,"longitude":138.5316},{"id":6831,"name":"Penola","latitude":-37.3752,"longitude":140.83678},{"id":6842,"name":"Peterborough","latitude":-32.84787,"longitude":139.02608},{"id":6843,"name":"Peterhead","latitude":-34.83118,"longitude":138.49892},{"id":6866,"name":"Playford","latitude":-34.69419,"longitude":138.6421},{"id":6870,"name":"Plympton","latitude":-34.962,"longitude":138.55496},{"id":6871,"name":"Plympton Park","latitude":-34.98071,"longitude":138.54918},{"id":6880,"name":"Pooraka","latitude":-34.82471,"longitude":138.62637},{"id":6882,"name":"Port Adelaide","latitude":-34.8462,"longitude":138.50302},{"id":6883,"name":"Port Adelaide Enfield","latitude":-34.84803,"longitude":138.50773},{"id":6884,"name":"Port Augusta","latitude":-32.5553,"longitude":137.71362},{"id":6885,"name":"Port Augusta West","latitude":-32.48611,"longitude":137.75833},{"id":6886,"name":"Port Broughton","latitude":-33.6007,"longitude":137.93597},{"id":6889,"name":"Port Elliot","latitude":-35.53017,"longitude":138.67922},{"id":6895,"name":"Port Lincoln","latitude":-34.72854,"longitude":135.85748},{"id":6899,"name":"Port Noarlunga","latitude":-35.14802,"longitude":138.47099},{"id":6900,"name":"Port Noarlunga South","latitude":-35.17404,"longitude":138.46859},{"id":6902,"name":"Port Pirie","latitude":-33.19176,"longitude":138.01746},{"id":6903,"name":"Port Pirie City and Dists","latitude":-33.36513,"longitude":138.10706},{"id":6904,"name":"Port Pirie South","latitude":-33.19797,"longitude":138.01446},{"id":6905,"name":"Port Pirie West","latitude":-33.1779,"longitude":137.9985},{"id":6908,"name":"Port Willunga","latitude":-35.26181,"longitude":138.46436},{"id":6922,"name":"Prospect","latitude":-34.88457,"longitude":138.60038},{"id":6944,"name":"Queenstown","latitude":-34.86091,"longitude":138.51048},{"id":6950,"name":"Quorn","latitude":-32.34676,"longitude":138.04176},{"id":6987,"name":"Redwood Park","latitude":-34.81155,"longitude":138.70695},{"id":6993,"name":"Renmark","latitude":-34.17702,"longitude":140.74697},{"id":6994,"name":"Renmark Paringa","latitude":-34.17485,"longitude":140.7486},{"id":6995,"name":"Renmark West","latitude":-34.16531,"longitude":140.7097},{"id":6996,"name":"Renown Park","latitude":-34.89174,"longitude":138.57729},{"id":7001,"name":"Reynella","latitude":-35.09372,"longitude":138.53082},{"id":7002,"name":"Reynella East","latitude":-35.09197,"longitude":138.55742},{"id":7010,"name":"Richmond","latitude":-34.94199,"longitude":138.56322},{"id":7012,"name":"Ridgehaven","latitude":-34.82126,"longitude":138.70467},{"id":7014,"name":"Ridleyton","latitude":-34.8928,"longitude":138.57159},{"id":7019,"name":"Risdon Park","latitude":-33.19661,"longitude":137.99399},{"id":7020,"name":"Risdon Park South","latitude":-33.21104,"longitude":137.99498},{"id":7032,"name":"Robe","latitude":-37.18616,"longitude":139.99003},{"id":7060,"name":"Rose Park","latitude":-34.93039,"longitude":138.62825},{"id":7073,"name":"Rosewater","latitude":-34.852,"longitude":138.52158},{"id":7078,"name":"Rosslyn Park","latitude":-34.92194,"longitude":138.67553},{"id":7080,"name":"Rostrevor","latitude":-34.89386,"longitude":138.69183},{"id":7085,"name":"Roxby Downs","latitude":-30.54892,"longitude":136.88377},{"id":7086,"name":"Royal Park","latitude":-34.87415,"longitude":138.51189},{"id":7087,"name":"Royston Park","latitude":-34.89757,"longitude":138.6315},{"id":7119,"name":"Salisbury","latitude":-34.76827,"longitude":138.60831},{"id":7121,"name":"Salisbury Downs","latitude":-34.76772,"longitude":138.6221},{"id":7122,"name":"Salisbury East","latitude":-34.79052,"longitude":138.6545},{"id":7123,"name":"Salisbury Heights","latitude":-34.7631,"longitude":138.67591},{"id":7124,"name":"Salisbury North","latitude":-34.74956,"longitude":138.6206},{"id":7125,"name":"Salisbury Park","latitude":-34.76155,"longitude":138.67029},{"id":7126,"name":"Salisbury Plain","latitude":-34.77265,"longitude":138.6633},{"id":7159,"name":"Seacliff","latitude":-35.03474,"longitude":138.52288},{"id":7160,"name":"Seacliff Park","latitude":-35.02983,"longitude":138.53129},{"id":7161,"name":"Seacombe Gardens","latitude":-35.02336,"longitude":138.5458},{"id":7162,"name":"Seacombe Heights","latitude":-35.03264,"longitude":138.54584},{"id":7164,"name":"Seaford","latitude":-35.1898,"longitude":138.47589},{"id":7165,"name":"Seaford Meadows","latitude":-35.17276,"longitude":138.4879},{"id":7166,"name":"Seaford Rise","latitude":-35.19296,"longitude":138.48172},{"id":7169,"name":"Seaton","latitude":-34.9,"longitude":138.51667},{"id":7170,"name":"Seaview Downs","latitude":-35.03698,"longitude":138.53796},{"id":7175,"name":"Sefton Park","latitude":-34.87405,"longitude":138.60343},{"id":7177,"name":"Sellicks Beach","latitude":-35.33869,"longitude":138.44734},{"id":7178,"name":"Semaphore","latitude":-34.83934,"longitude":138.48228},{"id":7179,"name":"Semaphore Park","latitude":-34.85072,"longitude":138.47889},{"id":7180,"name":"Semaphore South","latitude":-34.84975,"longitude":138.47949},{"id":7196,"name":"Sheidow Park","latitude":-35.07928,"longitude":138.52738},{"id":7227,"name":"Smithfield","latitude":-34.68333,"longitude":138.68333},{"id":7229,"name":"Smithfield Plains","latitude":-34.67643,"longitude":138.67785},{"id":7238,"name":"Solomontown","latitude":-33.1853,"longitude":138.02364},{"id":7243,"name":"Somerton Park","latitude":-34.99705,"longitude":138.52155},{"id":7252,"name":"South Brighton","latitude":-35.02765,"longitude":138.52798},{"id":7282,"name":"South Plympton","latitude":-34.97682,"longitude":138.55588},{"id":7295,"name":"Southern Mallee","latitude":-35.36733,"longitude":140.5203},{"id":7318,"name":"St Agnes","latitude":-34.83075,"longitude":138.71074},{"id":7324,"name":"St Georges","latitude":-34.952,"longitude":138.64787},{"id":7335,"name":"St Marys","latitude":-35.00423,"longitude":138.57983},{"id":7336,"name":"St Morris","latitude":-34.91107,"longitude":138.6536},{"id":7337,"name":"St Peters","latitude":-34.90498,"longitude":138.62255},{"id":7346,"name":"Stirling","latitude":-35.0022,"longitude":138.71956},{"id":7349,"name":"Stirling North","latitude":-32.47986,"longitude":137.83804},{"id":7353,"name":"Stonyfell","latitude":-34.93422,"longitude":138.67674},{"id":7355,"name":"Strathalbyn","latitude":-35.25979,"longitude":138.89247},{"id":7366,"name":"Streaky Bay","latitude":-32.73808,"longitude":134.55116},{"id":7370,"name":"Sturt","latitude":-35.02303,"longitude":138.55476},{"id":7393,"name":"Surrey Downs","latitude":-34.79951,"longitude":138.71154},{"id":7416,"name":"Tailem Bend","latitude":-35.25226,"longitude":139.45546},{"id":7431,"name":"Tanunda","latitude":-34.52336,"longitude":138.95982},{"id":7432,"name":"Taperoo","latitude":-34.80425,"longitude":138.49593},{"id":7448,"name":"Tatiara","latitude":-36.22232,"longitude":140.50748},{"id":7454,"name":"Tea Tree Gully","latitude":-34.80171,"longitude":138.71994},{"id":7469,"name":"Tennyson","latitude":-34.88601,"longitude":138.48588},{"id":7481,"name":"The Coorong","latitude":-35.71844,"longitude":139.70329},{"id":7497,"name":"Thebarton","latitude":-34.91667,"longitude":138.56667},{"id":7536,"name":"Toorak Gardens","latitude":-34.93478,"longitude":138.63639},{"id":7545,"name":"Torrens Park","latitude":-34.97607,"longitude":138.61034},{"id":7546,"name":"Torrensville","latitude":-34.92046,"longitude":138.56149},{"id":7557,"name":"Tranmere","latitude":-34.9055,"longitude":138.66212},{"id":7566,"name":"Trinity Gardens","latitude":-34.91438,"longitude":138.64141},{"id":7568,"name":"Trott Park","latitude":-35.07576,"longitude":138.54189},{"id":7578,"name":"Tumby Bay","latitude":-34.19697,"longitude":136.13649},{"id":7588,"name":"Tusmore","latitude":-34.93894,"longitude":138.65059},{"id":7595,"name":"Two Wells","latitude":-34.59327,"longitude":138.51367},{"id":7602,"name":"Underdale","latitude":-34.91803,"longitude":138.54704},{"id":7604,"name":"Unley","latitude":-34.95392,"longitude":138.60798},{"id":7605,"name":"Unley Park","latitude":-34.96388,"longitude":138.60776},{"id":7621,"name":"Vale Park","latitude":-34.88604,"longitude":138.62714},{"id":7625,"name":"Valley View","latitude":-34.83994,"longitude":138.66072},{"id":7631,"name":"Victor Harbor","latitude":-35.51605,"longitude":138.5461},{"id":7642,"name":"Virginia","latitude":-34.6663,"longitude":138.56027},{"id":7657,"name":"Waikerie","latitude":-34.18178,"longitude":139.98552},{"id":7660,"name":"Wakefield","latitude":-34.00743,"longitude":138.39455},{"id":7667,"name":"Walkerville","latitude":-34.89443,"longitude":138.61626},{"id":7668,"name":"Walkley Heights","latitude":-34.83668,"longitude":138.64368},{"id":7672,"name":"Wallaroo","latitude":-33.93881,"longitude":137.63365},{"id":7711,"name":"Warradale","latitude":-34.99717,"longitude":138.53155},{"id":7731,"name":"Waterloo Corner","latitude":-34.71667,"longitude":138.58333},{"id":7740,"name":"Wattle Park","latitude":-34.92516,"longitude":138.67501},{"id":7742,"name":"Wattle Range","latitude":-37.50804,"longitude":140.42114},{"id":7750,"name":"Wayville","latitude":-34.94468,"longitude":138.59132},{"id":7779,"name":"West Beach","latitude":-34.94597,"longitude":138.50935},{"id":7783,"name":"West Croydon","latitude":-34.89448,"longitude":138.55931},{"id":7789,"name":"West Hindmarsh","latitude":-34.90794,"longitude":138.56412},{"id":7793,"name":"West Lakes","latitude":-34.87299,"longitude":138.49458},{"id":7794,"name":"West Lakes Shore","latitude":-34.8601,"longitude":138.48966},{"id":7816,"name":"Westbourne Park","latitude":-34.97165,"longitude":138.59525},{"id":7843,"name":"Whyalla","latitude":-33.04569,"longitude":137.54468},{"id":7844,"name":"Whyalla Jenkins","latitude":-33.02205,"longitude":137.51269},{"id":7845,"name":"Whyalla Norrie","latitude":-33.02903,"longitude":137.53922},{"id":7846,"name":"Whyalla Playford","latitude":-33.02788,"longitude":137.56196},{"id":7847,"name":"Whyalla Stuart","latitude":-33.02493,"longitude":137.52471},{"id":7854,"name":"Willaston","latitude":-34.5864,"longitude":138.74124},{"id":7859,"name":"Williamstown","latitude":-34.6721,"longitude":138.89108},{"id":7867,"name":"Willunga","latitude":-35.27127,"longitude":138.55417},{"id":7883,"name":"Windsor Gardens","latitude":-34.86538,"longitude":138.64703},{"id":7915,"name":"Woodcroft","latitude":-35.10236,"longitude":138.56292},{"id":7926,"name":"Woodside","latitude":-34.95433,"longitude":138.87901},{"id":7928,"name":"Woodville","latitude":-34.877,"longitude":138.54291},{"id":7929,"name":"Woodville Gardens","latitude":-34.86788,"longitude":138.54798},{"id":7930,"name":"Woodville North","latitude":-34.872,"longitude":138.54309},{"id":7931,"name":"Woodville Park","latitude":-34.88696,"longitude":138.54648},{"id":7932,"name":"Woodville South","latitude":-34.88186,"longitude":138.53477},{"id":7933,"name":"Woodville West","latitude":-34.8864,"longitude":138.53095},{"id":7956,"name":"Wudinna","latitude":-32.97747,"longitude":135.3917},{"id":7972,"name":"Wynn Vale","latitude":-34.79942,"longitude":138.68714},{"id":7993,"name":"Yankalilla","latitude":-35.4939,"longitude":138.34225},{"id":8026,"name":"Yorke Peninsula","latitude":-34.70549,"longitude":137.58179}]