[{"id":17405,"name":"Ardon","latitude":46.20951,"longitude":7.26012},{"id":17427,"name":"Ayent","latitude":46.28249,"longitude":7.41028},{"id":17433,"name":"Bagnes","latitude":46.08333,"longitude":7.21667},{"id":17439,"name":"Baltschieder","latitude":46.30888,"longitude":7.8657},{"id":17441,"name":"Basse-Nendaz","latitude":46.18993,"longitude":7.31209},{"id":17561,"name":"Brig","latitude":46.31667,"longitude":7.98333},{"id":17562,"name":"Brig District","latitude":46.28255,"longitude":8.01185},{"id":17621,"name":"Chalais","latitude":46.26758,"longitude":7.51145},{"id":17623,"name":"Chamoson","latitude":46.20275,"longitude":7.22319},{"id":17624,"name":"Champéry","latitude":46.17543,"longitude":6.86903},{"id":17628,"name":"Charrat","latitude":46.1249,"longitude":7.13138},{"id":17632,"name":"Chermignon-d’en Haut","latitude":46.28844,"longitude":7.47487},{"id":17637,"name":"Chippis","latitude":46.2802,"longitude":7.53962},{"id":17646,"name":"Collombey","latitude":46.27385,"longitude":6.94789},{"id":17650,"name":"Conthey","latitude":46.2237,"longitude":7.30283},{"id":17651,"name":"Conthey District","latitude":46.20485,"longitude":7.27857},{"id":17755,"name":"Entremont District","latitude":46.02099,"longitude":7.2126},{"id":17778,"name":"Evionnaz","latitude":46.18096,"longitude":7.02232},{"id":17779,"name":"Evolène","latitude":46.11422,"longitude":7.49407},{"id":17788,"name":"Fiesch","latitude":46.39981,"longitude":8.13533},{"id":17815,"name":"Fully","latitude":46.13851,"longitude":7.11468},{"id":17820,"name":"Gampel","latitude":46.31599,"longitude":7.7421},{"id":17851,"name":"Goms District","latitude":46.46161,"longitude":8.2219},{"id":17879,"name":"Grächen","latitude":46.19529,"longitude":7.83745},{"id":17869,"name":"Grimisuat","latitude":46.25938,"longitude":7.38408},{"id":17881,"name":"Grône","latitude":46.25288,"longitude":7.45947},{"id":17941,"name":"Hérémence","latitude":46.18032,"longitude":7.40477},{"id":17940,"name":"Hérens District","latitude":46.19407,"longitude":7.42391},{"id":18065,"name":"Lens","latitude":46.28298,"longitude":7.44976},{"id":18074,"name":"Leuk","latitude":46.31736,"longitude":7.63412},{"id":18075,"name":"Leuk District","latitude":46.31439,"longitude":7.67291},{"id":18076,"name":"Leukerbad","latitude":46.37943,"longitude":7.62687},{"id":18080,"name":"Leytron","latitude":46.1866,"longitude":7.2078},{"id":18125,"name":"Martigny District","latitude":46.12386,"longitude":7.10354},{"id":18126,"name":"Martigny-Combe","latitude":46.07817,"longitude":7.05099},{"id":18127,"name":"Martigny-Ville","latitude":46.10276,"longitude":7.07245},{"id":18165,"name":"Montana","latitude":46.31338,"longitude":7.48839},{"id":18167,"name":"Monthey","latitude":46.25451,"longitude":6.95406},{"id":18168,"name":"Monthey District","latitude":46.27043,"longitude":6.90274},{"id":18207,"name":"Naters","latitude":46.32536,"longitude":7.98912},{"id":18290,"name":"Orsières","latitude":46.02903,"longitude":7.14437},{"id":18337,"name":"Randogne","latitude":46.30952,"longitude":7.50058},{"id":18339,"name":"Raron","latitude":46.31196,"longitude":7.80029},{"id":18340,"name":"Raron District","latitude":46.3,"longitude":7.8},{"id":18374,"name":"Riddes","latitude":46.17276,"longitude":7.2236},{"id":18416,"name":"Saas-Fee","latitude":46.10805,"longitude":7.92741},{"id":18417,"name":"Saas-Grund","latitude":46.12281,"longitude":7.93651},{"id":18421,"name":"Saillon","latitude":46.17035,"longitude":7.18771},{"id":18427,"name":"Saint-Léonard","latitude":46.25152,"longitude":7.41714},{"id":18428,"name":"Saint-Maurice","latitude":46.21826,"longitude":7.0032},{"id":18429,"name":"Saint-Maurice District","latitude":46.15384,"longitude":6.99823},{"id":18432,"name":"Salgesch","latitude":46.31155,"longitude":7.5712},{"id":18434,"name":"Salvan","latitude":46.1189,"longitude":7.02078},{"id":18441,"name":"Sankt Niklaus","latitude":46.17717,"longitude":7.80349},{"id":18452,"name":"Savièse","latitude":46.25115,"longitude":7.34558},{"id":18453,"name":"Saxon","latitude":46.14937,"longitude":7.17514},{"id":18517,"name":"Sierre","latitude":46.29192,"longitude":7.53559},{"id":18518,"name":"Sierre District","latitude":46.27052,"longitude":7.5157},{"id":18524,"name":"Sion District","latitude":46.23343,"longitude":7.34939},{"id":18527,"name":"Sitten","latitude":46.22739,"longitude":7.35559},{"id":18545,"name":"Stalden","latitude":46.23341,"longitude":7.87273},{"id":18573,"name":"Tanay","latitude":46.34503,"longitude":6.83041},{"id":18607,"name":"Troistorrents","latitude":46.2289,"longitude":6.91589},{"id":18615,"name":"Turtmann","latitude":46.30028,"longitude":7.702},{"id":18662,"name":"Varen","latitude":46.3186,"longitude":7.60743},{"id":18668,"name":"Verbier","latitude":46.1002,"longitude":7.22651},{"id":18669,"name":"Vernayaz","latitude":46.13667,"longitude":7.03906},{"id":18697,"name":"Vétroz","latitude":46.22171,"longitude":7.27858},{"id":18675,"name":"Vex","latitude":46.21239,"longitude":7.39826},{"id":18686,"name":"Vionnaz","latitude":46.31101,"longitude":6.90062},{"id":18687,"name":"Visp","latitude":46.2937,"longitude":7.88149},{"id":18688,"name":"Visp District","latitude":46.17612,"longitude":7.85609},{"id":18689,"name":"Visperterminen","latitude":46.25899,"longitude":7.90192},{"id":18694,"name":"Vouvry","latitude":46.33746,"longitude":6.8895},{"id":18793,"name":"Zermatt","latitude":46.01998,"longitude":7.74863}]