[{"id":17358,"name":"Aarberg","latitude":47.04439,"longitude":7.27578},{"id":17360,"name":"Aarwangen","latitude":47.23845,"longitude":7.76854},{"id":17362,"name":"Adelboden","latitude":46.49142,"longitude":7.56031},{"id":17373,"name":"Aeschi b. Spiez","latitude":46.65848,"longitude":7.6965},{"id":17404,"name":"Arch","latitude":47.16533,"longitude":7.43139},{"id":17417,"name":"Attiswil","latitude":47.24673,"longitude":7.61353},{"id":17592,"name":"Bäriswil","latitude":47.01947,"longitude":7.52709},{"id":17593,"name":"Bätterkinden","latitude":47.13164,"longitude":7.53817},{"id":17447,"name":"Beatenberg","latitude":46.69896,"longitude":7.79428},{"id":17454,"name":"Bellmund","latitude":47.10852,"longitude":7.24608},{"id":17456,"name":"Belp","latitude":46.89129,"longitude":7.49825},{"id":17462,"name":"Bern","latitude":46.94809,"longitude":7.44744},{"id":17463,"name":"Bern-Mittelland District","latitude":46.92526,"longitude":7.49024},{"id":17594,"name":"Bévilard","latitude":47.23711,"longitude":7.28325},{"id":17526,"name":"Biel/Bienne","latitude":47.13713,"longitude":7.24608},{"id":17527,"name":"Biel/Bienne District","latitude":47.12725,"longitude":7.26174},{"id":17528,"name":"Biglen","latitude":46.92629,"longitude":7.62508},{"id":17542,"name":"Blumenstein","latitude":46.7421,"longitude":7.52136},{"id":17545,"name":"Bolligen","latitude":46.9751,"longitude":7.49697},{"id":17546,"name":"Boltigen","latitude":46.62847,"longitude":7.39054},{"id":17595,"name":"Bönigen","latitude":46.68736,"longitude":7.8935},{"id":17556,"name":"Bowil","latitude":46.89304,"longitude":7.69757},{"id":17560,"name":"Brienz","latitude":46.7545,"longitude":8.03847},{"id":17572,"name":"Brügg","latitude":47.1237,"longitude":7.27887},{"id":17577,"name":"Buchholterberg","latitude":46.81351,"longitude":7.67463},{"id":17583,"name":"Burgdorf","latitude":47.05901,"longitude":7.62786},{"id":17584,"name":"Burgistein","latitude":46.78464,"longitude":7.49988},{"id":17653,"name":"Corgémont","latitude":47.19457,"longitude":7.14517},{"id":17664,"name":"Court","latitude":47.23956,"longitude":7.33655},{"id":17665,"name":"Courtelary","latitude":47.17822,"longitude":7.07236},{"id":17708,"name":"Därligen","latitude":46.66175,"longitude":7.80808},{"id":17686,"name":"Diemtigen","latitude":46.64928,"longitude":7.56477},{"id":17716,"name":"Dürrenroth","latitude":47.08953,"longitude":7.7917},{"id":17731,"name":"Eggiwil","latitude":46.87575,"longitude":7.79567},{"id":17747,"name":"Emmental District","latitude":47.04425,"longitude":7.66176},{"id":17758,"name":"Eriswil","latitude":47.07816,"longitude":7.85149},{"id":17759,"name":"Erlach","latitude":47.0422,"longitude":7.09728},{"id":17764,"name":"Erlenbach im Simmental","latitude":46.66021,"longitude":7.55445},{"id":17767,"name":"Ersigen","latitude":47.09368,"longitude":7.59507},{"id":17777,"name":"Evilard","latitude":47.15046,"longitude":7.23895},{"id":17784,"name":"Ferenbalm","latitude":46.9488,"longitude":7.21124},{"id":17802,"name":"Fraubrunnen","latitude":47.0862,"longitude":7.52727},{"id":17805,"name":"Frauenkappelen","latitude":46.95425,"longitude":7.33835},{"id":17812,"name":"Frutigen","latitude":46.58723,"longitude":7.64945},{"id":17813,"name":"Frutigen-Niedersimmental District","latitude":46.60236,"longitude":7.62292},{"id":17870,"name":"Grindelwald","latitude":46.62396,"longitude":8.03601},{"id":17874,"name":"Grossaffoltern","latitude":47.06534,"longitude":7.35689},{"id":17884,"name":"Gstaad","latitude":46.47215,"longitude":7.28685},{"id":17885,"name":"Guggisberg","latitude":46.76756,"longitude":7.32946},{"id":17902,"name":"Heimberg","latitude":46.79482,"longitude":7.60433},{"id":17903,"name":"Heimiswil","latitude":47.06755,"longitude":7.66665},{"id":17908,"name":"Hermiswil","latitude":46.83125,"longitude":7.47775},{"id":17910,"name":"Herzogenbuchsee","latitude":47.18795,"longitude":7.7062},{"id":17913,"name":"Hilterfingen","latitude":46.73521,"longitude":7.66185},{"id":17915,"name":"Hindelbank","latitude":47.0427,"longitude":7.54143},{"id":17936,"name":"Huttwil","latitude":47.11502,"longitude":7.86209},{"id":17952,"name":"Ins","latitude":47.00584,"longitude":7.10609},{"id":17953,"name":"Interlaken","latitude":46.68387,"longitude":7.86638},{"id":17954,"name":"Interlaken-Oberhasli District","latitude":46.68931,"longitude":7.98869},{"id":17957,"name":"Jegenstorf","latitude":47.04802,"longitude":7.50787},{"id":17963,"name":"Jura bernois","latitude":47.21892,"longitude":7.21981},{"id":17968,"name":"Kallnach","latitude":47.02032,"longitude":7.23545},{"id":17970,"name":"Kandersteg","latitude":46.49467,"longitude":7.67326},{"id":17971,"name":"Kappelen","latitude":47.06015,"longitude":7.2686},{"id":17972,"name":"Kehrsatz","latitude":46.91035,"longitude":7.47096},{"id":17981,"name":"Kirchberg","latitude":47.08538,"longitude":7.58288},{"id":17982,"name":"Kirchlindach","latitude":46.99965,"longitude":7.41735},{"id":18011,"name":"Köniz","latitude":46.92436,"longitude":7.41457},{"id":18002,"name":"Konolfingen","latitude":46.87909,"longitude":7.62013},{"id":18003,"name":"Koppigen","latitude":47.13125,"longitude":7.60525},{"id":18004,"name":"Krauchthal","latitude":47.00964,"longitude":7.5664},{"id":18023,"name":"La Neuveville","latitude":47.06592,"longitude":7.09717},{"id":18036,"name":"Langenthal","latitude":47.21526,"longitude":7.79607},{"id":18037,"name":"Langnau","latitude":46.93936,"longitude":7.78738},{"id":18045,"name":"Laupen","latitude":46.90214,"longitude":7.23973},{"id":18047,"name":"Lauperswil","latitude":46.96564,"longitude":7.74214},{"id":18051,"name":"Lauterbrunnen","latitude":46.59307,"longitude":7.90938},{"id":18063,"name":"Lengnau","latitude":47.18155,"longitude":7.36814},{"id":18064,"name":"Lenk","latitude":46.45826,"longitude":7.44298},{"id":18077,"name":"Leuzigen","latitude":47.17458,"longitude":7.45775},{"id":18085,"name":"Linden","latitude":46.8469,"longitude":7.67831},{"id":18093,"name":"Lotzwil","latitude":47.19135,"longitude":7.79102},{"id":18112,"name":"Lützelflüh","latitude":47.00757,"longitude":7.69165},{"id":18107,"name":"Lyss","latitude":47.0741,"longitude":7.30655},{"id":18108,"name":"Lyssach","latitude":47.06445,"longitude":7.58228},{"id":18113,"name":"Madiswil","latitude":47.16463,"longitude":7.79858},{"id":18118,"name":"Malleray","latitude":47.23839,"longitude":7.27286},{"id":18129,"name":"Matten","latitude":46.67833,"longitude":7.86889},{"id":18142,"name":"Meinisberg","latitude":47.15965,"longitude":7.34801},{"id":18143,"name":"Meiringen","latitude":46.72709,"longitude":8.1872},{"id":18146,"name":"Melchnau","latitude":47.18213,"longitude":7.85128},{"id":18175,"name":"Moutier","latitude":47.27818,"longitude":7.36951},{"id":18195,"name":"Mühleberg","latitude":46.95466,"longitude":7.26102},{"id":18197,"name":"Mühlethurnen","latitude":46.81345,"longitude":7.50881},{"id":18199,"name":"Münchenbuchsee","latitude":47.02175,"longitude":7.45036},{"id":18201,"name":"Münchenwiler","latitude":46.91334,"longitude":7.12556},{"id":18204,"name":"Münsingen","latitude":46.87298,"longitude":7.561},{"id":18206,"name":"Müntschemier","latitude":46.99548,"longitude":7.14626},{"id":18183,"name":"Muri","latitude":46.93122,"longitude":7.48658},{"id":18219,"name":"Nidau","latitude":47.12545,"longitude":7.24033},{"id":18220,"name":"Niederbipp","latitude":47.27175,"longitude":7.69583},{"id":18239,"name":"Oberaargau","latitude":47.19202,"longitude":7.74553},{"id":18240,"name":"Oberbipp","latitude":47.2607,"longitude":7.66359},{"id":18242,"name":"Oberburg","latitude":47.03665,"longitude":7.62745},{"id":18243,"name":"Oberdiessbach","latitude":46.84117,"longitude":7.6173},{"id":18267,"name":"Obersimmental-Saanen District","latitude":46.47932,"longitude":7.35803},{"id":18289,"name":"Orpund","latitude":47.13891,"longitude":7.30775},{"id":18291,"name":"Orvin","latitude":47.16068,"longitude":7.21368},{"id":18332,"name":"Péry","latitude":47.19398,"longitude":7.24913},{"id":18314,"name":"Pieterlen","latitude":47.17501,"longitude":7.33791},{"id":18334,"name":"Radelfingen","latitude":47.02146,"longitude":7.27178},{"id":18343,"name":"Reconvilier","latitude":47.23431,"longitude":7.22239},{"id":18376,"name":"Riggisberg","latitude":46.81028,"longitude":7.48014},{"id":18377,"name":"Ringgenberg","latitude":46.70114,"longitude":7.89445},{"id":18382,"name":"Roggwil","latitude":47.24119,"longitude":7.82141},{"id":18385,"name":"Rohrbach","latitude":47.13521,"longitude":7.81334},{"id":18396,"name":"Rubigen","latitude":46.89868,"longitude":7.5446},{"id":18404,"name":"Rüderswil","latitude":46.98374,"longitude":7.72167},{"id":18405,"name":"Rüeggisberg","latitude":46.82216,"longitude":7.4389},{"id":18408,"name":"Rüschegg","latitude":46.77977,"longitude":7.39167},{"id":18415,"name":"Saanen","latitude":46.48945,"longitude":7.26003},{"id":18425,"name":"Saint-Imier","latitude":47.15284,"longitude":6.99692},{"id":18443,"name":"Sankt Stephan","latitude":46.50827,"longitude":7.39559},{"id":18488,"name":"Schüpfen","latitude":47.03661,"longitude":7.37723},{"id":18491,"name":"Seeberg","latitude":47.15585,"longitude":7.66567},{"id":18493,"name":"Seedorf","latitude":47.03445,"longitude":7.31249},{"id":18494,"name":"Seeland District","latitude":47.06635,"longitude":7.26333},{"id":18502,"name":"Seftigen","latitude":46.78765,"longitude":7.53937},{"id":18519,"name":"Signau","latitude":46.91944,"longitude":7.72418},{"id":18520,"name":"Sigriswil","latitude":46.71656,"longitude":7.71335},{"id":18533,"name":"Spiez","latitude":46.68473,"longitude":7.69111},{"id":18550,"name":"Steffisburg","latitude":46.77807,"longitude":7.63249},{"id":18558,"name":"Stettlen","latitude":46.95835,"longitude":7.52508},{"id":18566,"name":"Sumiswald","latitude":47.02747,"longitude":7.74526},{"id":18617,"name":"Täuffelen","latitude":47.0663,"longitude":7.19883},{"id":18576,"name":"Tavannes","latitude":47.22079,"longitude":7.19759},{"id":18590,"name":"Thierachern","latitude":46.75319,"longitude":7.57442},{"id":18591,"name":"Thun","latitude":46.75118,"longitude":7.62166},{"id":18592,"name":"Thun District","latitude":46.7629,"longitude":7.62503},{"id":18597,"name":"Toffen","latitude":46.86031,"longitude":7.49216},{"id":18598,"name":"Trachselwald","latitude":47.01699,"longitude":7.73639},{"id":18599,"name":"Tramelan","latitude":47.22298,"longitude":7.10287},{"id":18608,"name":"Trub","latitude":46.94168,"longitude":7.87996},{"id":18609,"name":"Trubschachen","latitude":46.92228,"longitude":7.8452},{"id":18626,"name":"Uetendorf","latitude":46.77392,"longitude":7.57251},{"id":18635,"name":"Unterseen","latitude":46.6853,"longitude":7.84722},{"id":18644,"name":"Urtenen","latitude":47.02667,"longitude":7.50081},{"id":18651,"name":"Uttigen","latitude":46.79435,"longitude":7.57789},{"id":18653,"name":"Utzenstorf","latitude":47.13248,"longitude":7.55355},{"id":18663,"name":"Vechigen","latitude":46.94616,"longitude":7.56065},{"id":18714,"name":"Walkringen","latitude":46.94856,"longitude":7.6204},{"id":18723,"name":"Wangen an der Aare","latitude":47.23208,"longitude":7.65253},{"id":18724,"name":"Wattenwil","latitude":46.76973,"longitude":7.50835},{"id":18744,"name":"Wichtrach","latitude":46.8501,"longitude":7.57748},{"id":18745,"name":"Wiedlisbach","latitude":47.25194,"longitude":7.6461},{"id":18752,"name":"Wilderswil","latitude":46.66369,"longitude":7.86175},{"id":18756,"name":"Wimmis","latitude":46.67587,"longitude":7.63972},{"id":18762,"name":"Wohlen","latitude":46.97118,"longitude":7.35685},{"id":18768,"name":"Worb","latitude":46.92984,"longitude":7.56306},{"id":18769,"name":"Worben","latitude":47.10279,"longitude":7.29518},{"id":18770,"name":"Wynau","latitude":47.2557,"longitude":7.81626},{"id":18771,"name":"Wynigen","latitude":47.10586,"longitude":7.66681},{"id":18772,"name":"Wyssachen","latitude":47.07851,"longitude":7.82922},{"id":18808,"name":"Zäziwil","latitude":46.90196,"longitude":7.66185},{"id":18798,"name":"Zollikofen","latitude":46.99905,"longitude":7.45809},{"id":18806,"name":"Zweisimmen","latitude":46.55539,"longitude":7.37302}]