[{"id":9832,"name":"Atocha","latitude":-20.93515,"longitude":-66.22139},{"id":9835,"name":"Betanzos","latitude":-19.55293,"longitude":-65.45395},{"id":9851,"name":"Colchani","latitude":-20.3,"longitude":-66.93333},{"id":9853,"name":"Colquechaca","latitude":-18.70031,"longitude":-66.00397},{"id":9861,"name":"Enrique Baldivieso","latitude":-21.38323,"longitude":-67.60368},{"id":9880,"name":"Llallagua","latitude":-18.42426,"longitude":-66.58388},{"id":9898,"name":"Potosí","latitude":-19.58361,"longitude":-65.75306},{"id":9900,"name":"Provincia Alonzo de Ibáñez","latitude":-18.5,"longitude":-66.33333},{"id":9922,"name":"Provincia Charcas","latitude":-18.33333,"longitude":-65.83333},{"id":9923,"name":"Provincia Chayanta","latitude":-18.91667,"longitude":-66.0},{"id":9926,"name":"Provincia Daniel Campos","latitude":-20.25,"longitude":-68.25},{"id":9930,"name":"Provincia General Bilbao","latitude":-18.08333,"longitude":-66.0},{"id":9944,"name":"Provincia Linares","latitude":-19.83333,"longitude":-65.5},{"id":9955,"name":"Provincia Modesto Omiste","latitude":-21.91667,"longitude":-65.58333},{"id":9961,"name":"Provincia Nor Chichas","latitude":-20.66667,"longitude":-66.0},{"id":9963,"name":"Provincia Nor Lípez","latitude":-20.5,"longitude":-67.83333},{"id":9972,"name":"Provincia Quijarro","latitude":-20.0,"longitude":-66.33333},{"id":9974,"name":"Provincia Rafael Bustillo","latitude":-18.33333,"longitude":-66.5},{"id":9975,"name":"Provincia Saavedra","latitude":-19.25,"longitude":-65.5},{"id":9982,"name":"Provincia Sud Chichas","latitude":-21.5,"longitude":-66.0},{"id":9984,"name":"Provincia Sud Lípez","latitude":-22.0,"longitude":-67.5},{"id":9989,"name":"Provincia Tomás Frías","latitude":-19.33333,"longitude":-66.0},{"id":10022,"name":"Santa Bárbara","latitude":-20.91667,"longitude":-66.05},{"id":10042,"name":"Tupiza","latitude":-21.44345,"longitude":-65.71875},{"id":10044,"name":"Uyuni","latitude":-20.45967,"longitude":-66.82503},{"id":10048,"name":"Villazón","latitude":-22.08659,"longitude":-65.59422}]