[{"id":9268,"name":"Batanovtsi","latitude":42.59692,"longitude":22.95634},{"id":9288,"name":"Breznik","latitude":42.74085,"longitude":22.90723},{"id":9509,"name":"Obshtina Kovachevtsi","latitude":42.55,"longitude":22.83333},{"id":9552,"name":"Obshtina Pernik","latitude":42.61667,"longitude":23.08333},{"id":9567,"name":"Obshtina Radomir","latitude":42.46667,"longitude":23.01667},{"id":9636,"name":"Obshtina Zemen","latitude":42.55067,"longitude":22.7144},{"id":9650,"name":"Pernik","latitude":42.6,"longitude":23.03333},{"id":9665,"name":"Radomir","latitude":42.54565,"longitude":22.96553},{"id":9724,"name":"Tran","latitude":42.83528,"longitude":22.65167},{"id":9748,"name":"Zemen","latitude":42.47889,"longitude":22.74917}]