[{"id":8462,"name":"Bera","latitude":24.07821,"longitude":89.63262},{"id":8469,"name":"Bogra","latitude":24.78333,"longitude":89.35},{"id":8475,"name":"Chapai Nababganj","latitude":24.68333,"longitude":88.25},{"id":8500,"name":"Ishurdi","latitude":24.12858,"longitude":89.06573},{"id":8509,"name":"Joypur Hāt","latitude":25.10147,"longitude":89.02734},{"id":8510,"name":"Joypurhat","latitude":25.08333,"longitude":89.1},{"id":8529,"name":"Mahasthangarh","latitude":24.96111,"longitude":89.34278},{"id":8545,"name":"Naogaon","latitude":24.8118,"longitude":88.94657},{"id":8549,"name":"Natore","latitude":24.35,"longitude":89.08333},{"id":8550,"name":"Nawābganj","latitude":24.59025,"longitude":88.27444},{"id":8558,"name":"Pabna","latitude":24.00633,"longitude":89.33533},{"id":8571,"name":"Pār Naogaon","latitude":24.80418,"longitude":88.94875},{"id":8568,"name":"Puthia","latitude":24.36537,"longitude":88.83431},{"id":8574,"name":"Rajshahi","latitude":24.36962,"longitude":88.60748},{"id":8582,"name":"Saidpur","latitude":25.77769,"longitude":88.89169},{"id":8592,"name":"Shāhzādpur","latitude":24.17687,"longitude":89.5988},{"id":8591,"name":"Shibganj","latitude":25.00146,"longitude":89.32266},{"id":8593,"name":"Sirajganj","latitude":24.33333,"longitude":89.61667}]