[{"id":15881,"name":"Frunzyenski Rayon","latitude":53.90056,"longitude":27.495},{"id":15927,"name":"Kastrychnitski Rayon","latitude":53.85667,"longitude":27.54139},{"id":15969,"name":"Lyeninski Rayon","latitude":53.85944,"longitude":27.58778},{"id":15984,"name":"Maskowski Rayon","latitude":53.87417,"longitude":27.50278},{"id":15989,"name":"Minsk","latitude":53.9,"longitude":27.56667},{"id":16016,"name":"Partyzanski Rayon","latitude":53.88028,"longitude":27.67},{"id":16050,"name":"Savyetski Rayon","latitude":53.91778,"longitude":27.59417},{"id":16087,"name":"Tsentral’ny Rayon","latitude":53.91778,"longitude":27.56333},{"id":16120,"name":"Zavodski Rayon","latitude":53.86194,"longitude":27.66222}]