[{"id":677,"name":"Aviá Terai","latitude":-26.68532,"longitude":-60.7292},{"id":685,"name":"Barranqueras","latitude":-27.48132,"longitude":-58.93925},{"id":686,"name":"Basail","latitude":-27.88539,"longitude":-59.28245},{"id":719,"name":"Campo Largo","latitude":-26.80077,"longitude":-60.84215},{"id":730,"name":"Capitán Solari","latitude":-26.80215,"longitude":-59.56089},{"id":737,"name":"Castelli","latitude":-25.94679,"longitude":-60.61947},{"id":753,"name":"Charadai","latitude":-27.65503,"longitude":-59.86291},{"id":754,"name":"Charata","latitude":-27.21438,"longitude":-61.18795},{"id":765,"name":"Chorotis","latitude":-27.91578,"longitude":-61.39982},{"id":767,"name":"Ciervo Petiso","latitude":-26.58041,"longitude":-59.63094},{"id":776,"name":"Colonia Benítez","latitude":-27.33099,"longitude":-58.94622},{"id":778,"name":"Colonia Elisa","latitude":-26.93041,"longitude":-59.51861},{"id":782,"name":"Colonias Unidas","latitude":-26.69825,"longitude":-59.63154},{"id":791,"name":"Concepción del Bermejo","latitude":-26.59926,"longitude":-60.94617},{"id":799,"name":"Coronel Du Graty","latitude":-27.68038,"longitude":-60.91462},{"id":804,"name":"Corzuela","latitude":-26.95374,"longitude":-60.96928},{"id":807,"name":"Coté-Lai","latitude":-27.5,"longitude":-59.6},{"id":822,"name":"Departamento de Almirante Brown","latitude":-25.81662,"longitude":-61.45576},{"id":837,"name":"Departamento de Bermejo","latitude":-27.0,"longitude":-58.66667},{"id":865,"name":"Departamento de Comandante Fernández","latitude":-26.83333,"longitude":-60.5},{"id":875,"name":"Departamento de Doce de Octubre","latitude":-27.41667,"longitude":-61.33333},{"id":876,"name":"Departamento de Dos de Abril","latitude":-27.60932,"longitude":-61.34473},{"id":890,"name":"Departamento de General Donovan","latitude":-27.16667,"longitude":-59.33333},{"id":892,"name":"Departamento de General Güemes","latitude":-25.16667,"longitude":-61.41667},{"id":909,"name":"Departamento de Independencia","latitude":-26.66667,"longitude":-60.66667},{"id":928,"name":"Departamento de Libertad","latitude":-27.33333,"longitude":-59.33333},{"id":937,"name":"Departamento de Maipú","latitude":-26.33333,"longitude":-60.41667},{"id":950,"name":"Departamento de Nueve de Julio","latitude":-26.95331,"longitude":-61.27627},{"id":954,"name":"Departamento de O’Higgins","latitude":-27.25,"longitude":-60.66667},{"id":960,"name":"Departamento de Presidencia de la Plaza","latitude":-27.0,"longitude":-59.75},{"id":962,"name":"Departamento de Quitilipi","latitude":-26.66667,"longitude":-60.16667},{"id":986,"name":"Departamento de San Fernando","latitude":-27.66667,"longitude":-59.16667},{"id":994,"name":"Departamento de San Lorenzo","latitude":-27.33333,"longitude":-60.41667},{"id":1010,"name":"Departamento de Sargento Cabral","latitude":-26.83333,"longitude":-59.5},{"id":1017,"name":"Departamento de Tapenagá","latitude":-27.5,"longitude":-59.75},{"id":1081,"name":"Fontana","latitude":-27.41813,"longitude":-59.02392},{"id":1088,"name":"Gancedo","latitude":-27.49038,"longitude":-61.67571},{"id":1105,"name":"General José de San Martín","latitude":-26.53743,"longitude":-59.34158},{"id":1109,"name":"General Pinedo","latitude":-27.31667,"longitude":-61.28333},{"id":1114,"name":"General Vedia","latitude":-26.93382,"longitude":-58.6604},{"id":1135,"name":"Hermoso Campo","latitude":-27.60816,"longitude":-61.34441},{"id":1181,"name":"La Clotilde","latitude":-27.13333,"longitude":-60.66667},{"id":1186,"name":"La Eduvigis","latitude":-26.83607,"longitude":-59.06211},{"id":1187,"name":"La Escondida","latitude":-27.10724,"longitude":-59.44784},{"id":1191,"name":"La Leonesa","latitude":-27.03786,"longitude":-58.70347},{"id":1201,"name":"La Tigra","latitude":-27.10996,"longitude":-60.58719},{"id":1203,"name":"La Verde","latitude":-27.12634,"longitude":-59.37352},{"id":1208,"name":"Laguna Limpia","latitude":-26.49565,"longitude":-59.68083},{"id":1213,"name":"Lapachito","latitude":-27.15997,"longitude":-59.38605},{"id":1216,"name":"Las Breñas","latitude":-27.08966,"longitude":-61.08161},{"id":1218,"name":"Las Garcitas","latitude":-26.61802,"longitude":-59.80135},{"id":1249,"name":"Los Frentones","latitude":-26.4077,"longitude":-61.41367},{"id":1260,"name":"Machagai","latitude":-26.92614,"longitude":-60.04955},{"id":1264,"name":"Makallé","latitude":-27.20687,"longitude":-59.28696},{"id":1270,"name":"Margarita Belén","latitude":-27.2616,"longitude":-58.97219},{"id":1296,"name":"Napenay","latitude":-26.73333,"longitude":-60.61667},{"id":1314,"name":"Pampa Almirón","latitude":-26.70039,"longitude":-59.12331},{"id":1316,"name":"Pampa del Indio","latitude":-26.04982,"longitude":-59.93728},{"id":1317,"name":"Pampa del Infierno","latitude":-26.50517,"longitude":-61.17436},{"id":1347,"name":"Presidencia de la Plaza","latitude":-27.00147,"longitude":-59.84243},{"id":1345,"name":"Presidencia Roca","latitude":-26.1409,"longitude":-59.59541},{"id":1346,"name":"Presidencia Roque Sáenz Peña","latitude":-26.78522,"longitude":-60.43876},{"id":1351,"name":"Puerto Bermejo","latitude":-26.92739,"longitude":-58.50917},{"id":1363,"name":"Puerto Tirol","latitude":-27.37218,"longitude":-59.08206},{"id":1364,"name":"Puerto Vilelas","latitude":-27.51414,"longitude":-58.93906},{"id":1370,"name":"Quitilipi","latitude":-26.86913,"longitude":-60.21683},{"id":1379,"name":"Resistencia","latitude":-27.46056,"longitude":-58.98389},{"id":1405,"name":"Samuhú","latitude":-27.52116,"longitude":-60.39167},{"id":1414,"name":"San Bernardo","latitude":-27.28782,"longitude":-60.71252},{"id":1471,"name":"Santa Sylvina","latitude":-27.83261,"longitude":-61.13747},{"id":1493,"name":"Taco Pozo","latitude":-25.61557,"longitude":-63.26708},{"id":1515,"name":"Tres Isletas","latitude":-26.34067,"longitude":-60.43207},{"id":1586,"name":"Villa Ángela","latitude":-27.57383,"longitude":-60.71526},{"id":1542,"name":"Villa Berthet","latitude":-27.29174,"longitude":-60.41263}]