[{"id":158,"name":"Bashkia Dropull","latitude":39.98584,"longitude":20.30529},{"id":164,"name":"Bashkia Kelcyrë","latitude":40.36196,"longitude":20.16476},{"id":172,"name":"Bashkia Libohovë","latitude":40.10754,"longitude":20.25753},{"id":177,"name":"Bashkia Memaliaj","latitude":40.41524,"longitude":19.96911},{"id":183,"name":"Bashkia Përmet","latitude":40.23246,"longitude":20.41091},{"id":187,"name":"Bashkia Tepelenë","latitude":40.26736,"longitude":19.97003},{"id":204,"name":"Gjinkar","latitude":40.19944,"longitude":20.40611},{"id":205,"name":"Gjirokastër","latitude":40.07583,"longitude":20.13889},{"id":220,"name":"Këlcyrë","latitude":40.31306,"longitude":20.18944},{"id":221,"name":"Lazarat","latitude":40.04667,"longitude":20.1475},{"id":225,"name":"Libohovë","latitude":40.03111,"longitude":20.26306},{"id":231,"name":"Memaliaj","latitude":40.35167,"longitude":19.98028},{"id":240,"name":"Përmet","latitude":40.23361,"longitude":20.35167},{"id":270,"name":"Tepelenë","latitude":40.29583,"longitude":20.01917}]