[{"id":10060,"name":"Abatiá","latitude":-23.29903,"longitude":-50.32176},{"id":10083,"name":"Adrianópolis","latitude":-24.76632,"longitude":-48.79998},{"id":10099,"name":"Agudos do Sul","latitude":-26.04616,"longitude":-49.31186},{"id":10144,"name":"Almirante Tamandaré","latitude":-25.32472,"longitude":-49.31},{"id":10155,"name":"Altamira do Paraná","latitude":-24.81257,"longitude":-52.7074},{"id":10187,"name":"Altãnia","latitude":-23.87444,"longitude":-53.90167},{"id":10177,"name":"Alto Paraíso","latitude":-23.55498,"longitude":-53.8077},{"id":10175,"name":"Alto Paraná","latitude":-23.06783,"longitude":-52.31196},{"id":10180,"name":"Alto Piquiri","latitude":-24.12973,"longitude":-53.34661},{"id":10188,"name":"Altônia","latitude":-23.88648,"longitude":-53.96852},{"id":10200,"name":"Alvorada do Sul","latitude":-22.80928,"longitude":-51.27421},{"id":10203,"name":"Amaporã","latitude":-23.13633,"longitude":-52.8381},{"id":10222,"name":"Ampére","latitude":-25.91242,"longitude":-53.49366},{"id":10229,"name":"Anahy","latitude":-24.66517,"longitude":-53.13229},{"id":10243,"name":"Andirá","latitude":-23.03931,"longitude":-50.27404},{"id":15681,"name":"Ângulo","latitude":-23.21625,"longitude":-51.93851},{"id":10269,"name":"Antonina","latitude":-25.28425,"longitude":-48.72037},{"id":10279,"name":"Antônio Olinto","latitude":-25.96435,"longitude":-50.12992},{"id":10301,"name":"Apucarana","latitude":-23.56159,"longitude":-51.45358},{"id":10340,"name":"Arapongas","latitude":-23.41944,"longitude":-51.42444},{"id":10342,"name":"Arapoti","latitude":-24.06902,"longitude":-50.03733},{"id":10345,"name":"Arapuã","latitude":-24.31991,"longitude":-51.81138},{"id":10358,"name":"Araruna","latitude":-23.97219,"longitude":-52.59131},{"id":10363,"name":"Araucária","latitude":-25.59306,"longitude":-49.41028},{"id":10398,"name":"Ariranha do Ivaí","latitude":-24.35185,"longitude":-51.53194},{"id":10426,"name":"Assaí","latitude":-23.37333,"longitude":-50.84139},{"id":10429,"name":"Assis Chateaubriand","latitude":-24.40824,"longitude":-53.53328},{"id":10433,"name":"Astorga","latitude":-23.24011,"longitude":-51.69541},{"id":10435,"name":"Atalaia","latitude":-23.12728,"longitude":-52.04286},{"id":10491,"name":"Balsa Nova","latitude":-25.52151,"longitude":-49.67738},{"id":10500,"name":"Bandeirantes","latitude":-23.15516,"longitude":-50.33873},{"id":10510,"name":"Barbosa Ferraz","latitude":-24.06134,"longitude":-52.05494},{"id":10537,"name":"Barra do Jacaré","latitude":-23.11066,"longitude":-50.15719},{"id":10547,"name":"Barracão","latitude":-26.24009,"longitude":-53.52586},{"id":10595,"name":"Bela Vista da Caroba","latitude":-25.87398,"longitude":-53.62755},{"id":10599,"name":"Bela Vista do Paraíso","latitude":-22.99667,"longitude":-51.19056},{"id":10655,"name":"Bituruna","latitude":-26.18538,"longitude":-51.54497},{"id":10659,"name":"Boa Esperança","latitude":-24.24372,"longitude":-52.73574},{"id":10660,"name":"Boa Esperança do Iguaçu","latitude":-25.6352,"longitude":-53.22621},{"id":10665,"name":"Boa Ventura de São Roque","latitude":-24.84082,"longitude":-51.55638},{"id":10668,"name":"Boa Vista da Aparecida","latitude":-25.43709,"longitude":-53.41293},{"id":10684,"name":"Bocaiúva do Sul","latitude":-25.1004,"longitude":-48.87116},{"id":10714,"name":"Bom Jesus do Sul","latitude":-26.1528,"longitude":-53.54963},{"id":10727,"name":"Bom Sucesso","latitude":-23.69506,"longitude":-51.81945},{"id":10729,"name":"Bom Sucesso do Sul","latitude":-26.08239,"longitude":-52.85103},{"id":10754,"name":"Borrazópolis","latitude":-23.93931,"longitude":-51.60141},{"id":10764,"name":"Braganey","latitude":-24.79019,"longitude":-53.08864},{"id":10772,"name":"Brasilândia do Sul","latitude":-24.21682,"longitude":-53.5725},{"id":10894,"name":"Cafeara","latitude":-22.7998,"longitude":-51.71428},{"id":10896,"name":"Cafelândia","latitude":-24.69297,"longitude":-53.3509},{"id":10897,"name":"Cafezal do Sul","latitude":-23.95645,"longitude":-53.6091},{"id":10929,"name":"Califórnia","latitude":-23.6634,"longitude":-51.32824},{"id":10944,"name":"Cambará","latitude":-23.0042,"longitude":-50.08819},{"id":10951,"name":"Cambé","latitude":-23.27583,"longitude":-51.27833},{"id":10946,"name":"Cambira","latitude":-23.63164,"longitude":-51.56671},{"id":10965,"name":"Campina da Lagoa","latitude":-24.60154,"longitude":-52.78545},{"id":10968,"name":"Campina do Simão","latitude":-25.08478,"longitude":-51.78423},{"id":10963,"name":"Campina Grande do Sul","latitude":-25.30556,"longitude":-49.05528},{"id":10985,"name":"Campo Bonito","latitude":-24.88808,"longitude":-53.01009},{"id":11007,"name":"Campo do Tenente","latitude":-25.95791,"longitude":-49.65936},{"id":10992,"name":"Campo Largo","latitude":-25.45955,"longitude":-49.53014},{"id":10996,"name":"Campo Magro","latitude":-25.26822,"longitude":-49.4758},{"id":10998,"name":"Campo Mourão","latitude":-24.04309,"longitude":-52.37929},{"id":11550,"name":"Cândido de Abreu","latitude":-24.56694,"longitude":-51.33333},{"id":11039,"name":"Candói","latitude":-25.51315,"longitude":-52.02243},{"id":11054,"name":"Cantagalo","latitude":-25.2953,"longitude":-52.15269},{"id":11063,"name":"Capanema","latitude":-25.61839,"longitude":-53.79262},{"id":11084,"name":"Capitão Leônidas Marques","latitude":-25.47998,"longitude":-53.58797},{"id":11104,"name":"Carambeí","latitude":-24.9526,"longitude":-50.1159},{"id":11141,"name":"Carlópolis","latitude":-23.44971,"longitude":-49.70142},{"id":11176,"name":"Cascavel","latitude":-24.95583,"longitude":-53.45528},{"id":11191,"name":"Castro","latitude":-24.8304,"longitude":-49.85535},{"id":11196,"name":"Catanduvas","latitude":-25.26047,"longitude":-53.17016},{"id":11237,"name":"Centenário do Sul","latitude":-22.82111,"longitude":-51.59528},{"id":11249,"name":"Cerro Azul","latitude":-24.85878,"longitude":-49.29561},{"id":11551,"name":"Céu Azul","latitude":-25.29831,"longitude":-53.74848},{"id":11278,"name":"Chopinzinho","latitude":-25.81428,"longitude":-52.45682},{"id":11289,"name":"Cianorte","latitude":-23.66333,"longitude":-52.605},{"id":11290,"name":"Cidade Gaúcha","latitude":-23.36535,"longitude":-52.97466},{"id":11300,"name":"Clevelândia","latitude":-26.39583,"longitude":-52.47083},{"id":11328,"name":"Colombo","latitude":-25.30126,"longitude":-49.16965},{"id":11329,"name":"Colorado","latitude":-22.8375,"longitude":-51.97306},{"id":11381,"name":"Congonhinhas","latitude":-23.62943,"longitude":-50.49858},{"id":11385,"name":"Conselheiro Mairinck","latitude":-23.58771,"longitude":-50.11629},{"id":11390,"name":"Contenda","latitude":-25.71409,"longitude":-49.50798},{"id":11398,"name":"Corbélia","latitude":-24.79889,"longitude":-53.30667},{"id":11410,"name":"Cornélio Procópio","latitude":-23.18111,"longitude":-50.64667},{"id":11417,"name":"Coronel Domingos Soares","latitude":-26.1829,"longitude":-51.97777},{"id":11430,"name":"Coronel Vivida","latitude":-25.97972,"longitude":-52.56778},{"id":11439,"name":"Corumbataí do Sul","latitude":-24.12007,"longitude":-52.14622},{"id":11490,"name":"Cruz Machado","latitude":-25.91086,"longitude":-51.22563},{"id":11496,"name":"Cruzeiro do Iguaçu","latitude":-25.60303,"longitude":-53.12736},{"id":11497,"name":"Cruzeiro do Oeste","latitude":-23.785,"longitude":-53.07333},{"id":11499,"name":"Cruzeiro do Sul","latitude":-22.97418,"longitude":-52.15969},{"id":11502,"name":"Cruzmaltina","latitude":-24.02357,"longitude":-51.48481},{"id":11524,"name":"Curitiba","latitude":-25.42778,"longitude":-49.27306},{"id":11526,"name":"Curiúva","latitude":-24.00386,"longitude":-50.46541},{"id":11585,"name":"Diamante d'Oeste","latitude":-24.94559,"longitude":-54.10349},{"id":11586,"name":"Diamante do Norte","latitude":-22.63752,"longitude":-52.8728},{"id":11587,"name":"Diamante do Sul","latitude":-24.9868,"longitude":-52.70134},{"id":11620,"name":"Dois Vizinhos","latitude":-25.73361,"longitude":-53.05722},{"id":11650,"name":"Douradina","latitude":-23.3404,"longitude":-53.27489},{"id":11655,"name":"Doutor Camargo","latitude":-23.56158,"longitude":-52.22341},{"id":11660,"name":"Doutor Ulysses","latitude":-24.635,"longitude":-49.4002},{"id":11712,"name":"Enéas Marques","latitude":-25.86454,"longitude":-53.15902},{"id":11698,"name":"Engenheiro Beltrão","latitude":-23.79722,"longitude":-52.26917},{"id":11708,"name":"Entre Rios do Oeste","latitude":-24.70408,"longitude":-54.21562},{"id":11732,"name":"Esperança Nova","latitude":-23.71008,"longitude":-53.79362},{"id":11734,"name":"Espigão Alto do Iguaçu","latitude":-25.35011,"longitude":-52.77923},{"id":11777,"name":"Farol","latitude":-24.10348,"longitude":-52.66314},{"id":11781,"name":"Faxinal","latitude":-24.00028,"longitude":-51.31944},{"id":11786,"name":"Fazenda Rio Grande","latitude":-25.66466,"longitude":-49.30426},{"id":11909,"name":"Fênix","latitude":-23.90551,"longitude":-52.03998},{"id":11802,"name":"Fernandes Pinheiro","latitude":-25.44403,"longitude":-50.51811},{"id":11816,"name":"Figueira","latitude":-23.86125,"longitude":-50.42076},{"id":11825,"name":"Flor da Serra do Sul","latitude":-26.23081,"longitude":-53.30368},{"id":11828,"name":"Floraí","latitude":-23.3283,"longitude":-52.32422},{"id":11835,"name":"Floresta","latitude":-23.63014,"longitude":-52.0763},{"id":11840,"name":"Florestópolis","latitude":-22.86333,"longitude":-51.38722},{"id":11846,"name":"Flórida","latitude":-23.11265,"longitude":-51.97861},{"id":11854,"name":"Formosa do Oeste","latitude":-24.30836,"longitude":-53.32776},{"id":11871,"name":"Foz do Iguaçu","latitude":-25.54778,"longitude":-54.58806},{"id":11872,"name":"Foz do Jordão","latitude":-25.69523,"longitude":-52.06075},{"id":11876,"name":"Francisco Alves","latitude":-24.0651,"longitude":-53.88444},{"id":11879,"name":"Francisco Beltrão","latitude":-26.08111,"longitude":-53.055},{"id":11934,"name":"General Carneiro","latitude":-26.43749,"longitude":-51.40075},{"id":11955,"name":"Godoy Moreira","latitude":-24.14813,"longitude":-51.91555},{"id":11968,"name":"Goioerê","latitude":-24.18868,"longitude":-53.09916},{"id":11969,"name":"Goioxim","latitude":-25.09533,"longitude":-52.00812},{"id":11996,"name":"Grandes Rios","latitude":-24.18645,"longitude":-51.4346},{"id":12078,"name":"Guaíra","latitude":-24.26175,"longitude":-54.23821},{"id":12015,"name":"Guairaçá","latitude":-22.90548,"longitude":-52.74878},{"id":12023,"name":"Guamiranga","latitude":-25.15028,"longitude":-50.86182},{"id":12029,"name":"Guapirama","latitude":-23.4684,"longitude":-50.09128},{"id":12030,"name":"Guaporema","latitude":-23.31022,"longitude":-52.82479},{"id":12036,"name":"Guaraci","latitude":-22.97343,"longitude":-51.69739},{"id":12047,"name":"Guaraniaçu","latitude":-25.10083,"longitude":-52.87806},{"id":12052,"name":"Guarapuava","latitude":-25.39048,"longitude":-51.46541},{"id":12053,"name":"Guaraqueçaba","latitude":-25.15156,"longitude":-48.35949},{"id":12059,"name":"Guaratuba","latitude":-25.88278,"longitude":-48.57472},{"id":12104,"name":"Honório Serpa","latitude":-26.13779,"longitude":-52.39614},{"id":12120,"name":"Ibaiti","latitude":-23.84861,"longitude":-50.18778},{"id":12126,"name":"Ibema","latitude":-25.16493,"longitude":-53.01268},{"id":12142,"name":"Ibiporã","latitude":-23.26917,"longitude":-51.04806},{"id":12169,"name":"Icaraíma","latitude":-23.37235,"longitude":-53.59492},{"id":12198,"name":"Iguaraçu","latitude":-23.23375,"longitude":-51.85341},{"id":12202,"name":"Iguatu","latitude":-24.68784,"longitude":-53.08691},{"id":12219,"name":"Imbaú","latitude":-24.44336,"longitude":-50.73882},{"id":12221,"name":"Imbituva","latitude":-25.23,"longitude":-50.60444},{"id":12256,"name":"Inácio Martins","latitude":-25.64,"longitude":-51.22},{"id":12229,"name":"Inajá","latitude":-22.71509,"longitude":-52.24126},{"id":12238,"name":"Indianópolis","latitude":-23.47975,"longitude":-52.64153},{"id":12275,"name":"Ipiranga","latitude":-25.0159,"longitude":-50.55475},{"id":12286,"name":"Iporã","latitude":-24.04512,"longitude":-53.71983},{"id":12301,"name":"Iracema do Oeste","latitude":-24.43665,"longitude":-53.33842},{"id":12312,"name":"Irati","latitude":-25.46722,"longitude":-50.65111},{"id":12318,"name":"Iretama","latitude":-24.34412,"longitude":-52.10655},{"id":12350,"name":"Itaguajé","latitude":-22.66099,"longitude":-51.98288},{"id":12360,"name":"Itaipulândia","latitude":-25.16335,"longitude":-54.34354},{"id":12382,"name":"Itambaracá","latitude":-22.98385,"longitude":-50.42715},{"id":12384,"name":"Itambé","latitude":-23.68805,"longitude":-52.01227},{"id":12407,"name":"Itapejara d'Oeste","latitude":-25.97797,"longitude":-52.82583},{"id":12411,"name":"Itaperuçu","latitude":-25.22,"longitude":-49.34778},{"id":12472,"name":"Itaúna do Sul","latitude":-22.73684,"longitude":-52.89236},{"id":12501,"name":"Ivaí","latitude":-24.99384,"longitude":-50.86192},{"id":12498,"name":"Ivaiporã","latitude":-24.2823,"longitude":-51.63284},{"id":12500,"name":"Ivaté","latitude":-23.33716,"longitude":-53.42407},{"id":12499,"name":"Ivatuba","latitude":-23.59716,"longitude":-52.19434},{"id":12513,"name":"Jaboti","latitude":-23.69532,"longitude":-50.07376},{"id":12520,"name":"Jacarezinho","latitude":-23.19072,"longitude":-49.9541},{"id":12536,"name":"Jaguapitã","latitude":-23.07631,"longitude":-51.58296},{"id":12542,"name":"Jaguariaíva","latitude":-24.24423,"longitude":-49.70932},{"id":12557,"name":"Jandaia do Sul","latitude":-23.60306,"longitude":-51.64333},{"id":12563,"name":"Janiópolis","latitude":-24.08843,"longitude":-52.80294},{"id":12571,"name":"Japira","latitude":-23.69047,"longitude":-50.18011},{"id":12576,"name":"Japurá","latitude":-23.4186,"longitude":-52.5622},{"id":12585,"name":"Jardim Alegre","latitude":-24.21451,"longitude":-51.7227},{"id":12586,"name":"Jardim Olinda","latitude":-22.56938,"longitude":-52.0652},{"id":12597,"name":"Jataizinho","latitude":-23.25417,"longitude":-50.98},{"id":12626,"name":"Jesuítas","latitude":-24.41301,"longitude":-53.41344},{"id":12640,"name":"Joaquim Távora","latitude":-23.42218,"longitude":-49.90251},{"id":12685,"name":"Jundiaí do Sul","latitude":-23.47919,"longitude":-50.18065},{"id":12695,"name":"Juranda","latitude":-24.41323,"longitude":-52.8273},{"id":12706,"name":"Jussara","latitude":-23.62121,"longitude":-52.47084},{"id":12720,"name":"Kaloré","latitude":-23.86713,"longitude":-51.68029},{"id":12792,"name":"Lapa","latitude":-25.76972,"longitude":-49.71583},{"id":12796,"name":"Laranjal","latitude":-24.92573,"longitude":-52.45952},{"id":12800,"name":"Laranjeiras do Sul","latitude":-25.40778,"longitude":-52.41611},{"id":12822,"name":"Leópolis","latitude":-23.02502,"longitude":-50.72558},{"id":12826,"name":"Lidianópolis","latitude":-24.08135,"longitude":-51.64406},{"id":12835,"name":"Lindoeste","latitude":-25.26796,"longitude":-53.5687},{"id":12846,"name":"Loanda","latitude":-22.92306,"longitude":-53.13722},{"id":12847,"name":"Lobato","latitude":-22.96387,"longitude":-52.00714},{"id":12849,"name":"Londrina","latitude":-23.31028,"longitude":-51.16278},{"id":12866,"name":"Luiziana","latitude":-24.34081,"longitude":-52.27043},{"id":12869,"name":"Lunardelli","latitude":-24.07214,"longitude":-51.76003},{"id":12870,"name":"Lupionópolis","latitude":-22.73847,"longitude":-51.68386},{"id":12929,"name":"Mallet","latitude":-25.90209,"longitude":-50.8305},{"id":12933,"name":"Mamborê","latitude":-24.40607,"longitude":-52.61692},{"id":12942,"name":"Mandaguaçu","latitude":-23.34722,"longitude":-52.09528},{"id":12941,"name":"Mandaguari","latitude":-23.5475,"longitude":-51.67083},{"id":12943,"name":"Mandirituba","latitude":-25.84677,"longitude":-49.32704},{"id":12945,"name":"Manfrinópolis","latitude":-26.10011,"longitude":-53.35828},{"id":12948,"name":"Mangueirinha","latitude":-26.03649,"longitude":-52.22257},{"id":12953,"name":"Manoel Ribas","latitude":-24.52402,"longitude":-51.63111},{"id":12998,"name":"Marechal Cândido Rondon","latitude":-24.55611,"longitude":-54.05667},{"id":13004,"name":"Maria Helena","latitude":-23.55348,"longitude":-53.23153},{"id":13006,"name":"Marialva","latitude":-23.485,"longitude":-51.79167},{"id":13017,"name":"Marilândia do Sul","latitude":-23.7438,"longitude":-51.2941},{"id":13014,"name":"Marilena","latitude":-22.72742,"longitude":-53.0817},{"id":13015,"name":"Mariluz","latitude":-24.06183,"longitude":-53.22984},{"id":13018,"name":"Maringá","latitude":-23.42528,"longitude":-51.93861},{"id":13025,"name":"Mariópolis","latitude":-26.3163,"longitude":-52.57421},{"id":13020,"name":"Maripá","latitude":-24.46267,"longitude":-53.80179},{"id":13027,"name":"Marmeleiro","latitude":-26.23791,"longitude":-53.09751},{"id":13030,"name":"Marquinho","latitude":-25.1057,"longitude":-52.25677},{"id":13037,"name":"Marumbi","latitude":-23.76658,"longitude":-51.66062},{"id":13052,"name":"Matelândia","latitude":-25.24083,"longitude":-53.99639},{"id":13062,"name":"Matinhos","latitude":-25.76114,"longitude":-48.5729},{"id":13068,"name":"Mato Rico","latitude":-24.70689,"longitude":-52.24085},{"id":13084,"name":"Mauá da Serra","latitude":-23.91107,"longitude":-51.18026},{"id":13092,"name":"Medianeira","latitude":-25.29528,"longitude":-54.09389},{"id":13100,"name":"Mercedes","latitude":-24.426,"longitude":-54.17683},{"id":13135,"name":"Mirador","latitude":-23.21282,"longitude":-52.75351},{"id":13148,"name":"Miraselva","latitude":-22.9766,"longitude":-51.47042},{"id":13157,"name":"Missal","latitude":-25.11125,"longitude":-54.25786},{"id":13231,"name":"Moreira Sales","latitude":-24.06222,"longitude":-53.00694},{"id":13235,"name":"Morretes","latitude":-25.53075,"longitude":-48.87427},{"id":13273,"name":"Munhoz de Melo","latitude":-23.11288,"longitude":-51.73192},{"id":13339,"name":"Nossa Senhora das Graças","latitude":-22.93036,"longitude":-51.8024},{"id":13346,"name":"Nova Aliança do Ivaí","latitude":-23.1867,"longitude":-52.62571},{"id":13350,"name":"Nova América da Colina","latitude":-23.33377,"longitude":-50.69624},{"id":13353,"name":"Nova Aurora","latitude":-22.86667,"longitude":-52.56667},{"id":13367,"name":"Nova Cantu","latitude":-24.65652,"longitude":-52.56315},{"id":13374,"name":"Nova Esperança","latitude":-23.18311,"longitude":-52.25446},{"id":13376,"name":"Nova Esperança do Sudoeste","latitude":-25.88851,"longitude":-53.2603},{"id":13382,"name":"Nova Fátima","latitude":-23.39579,"longitude":-50.53565},{"id":13397,"name":"Nova Laranjeiras","latitude":-25.21942,"longitude":-52.57752},{"id":13399,"name":"Nova Londrina","latitude":-22.76583,"longitude":-52.985},{"id":13415,"name":"Nova Olímpia","latitude":-23.43206,"longitude":-53.03895},{"id":13422,"name":"Nova Prata do Iguaçu","latitude":-25.60849,"longitude":-53.38052},{"id":13431,"name":"Nova Santa Bárbara","latitude":-23.60238,"longitude":-50.7545},{"id":13435,"name":"Nova Santa Rosa","latitude":-24.44687,"longitude":-53.99553},{"id":13438,"name":"Nova Tebas","latitude":-24.43082,"longitude":-51.94584},{"id":13466,"name":"Novo Itacolomi","latitude":-23.7756,"longitude":-51.53874},{"id":13525,"name":"Ortigueira","latitude":-24.20833,"longitude":-50.94944},{"id":13535,"name":"Ourizona","latitude":-23.48358,"longitude":-52.24274},{"id":13549,"name":"Ouro Verde do Oeste","latitude":-24.7969,"longitude":-53.93681},{"id":13573,"name":"Paiçandu","latitude":-23.4575,"longitude":-52.04861},{"id":13586,"name":"Palmas","latitude":-26.48417,"longitude":-51.99056},{"id":13589,"name":"Palmeira","latitude":-25.42944,"longitude":-50.00639},{"id":13606,"name":"Palmital","latitude":-24.8426,"longitude":-52.2537},{"id":13611,"name":"Palotina","latitude":-24.28389,"longitude":-53.84},{"id":13662,"name":"Paraíso do Norte","latitude":-23.2541,"longitude":-52.63634},{"id":13636,"name":"Paranacity","latitude":-22.84648,"longitude":-52.13457},{"id":13637,"name":"Paranaguá","latitude":-25.51626,"longitude":-48.52537},{"id":13640,"name":"Paranapoema","latitude":-22.65624,"longitude":-52.07598},{"id":13644,"name":"Paranavaí","latitude":-23.07306,"longitude":-52.46528},{"id":13704,"name":"Pato Bragado","latitude":-24.64323,"longitude":-54.22745},{"id":13705,"name":"Pato Branco","latitude":-26.22861,"longitude":-52.67056},{"id":13722,"name":"Paula Freitas","latitude":-26.17808,"longitude":-50.84807},{"id":13733,"name":"Paulo Frontin","latitude":-26.04279,"longitude":-50.7477},{"id":13743,"name":"Peabiru","latitude":-23.91278,"longitude":-52.34306},{"id":13812,"name":"Perobal","latitude":-23.97015,"longitude":-53.32376},{"id":14121,"name":"Pérola","latitude":-23.84076,"longitude":-53.70733},{"id":14122,"name":"Pérola d'Oeste","latitude":-25.84683,"longitude":-53.7564},{"id":13930,"name":"Piên","latitude":-26.08649,"longitude":-49.45641},{"id":13858,"name":"Pinhais","latitude":-25.44472,"longitude":-49.1925},{"id":13862,"name":"Pinhal de São Bento","latitude":-26.00683,"longitude":-53.48906},{"id":13865,"name":"Pinhalão","latitude":-23.92456,"longitude":-50.05444},{"id":13873,"name":"Pinhão","latitude":-25.69556,"longitude":-51.65972},{"id":13912,"name":"Piraí do Sul","latitude":-24.52611,"longitude":-49.94861},{"id":13904,"name":"Piraquara","latitude":-25.44227,"longitude":-49.06795},{"id":13921,"name":"Pitanga","latitude":-24.75722,"longitude":-51.76139},{"id":13922,"name":"Pitangueiras","latitude":-23.19194,"longitude":-51.56836},{"id":13935,"name":"Planaltina do Paraná","latitude":-23.09388,"longitude":-52.92823},{"id":13938,"name":"Planalto","latitude":-25.72679,"longitude":-53.72859},{"id":13957,"name":"Ponta Grossa","latitude":-25.095,"longitude":-50.16194},{"id":13962,"name":"Pontal do Paraná","latitude":-25.67361,"longitude":-48.51111},{"id":13985,"name":"Porecatu","latitude":-22.75583,"longitude":-51.37917},{"id":13998,"name":"Porto Amazonas","latitude":-25.53897,"longitude":-49.90183},{"id":13999,"name":"Porto Barreiro","latitude":-25.58093,"longitude":-52.39206},{"id":14015,"name":"Porto Rico","latitude":-22.82902,"longitude":-53.31785},{"id":14021,"name":"Porto Vitória","latitude":-26.25338,"longitude":-51.24188},{"id":14060,"name":"Prado Ferreira","latitude":-23.02439,"longitude":-51.37909},{"id":14067,"name":"Pranchita","latitude":-25.96586,"longitude":-53.69675},{"id":14078,"name":"Presidente Castelo Branco","latitude":-23.26207,"longitude":-52.14511},{"id":14105,"name":"Primeiro de Maio","latitude":-22.87095,"longitude":-51.08897},{"id":14114,"name":"Prudentópolis","latitude":-25.21306,"longitude":-50.97778},{"id":14128,"name":"Quarto Centenário","latitude":-24.29608,"longitude":-53.11994},{"id":14129,"name":"Quatiguá","latitude":-23.55499,"longitude":-49.91985},{"id":14132,"name":"Quatro Barras","latitude":-25.36556,"longitude":-49.07694},{"id":14134,"name":"Quatro Pontes","latitude":-24.50435,"longitude":-54.00566},{"id":14137,"name":"Quedas do Iguaçu","latitude":-25.43169,"longitude":-52.98265},{"id":14146,"name":"Querência do Norte","latitude":-23.10147,"longitude":-53.56278},{"id":14150,"name":"Quinta do Sol","latitude":-23.79814,"longitude":-52.15746},{"id":14156,"name":"Quitandinha","latitude":-25.90132,"longitude":-49.50522},{"id":14169,"name":"Ramilândia","latitude":-25.09153,"longitude":-54.00622},{"id":14171,"name":"Rancho Alegre","latitude":-23.05892,"longitude":-50.91888},{"id":14172,"name":"Rancho Alegre d'Oeste","latitude":-24.30404,"longitude":-52.98349},{"id":14177,"name":"Realeza","latitude":-25.67431,"longitude":-53.54659},{"id":14178,"name":"Rebouças","latitude":-25.68296,"longitude":-50.63115},{"id":14195,"name":"Renascença","latitude":-26.21457,"longitude":-52.93431},{"id":14199,"name":"Reserva","latitude":-24.57312,"longitude":-50.93141},{"id":14201,"name":"Reserva do Iguaçu","latitude":-25.84778,"longitude":-51.94646},{"id":14240,"name":"Ribeirão Claro","latitude":-23.29564,"longitude":-49.78622},{"id":14249,"name":"Ribeirão do Pinhal","latitude":-23.38629,"longitude":-50.43197},{"id":14258,"name":"Rio Azul","latitude":-25.74072,"longitude":-50.73497},{"id":14260,"name":"Rio Bom","latitude":-23.8022,"longitude":-51.44616},{"id":14262,"name":"Rio Bonito do Iguaçu","latitude":-25.54822,"longitude":-52.62154},{"id":14265,"name":"Rio Branco do Ivaí","latitude":-24.35602,"longitude":-51.34215},{"id":14266,"name":"Rio Branco do Sul","latitude":-25.19,"longitude":-49.31417},{"id":14283,"name":"Rio Negro","latitude":-26.09001,"longitude":-49.71582},{"id":14337,"name":"Rolândia","latitude":-23.30972,"longitude":-51.36917},{"id":14340,"name":"Roncador","latitude":-24.56358,"longitude":-52.22448},{"id":14344,"name":"Rondon","latitude":-23.47457,"longitude":-52.84502},{"id":14354,"name":"Rosário do Ivaí","latitude":-24.30569,"longitude":-51.22024},{"id":14370,"name":"Sabáudia","latitude":-23.36584,"longitude":-51.60539},{"id":14384,"name":"Salgado Filho","latitude":-26.12101,"longitude":-53.43938},{"id":14401,"name":"Salto do Itararé","latitude":-23.61939,"longitude":-49.68219},{"id":14403,"name":"Salto do Lontra","latitude":-25.77035,"longitude":-53.29978},{"id":14419,"name":"Santa Amélia","latitude":-23.26039,"longitude":-50.41329},{"id":14434,"name":"Santa Cecília do Pavão","latitude":-23.54436,"longitude":-50.82283},{"id":14449,"name":"Santa Cruz de Monte Castelo","latitude":-23.14407,"longitude":-53.3664},{"id":14464,"name":"Santa Fé","latitude":-23.0399,"longitude":-51.81359},{"id":14472,"name":"Santa Helena","latitude":-24.90689,"longitude":-54.28722},{"id":14479,"name":"Santa Inês","latitude":-22.6874,"longitude":-51.89746},{"id":14482,"name":"Santa Isabel do Ivaí","latitude":-23.1382,"longitude":-53.25909},{"id":14484,"name":"Santa Izabel do Oeste","latitude":-25.77567,"longitude":-53.41047},{"id":14499,"name":"Santa Lúcia","latitude":-25.41465,"longitude":-53.55213},{"id":14513,"name":"Santa Maria do Oeste","latitude":-24.92004,"longitude":-51.96628},{"id":14518,"name":"Santa Mariana","latitude":-23.04831,"longitude":-50.52939},{"id":14521,"name":"Santa Mônica","latitude":-23.16554,"longitude":-53.11244},{"id":14555,"name":"Santa Tereza do Oeste","latitude":-25.04438,"longitude":-53.61939},{"id":14562,"name":"Santa Terezinha de Itaipu","latitude":-25.41349,"longitude":-54.42251},{"id":14583,"name":"Santana do Itararé","latitude":-23.73441,"longitude":-49.61942},{"id":14614,"name":"Santo Antônio da Platina","latitude":-23.295,"longitude":-50.07722},{"id":14624,"name":"Santo Antônio do Caiuá","latitude":-22.69373,"longitude":-52.30897},{"id":14635,"name":"Santo Antônio do Paraíso","latitude":-23.56361,"longitude":-50.6194},{"id":14640,"name":"Santo Antônio do Sudoeste","latitude":-26.07361,"longitude":-53.72528},{"id":14650,"name":"Santo Inácio","latitude":-22.72365,"longitude":-51.80606},{"id":14857,"name":"São Carlos do Ivaí","latitude":-23.35478,"longitude":-52.52074},{"id":14929,"name":"São Jerônimo da Serra","latitude":-23.68708,"longitude":-50.78987},{"id":14998,"name":"São João","latitude":-25.78385,"longitude":-52.80418},{"id":15026,"name":"São João do Caiuá","latitude":-22.82937,"longitude":-52.28543},{"id":15030,"name":"São João do Ivaí","latitude":-23.97916,"longitude":-51.88263},{"id":15047,"name":"São João do Triunfo","latitude":-25.7041,"longitude":-50.26243},{"id":14935,"name":"São Jorge d'Oeste","latitude":-25.66317,"longitude":-52.94857},{"id":14936,"name":"São Jorge do Ivaí","latitude":-23.43841,"longitude":-52.30359},{"id":14937,"name":"São Jorge do Patrocínio","latitude":-23.74952,"longitude":-53.88553},{"id":14941,"name":"São José da Boa Vista","latitude":-23.96483,"longitude":-49.6519},{"id":14951,"name":"São José das Palmeiras","latitude":-24.83457,"longitude":-54.12721},{"id":14995,"name":"São José dos Pinhais","latitude":-25.5302,"longitude":-49.20836},{"id":15069,"name":"São Manoel do Paraná","latitude":-23.38356,"longitude":-52.58889},{"id":15077,"name":"São Mateus do Sul","latitude":-25.87417,"longitude":-50.38278},{"id":15092,"name":"São Miguel do Iguaçu","latitude":-25.34806,"longitude":-54.23778},{"id":15116,"name":"São Pedro do Iguaçu","latitude":-24.90931,"longitude":-53.88765},{"id":15117,"name":"São Pedro do Ivaí","latitude":-23.83342,"longitude":-51.86952},{"id":15118,"name":"São Pedro do Paraná","latitude":-22.76847,"longitude":-53.1658},{"id":15137,"name":"São Sebastião da Amoreira","latitude":-23.45392,"longitude":-50.71309},{"id":15162,"name":"São Tomé","latitude":-23.52364,"longitude":-52.514},{"id":14659,"name":"Sapopema","latitude":-23.87746,"longitude":-50.61022},{"id":14668,"name":"Sarandi","latitude":-23.44361,"longitude":-51.87389},{"id":14676,"name":"Saudade do Iguaçu","latitude":-25.70473,"longitude":-52.60816},{"id":14709,"name":"Sengés","latitude":-24.11335,"longitude":-49.46315},{"id":14749,"name":"Serranópolis do Iguaçu","latitude":-25.47001,"longitude":-54.01644},{"id":14757,"name":"Sertaneja","latitude":-22.95832,"longitude":-50.88804},{"id":14758,"name":"Sertanópolis","latitude":-23.05861,"longitude":-51.03639},{"id":14792,"name":"Siqueira Campos","latitude":-23.68889,"longitude":-49.83389},{"id":14822,"name":"Sulina","latitude":-25.67144,"longitude":-52.68373},{"id":15209,"name":"Tamarana","latitude":-23.82556,"longitude":-51.04683},{"id":15211,"name":"Tamboara","latitude":-23.19886,"longitude":-52.46715},{"id":15226,"name":"Tapejara","latitude":-23.62534,"longitude":-52.91113},{"id":15234,"name":"Tapira","latitude":-23.30639,"longitude":-53.13632},{"id":15266,"name":"Teixeira Soares","latitude":-25.27813,"longitude":-50.43158},{"id":15273,"name":"Telêmaco Borba","latitude":-24.22442,"longitude":-50.54151},{"id":15290,"name":"Terra Boa","latitude":-23.6794,"longitude":-52.34426},{"id":15294,"name":"Terra Rica","latitude":-22.73272,"longitude":-52.68457},{"id":15295,"name":"Terra Roxa","latitude":-24.22292,"longitude":-54.09087},{"id":15304,"name":"Tibagi","latitude":-24.65805,"longitude":-50.51861},{"id":15310,"name":"Tijucas do Sul","latitude":-25.89852,"longitude":-49.11779},{"id":15329,"name":"Toledo","latitude":-24.71361,"longitude":-53.74306},{"id":15332,"name":"Tomazina","latitude":-23.77655,"longitude":-49.95552},{"id":15371,"name":"Três Barras do Paraná","latitude":-25.42222,"longitude":-53.23148},{"id":15394,"name":"Tunas do Paraná","latitude":-24.96753,"longitude":-48.86604},{"id":15395,"name":"Tuneiras do Oeste","latitude":-23.90168,"longitude":-52.83572},{"id":15409,"name":"Tupãssi","latitude":-24.63318,"longitude":-53.49207},{"id":15418,"name":"Turvo","latitude":-24.97002,"longitude":-51.5086},{"id":15436,"name":"Ubiratã","latitude":-24.50395,"longitude":-53.01934},{"id":15451,"name":"Umuarama","latitude":-23.76639,"longitude":-53.325},{"id":15459,"name":"União da Vitória","latitude":-26.09211,"longitude":-51.11212},{"id":15454,"name":"Uniflor","latitude":-23.06016,"longitude":-52.09077},{"id":15466,"name":"Uraí","latitude":-23.19291,"longitude":-50.79419},{"id":15528,"name":"Ventania","latitude":-24.14204,"longitude":-50.22365},{"id":15536,"name":"Vera Cruz do Oeste","latitude":-24.94088,"longitude":-53.92809},{"id":15546,"name":"Verê","latitude":-25.85329,"longitude":-52.9592},{"id":15586,"name":"Virmond","latitude":-25.4301,"longitude":-52.23673},{"id":15595,"name":"Vitorino","latitude":-26.24047,"longitude":-52.81976},{"id":15629,"name":"Wenceslau Braz","latitude":-23.88811,"longitude":-49.79148},{"id":15634,"name":"Xambrê","latitude":-23.73853,"longitude":-53.604}]