[{"id":16154,"name":"Alberton","latitude":46.81685,"longitude":-64.06542},{"id":16210,"name":"Belfast","latitude":46.08341,"longitude":-62.88197},{"id":16297,"name":"Charlottetown","latitude":46.23899,"longitude":-63.13414},{"id":16338,"name":"Cornwall","latitude":46.22652,"longitude":-63.21809},{"id":16417,"name":"Fallingbrook","latitude":45.47558,"longitude":-75.48401},{"id":16538,"name":"Kensington","latitude":46.43343,"longitude":-63.64871},{"id":16707,"name":"Montague","latitude":46.16681,"longitude":-62.64866},{"id":17055,"name":"Souris","latitude":46.3501,"longitude":-62.24862},{"id":17087,"name":"Summerside","latitude":46.39593,"longitude":-63.78762}]