[{"id":142968,"name":"Amajari","latitude":3.65416667,"longitude":-61.41694444},{"id":142969,"name":"Boa Vista","latitude":2.82,"longitude":-60.67194444},{"id":142970,"name":"Bonfim","latitude":3.36,"longitude":-59.83277778},{"id":142971,"name":"Cantá","latitude":2.61,"longitude":-60.59694444},{"id":142972,"name":"Caracaraí","latitude":1.81583333,"longitude":-61.12777778},{"id":142973,"name":"Caroebe","latitude":0.88388889,"longitude":-59.69583333},{"id":142974,"name":"Iracema","latitude":2.18194444,"longitude":-61.04083333},{"id":142975,"name":"Mucajaí","latitude":2.43,"longitude":-60.9},{"id":142976,"name":"Normandia","latitude":3.88083333,"longitude":-59.62277778},{"id":142977,"name":"Pacaraima","latitude":4.43083333,"longitude":-61.14583333},{"id":142978,"name":"Rorainópolis","latitude":0.94583333,"longitude":-60.41777778},{"id":142979,"name":"São João da Baliza","latitude":0.95083333,"longitude":-59.91083333},{"id":142980,"name":"São Luís","latitude":1.005,"longitude":-60.15888889},{"id":142981,"name":"Uiramutã","latitude":4.59583333,"longitude":-60.16777778}]