[{"id":16146,"name":"Abbotsford","latitude":49.05798,"longitude":-122.25257},{"id":16150,"name":"Agassiz","latitude":49.23298,"longitude":-121.76926},{"id":16155,"name":"Aldergrove","latitude":49.05801,"longitude":-122.47087},{"id":16156,"name":"Aldergrove East","latitude":49.05593,"longitude":-122.42299},{"id":16169,"name":"Anmore","latitude":49.31637,"longitude":-122.85263},{"id":16172,"name":"Arbutus Ridge","latitude":49.24966,"longitude":-123.16934},{"id":16173,"name":"Armstrong","latitude":50.44979,"longitude":-119.20235},{"id":16176,"name":"Ashcroft","latitude":50.72372,"longitude":-121.28207},{"id":16194,"name":"Barrière","latitude":51.18308,"longitude":-120.1192},{"id":16235,"name":"Bowen Island","latitude":49.3847,"longitude":-123.33622},{"id":16253,"name":"Burnaby","latitude":49.26636,"longitude":-122.95263},{"id":16254,"name":"Burns Lake","latitude":54.22972,"longitude":-125.76084},{"id":16257,"name":"Cache Creek","latitude":50.81011,"longitude":-121.3246},{"id":16263,"name":"Campbell River","latitude":50.01634,"longitude":-125.24459},{"id":16286,"name":"Castlegar","latitude":49.32317,"longitude":-117.65831},{"id":16288,"name":"Cedar","latitude":49.11633,"longitude":-123.8527},{"id":16289,"name":"Central Coast Regional District","latitude":52.16638,"longitude":-127.00323},{"id":16298,"name":"Chase","latitude":50.8165,"longitude":-119.68571},{"id":16302,"name":"Chemainus","latitude":48.91633,"longitude":-123.71937},{"id":16306,"name":"Chetwynd","latitude":55.69988,"longitude":-121.63627},{"id":16308,"name":"Chilliwack","latitude":49.16638,"longitude":-121.95257},{"id":16326,"name":"Colwood","latitude":48.43293,"longitude":-123.48591},{"id":16334,"name":"Coombs","latitude":49.29963,"longitude":-124.41946},{"id":16335,"name":"Coquitlam","latitude":49.2846,"longitude":-122.78217},{"id":16341,"name":"Courtenay","latitude":49.68657,"longitude":-124.9936},{"id":16344,"name":"Cowichan Bay","latitude":48.73366,"longitude":-123.61739},{"id":16346,"name":"Cranbrook","latitude":49.49991,"longitude":-115.76879},{"id":16347,"name":"Creston","latitude":49.09987,"longitude":-116.50211},{"id":16350,"name":"Cumberland","latitude":49.61634,"longitude":-125.03613},{"id":16359,"name":"Dawson Creek","latitude":55.75984,"longitude":-120.2403},{"id":16366,"name":"Delta","latitude":49.14399,"longitude":-122.9068},{"id":16367,"name":"Denman Island","latitude":49.53294,"longitude":-124.8195},{"id":16368,"name":"Denman Island Trust Area","latitude":49.55189,"longitude":-124.79881},{"id":16386,"name":"Duck Lake","latitude":50.0088,"longitude":-119.39672},{"id":16387,"name":"Duncan","latitude":48.78293,"longitude":-123.70266},{"id":16394,"name":"East Wellington","latitude":49.17385,"longitude":-124.01745},{"id":16400,"name":"Elkford","latitude":50.05007,"longitude":-114.8854},{"id":16402,"name":"Ellison","latitude":49.93307,"longitude":-119.36907},{"id":16404,"name":"Enderby","latitude":50.5498,"longitude":-119.15234},{"id":16414,"name":"Fairwinds","latitude":49.27588,"longitude":-124.12782},{"id":16421,"name":"Fernie","latitude":49.49996,"longitude":-115.06871},{"id":16432,"name":"Fort Nelson","latitude":58.80533,"longitude":-122.7002},{"id":16435,"name":"Fort St. John","latitude":56.24988,"longitude":-120.85292},{"id":16440,"name":"Fraser Valley Regional District","latitude":49.58299,"longitude":-121.83587},{"id":16442,"name":"French Creek","latitude":49.34123,"longitude":-124.35541},{"id":16443,"name":"Fruitvale","latitude":49.11654,"longitude":-117.55222},{"id":16451,"name":"Gibsons","latitude":49.39539,"longitude":-123.50555},{"id":16458,"name":"Golden","latitude":51.29995,"longitude":-116.9689},{"id":16465,"name":"Grand Forks","latitude":49.03309,"longitude":-118.4356},{"id":16487,"name":"Hanceville","latitude":51.91922,"longitude":-123.04458},{"id":16507,"name":"Hope","latitude":49.38299,"longitude":-121.44144},{"id":16508,"name":"Hornby Island","latitude":49.53448,"longitude":-124.66923},{"id":16510,"name":"Houston","latitude":54.39976,"longitude":-126.67008},{"id":16523,"name":"Invermere","latitude":50.51666,"longitude":-116.03538},{"id":16531,"name":"Kamloops","latitude":50.66648,"longitude":-120.3192},{"id":16536,"name":"Kelowna","latitude":49.88307,"longitude":-119.48568},{"id":16545,"name":"Kimberley","latitude":49.67071,"longitude":-115.9776},{"id":16554,"name":"Kitimat","latitude":54.05244,"longitude":-128.65342},{"id":16586,"name":"Ladner","latitude":49.08938,"longitude":-123.08241},{"id":16587,"name":"Ladysmith","latitude":48.99016,"longitude":-123.81699},{"id":16588,"name":"Lake Cowichan","latitude":48.82495,"longitude":-124.05461},{"id":16595,"name":"Langford","latitude":48.44963,"longitude":-123.50261},{"id":16597,"name":"Langley","latitude":49.10107,"longitude":-122.65883},{"id":16616,"name":"Lillooet","latitude":50.6856,"longitude":-121.942},{"id":16621,"name":"Lions Bay","latitude":49.45218,"longitude":-123.2376},{"id":16626,"name":"Logan Lake","latitude":50.49976,"longitude":-120.80253},{"id":16635,"name":"Lumby","latitude":50.24979,"longitude":-118.96904},{"id":16641,"name":"Mackenzie","latitude":55.33637,"longitude":-123.09374},{"id":16656,"name":"Maple Ridge","latitude":49.21939,"longitude":-122.60193},{"id":16681,"name":"Merritt","latitude":50.11225,"longitude":-120.7942},{"id":16684,"name":"Metchosin","latitude":48.38293,"longitude":-123.53591},{"id":16685,"name":"Metro Vancouver Regional District","latitude":49.33296,"longitude":-123.00264},{"id":16696,"name":"Mission","latitude":49.13298,"longitude":-122.30258},{"id":16727,"name":"Nakusp","latitude":50.24987,"longitude":-117.80226},{"id":16728,"name":"Nanaimo","latitude":49.16638,"longitude":-123.94003},{"id":16735,"name":"Nelson","latitude":49.49985,"longitude":-117.28553},{"id":16742,"name":"New Westminster","latitude":49.20678,"longitude":-122.91092},{"id":16757,"name":"North Cowichan","latitude":48.84133,"longitude":-123.68596},{"id":16758,"name":"North Oyster/Yellow Point","latitude":49.04807,"longitude":-123.83395},{"id":16760,"name":"North Saanich","latitude":48.66634,"longitude":-123.41933},{"id":16761,"name":"North Vancouver","latitude":49.31636,"longitude":-123.06934},{"id":16769,"name":"Oak Bay","latitude":48.44964,"longitude":-123.3026},{"id":16772,"name":"Okanagan","latitude":50.36386,"longitude":-119.34997},{"id":16773,"name":"Okanagan Falls","latitude":49.35,"longitude":-119.56667},{"id":16776,"name":"Oliver","latitude":49.18306,"longitude":-119.5524},{"id":16784,"name":"Osoyoos","latitude":49.03306,"longitude":-119.45237},{"id":16798,"name":"Parksville","latitude":49.31947,"longitude":-124.31575},{"id":16804,"name":"Peace River Regional District","latitude":56.6665,"longitude":-122.75302},{"id":16805,"name":"Peachland","latitude":49.76647,"longitude":-119.73568},{"id":16808,"name":"Pemberton","latitude":50.31641,"longitude":-122.80273},{"id":16811,"name":"Penticton","latitude":49.48062,"longitude":-119.58584},{"id":16826,"name":"Pitt Meadows","latitude":49.22119,"longitude":-122.68965},{"id":16837,"name":"Port Alberni","latitude":49.24133,"longitude":-124.8028},{"id":16839,"name":"Port Coquitlam","latitude":49.26637,"longitude":-122.76932},{"id":16842,"name":"Port McNeill","latitude":50.58716,"longitude":-127.08053},{"id":16843,"name":"Port Moody","latitude":49.28124,"longitude":-122.82457},{"id":16851,"name":"Powell River","latitude":49.83278,"longitude":-124.52368},{"id":16856,"name":"Prince George","latitude":53.9166,"longitude":-122.75301},{"id":16857,"name":"Prince Rupert","latitude":54.31507,"longitude":-130.32098},{"id":16858,"name":"Princeton","latitude":49.45802,"longitude":-120.51076},{"id":16863,"name":"Puntledge","latitude":49.66168,"longitude":-125.05686},{"id":16865,"name":"Quesnel","latitude":52.97842,"longitude":-122.4931},{"id":16877,"name":"Regional District of Alberni-Clayoquot","latitude":49.24962,"longitude":-125.33615},{"id":16878,"name":"Regional District of Central Okanagan","latitude":49.99978,"longitude":-119.41908},{"id":16882,"name":"Revelstoke","latitude":50.99712,"longitude":-118.1953},{"id":16885,"name":"Richmond","latitude":49.17003,"longitude":-123.13683},{"id":16904,"name":"Rossland","latitude":49.08313,"longitude":-117.80224},{"id":16908,"name":"Royston","latitude":49.64703,"longitude":-124.9467},{"id":17016,"name":"Salmo","latitude":49.19986,"longitude":-117.2689},{"id":17017,"name":"Salmon Arm","latitude":50.6998,"longitude":-119.30237},{"id":17018,"name":"Salt Spring Island","latitude":48.81852,"longitude":-123.49061},{"id":17019,"name":"Saltair","latitude":48.94963,"longitude":-123.76939},{"id":17025,"name":"Sechelt","latitude":49.47512,"longitude":-123.75903},{"id":17043,"name":"Sicamous","latitude":50.83312,"longitude":-118.98565},{"id":17047,"name":"Six Mile","latitude":48.45767,"longitude":-123.46088},{"id":17050,"name":"Smithers","latitude":54.78036,"longitude":-127.17428},{"id":17053,"name":"Sooke","latitude":48.37463,"longitude":-123.72762},{"id":17058,"name":"South Pender Harbour","latitude":49.62202,"longitude":-124.02484},{"id":17060,"name":"Sparwood","latitude":49.73332,"longitude":-114.88532},{"id":17086,"name":"Summerland","latitude":49.59977,"longitude":-119.66911},{"id":17089,"name":"Surrey","latitude":49.10635,"longitude":-122.82509},{"id":17102,"name":"Terrace","latitude":54.51634,"longitude":-128.60345},{"id":17119,"name":"Tofino","latitude":49.15314,"longitude":-125.90744},{"id":17125,"name":"Trail","latitude":49.09983,"longitude":-117.70223},{"id":17128,"name":"Tsawwassen","latitude":49.01667,"longitude":-123.08333},{"id":17129,"name":"Tumbler Ridge","latitude":55.13027,"longitude":-120.99415},{"id":17133,"name":"Ucluelet","latitude":48.94153,"longitude":-125.54635},{"id":17145,"name":"Vancouver","latitude":49.24966,"longitude":-123.11934},{"id":17146,"name":"Vanderhoof","latitude":54.01657,"longitude":-124.01982},{"id":17155,"name":"Vernon","latitude":50.26729,"longitude":-119.27337},{"id":17156,"name":"Victoria","latitude":48.4359,"longitude":-123.35155},{"id":17168,"name":"Walnut Grove","latitude":49.16473,"longitude":-122.64042},{"id":17183,"name":"Welcome Beach","latitude":49.47959,"longitude":-123.89239},{"id":17189,"name":"West End","latitude":49.28333,"longitude":-123.13333},{"id":17190,"name":"West Kelowna","latitude":49.8625,"longitude":-119.58333},{"id":17193,"name":"West Vancouver","latitude":49.36672,"longitude":-123.16652},{"id":17200,"name":"Whistler","latitude":50.11817,"longitude":-122.95396},{"id":17202,"name":"White Rock","latitude":49.01636,"longitude":-122.8026},{"id":17207,"name":"Williams Lake","latitude":52.14153,"longitude":-122.14451}]