[{"id":175,"name":"Bashkia Malësi e Madhe","latitude":42.36798,"longitude":19.58977},{"id":181,"name":"Bashkia Pukë","latitude":42.02997,"longitude":19.92778},{"id":188,"name":"Bashkia Vau i Dejës","latitude":42.04834,"longitude":19.69999},{"id":202,"name":"Fushë-Arrëz","latitude":42.06222,"longitude":20.01667},{"id":211,"name":"Koplik","latitude":42.21361,"longitude":19.43639},{"id":239,"name":"Pukë","latitude":42.04444,"longitude":19.89972},{"id":255,"name":"Rrethi i Malësia e Madhe","latitude":42.33333,"longitude":19.58333},{"id":257,"name":"Rrethi i Shkodrës","latitude":42.06917,"longitude":19.53506},{"id":266,"name":"Shkodër","latitude":42.06828,"longitude":19.51258},{"id":274,"name":"Vau i Dejës","latitude":42.01,"longitude":19.62472},{"id":279,"name":"Vukatanë","latitude":42.02806,"longitude":19.54778}]