[{"id":16151,"name":"Airdrie","latitude":51.30011,"longitude":-114.03528},{"id":16178,"name":"Athabasca","latitude":54.71687,"longitude":-113.28537},{"id":16190,"name":"Banff","latitude":51.17622,"longitude":-115.56982},{"id":16192,"name":"Barrhead","latitude":54.13345,"longitude":-114.40211},{"id":16196,"name":"Bassano","latitude":50.78342,"longitude":-112.46854},{"id":16204,"name":"Beaumont","latitude":53.35013,"longitude":-113.41871},{"id":16207,"name":"Beaverlodge","latitude":55.21664,"longitude":-119.43605},{"id":16219,"name":"Black Diamond","latitude":50.70011,"longitude":-114.2353},{"id":16220,"name":"Blackfalds","latitude":52.38342,"longitude":-113.7853},{"id":16226,"name":"Bon Accord","latitude":53.83345,"longitude":-113.41872},{"id":16229,"name":"Bonnyville","latitude":54.26684,"longitude":-110.73505},{"id":16234,"name":"Bow Island","latitude":49.86676,"longitude":-111.36843},{"id":16245,"name":"Brooks","latitude":50.58341,"longitude":-111.88509},{"id":16259,"name":"Calgary","latitude":51.05011,"longitude":-114.08529},{"id":16260,"name":"Calmar","latitude":53.26683,"longitude":-113.81874},{"id":16265,"name":"Camrose","latitude":53.01684,"longitude":-112.83525},{"id":16267,"name":"Canmore","latitude":51.08335,"longitude":-115.35206},{"id":16277,"name":"Cardston","latitude":49.19998,"longitude":-113.3019},{"id":16284,"name":"Carstairs","latitude":51.56681,"longitude":-114.102},{"id":16305,"name":"Chestermere","latitude":51.03341,"longitude":-113.81867},{"id":16314,"name":"Claresholm","latitude":50.03332,"longitude":-113.58524},{"id":16316,"name":"Coaldale","latitude":49.7167,"longitude":-112.61854},{"id":16317,"name":"Coalhurst","latitude":49.7464,"longitude":-112.93246},{"id":16320,"name":"Cochrane","latitude":51.18341,"longitude":-114.46871},{"id":16323,"name":"Cold Lake","latitude":54.46525,"longitude":-110.18154},{"id":16349,"name":"Crossfield","latitude":51.43341,"longitude":-114.03528},{"id":16371,"name":"Devon","latitude":53.36683,"longitude":-113.73533},{"id":16372,"name":"Didsbury","latitude":51.66681,"longitude":-114.13529},{"id":16383,"name":"Drayton Valley","latitude":53.21682,"longitude":-114.98544},{"id":16396,"name":"Edmonton","latitude":53.55014,"longitude":-113.46871},{"id":16398,"name":"Edson","latitude":53.58345,"longitude":-116.43559},{"id":16399,"name":"Elk Point","latitude":53.90017,"longitude":-110.9017},{"id":16413,"name":"Fairview","latitude":56.06675,"longitude":-118.38606},{"id":16415,"name":"Falher","latitude":55.73339,"longitude":-117.20262},{"id":16429,"name":"Fort Macleod","latitude":49.71671,"longitude":-113.41857},{"id":16430,"name":"Fort McMurray","latitude":56.72676,"longitude":-111.38103},{"id":16433,"name":"Fort Saskatchewan","latitude":53.71684,"longitude":-113.2187},{"id":16438,"name":"Fox Creek","latitude":54.40007,"longitude":-116.80238},{"id":16450,"name":"Gibbons","latitude":53.83345,"longitude":-113.33531},{"id":16463,"name":"Grand Centre","latitude":54.41628,"longitude":-110.21304},{"id":16466,"name":"Grande Cache","latitude":53.88335,"longitude":-119.13585},{"id":16467,"name":"Grande Prairie","latitude":55.16667,"longitude":-118.80271},{"id":16476,"name":"Grimshaw","latitude":56.18339,"longitude":-117.6027},{"id":16488,"name":"Hanna","latitude":51.63343,"longitude":-111.90181},{"id":16502,"name":"Heritage Pointe","latitude":50.84213,"longitude":-114.00493},{"id":16503,"name":"High Level","latitude":58.51688,"longitude":-117.13605},{"id":16504,"name":"High Prairie","latitude":55.4334,"longitude":-116.4858},{"id":16505,"name":"High River","latitude":50.58341,"longitude":-113.86867},{"id":16506,"name":"Hinton","latitude":53.40009,"longitude":-117.58567},{"id":16526,"name":"Irricana","latitude":51.32372,"longitude":-113.60475},{"id":16528,"name":"Jasper Park Lodge","latitude":52.88633,"longitude":-118.05625},{"id":16543,"name":"Killam","latitude":52.78344,"longitude":-111.85175},{"id":16575,"name":"Lac La Biche","latitude":54.7669,"longitude":-111.96861},{"id":16585,"name":"Lacombe","latitude":52.46681,"longitude":-113.7353},{"id":16592,"name":"Lamont","latitude":53.76686,"longitude":-112.80195},{"id":16602,"name":"Larkspur","latitude":53.47942,"longitude":-113.38142},{"id":16603,"name":"Laurel","latitude":53.44667,"longitude":-113.38197},{"id":16610,"name":"Leduc","latitude":53.26682,"longitude":-113.55201},{"id":16614,"name":"Lethbridge","latitude":49.69999,"longitude":-112.81856},{"id":16625,"name":"Lloydminster","latitude":53.27237,"longitude":-110.02256},{"id":16645,"name":"Magrath","latitude":49.41668,"longitude":-112.86856},{"id":16653,"name":"Manning","latitude":56.91683,"longitude":-117.61945},{"id":16654,"name":"Mannville","latitude":53.33764,"longitude":-111.1775},{"id":16657,"name":"Maple Ridge","latitude":53.50172,"longitude":-113.36274},{"id":16671,"name":"Mayerthorpe","latitude":53.95015,"longitude":-115.13547},{"id":16675,"name":"Medicine Hat","latitude":50.03928,"longitude":-110.67661},{"id":16689,"name":"Mill Woods Town Centre","latitude":53.45639,"longitude":-113.42751},{"id":16691,"name":"Millet","latitude":53.10013,"longitude":-113.4687},{"id":16719,"name":"Morinville","latitude":53.80014,"longitude":-113.65203},{"id":16729,"name":"Nanton","latitude":50.35008,"longitude":-113.76866},{"id":16774,"name":"Okotoks","latitude":50.72885,"longitude":-113.98281},{"id":16775,"name":"Olds","latitude":51.78341,"longitude":-114.10199},{"id":16803,"name":"Peace River","latitude":56.23715,"longitude":-117.29176},{"id":16810,"name":"Penhold","latitude":52.13342,"longitude":-113.8687},{"id":16820,"name":"Picture Butte","latitude":49.8833,"longitude":-112.78516},{"id":16824,"name":"Pincher Creek","latitude":49.48328,"longitude":-113.95195},{"id":16834,"name":"Ponoka","latitude":52.6768,"longitude":-113.58147},{"id":16861,"name":"Provost","latitude":52.35014,"longitude":-110.26828},{"id":16871,"name":"Raymond","latitude":49.44998,"longitude":-112.65185},{"id":16873,"name":"Red Deer","latitude":52.26682,"longitude":-113.802},{"id":16889,"name":"Rideau Park","latitude":53.47899,"longitude":-113.5047},{"id":16892,"name":"Rimbey","latitude":52.6334,"longitude":-114.23532},{"id":16901,"name":"Rocky Mountain House","latitude":52.36683,"longitude":-114.9188},{"id":17029,"name":"Sexsmith","latitude":55.34998,"longitude":-118.78602},{"id":17040,"name":"Sherwood Park","latitude":53.51684,"longitude":-113.3187},{"id":17044,"name":"Silver Berry","latitude":53.45787,"longitude":-113.3817},{"id":17049,"name":"Slave Lake","latitude":55.28344,"longitude":-114.76896},{"id":17052,"name":"Smoky Lake","latitude":54.11687,"longitude":-112.46863},{"id":17061,"name":"Spirit River","latitude":55.78327,"longitude":-118.83607},{"id":17062,"name":"Springbrook","latitude":52.1792,"longitude":-113.87981},{"id":17065,"name":"Spruce Grove","latitude":53.53344,"longitude":-113.91874},{"id":17068,"name":"St. Albert","latitude":53.63344,"longitude":-113.63533},{"id":17078,"name":"Stettler","latitude":52.31683,"longitude":-112.71861},{"id":17082,"name":"Stony Plain","latitude":53.53343,"longitude":-114.00205},{"id":17084,"name":"Strathmore","latitude":51.05011,"longitude":-113.38523},{"id":17088,"name":"Sundre","latitude":51.8001,"longitude":-114.63532},{"id":17092,"name":"Swan Hills","latitude":54.71681,"longitude":-115.40226},{"id":17097,"name":"Sylvan Lake","latitude":52.311,"longitude":-114.08375},{"id":17098,"name":"Taber","latitude":49.78703,"longitude":-112.14603},{"id":17099,"name":"Tamarack","latitude":53.46441,"longitude":-113.36235},{"id":17110,"name":"Three Hills","latitude":51.70012,"longitude":-113.26863},{"id":17118,"name":"Tofield","latitude":53.36684,"longitude":-112.66862},{"id":17131,"name":"Two Hills","latitude":53.71686,"longitude":-111.75181},{"id":17143,"name":"Valleyview","latitude":55.06673,"longitude":-117.28585},{"id":17151,"name":"Vegreville","latitude":53.50015,"longitude":-112.05182},{"id":17154,"name":"Vermilion","latitude":53.35409,"longitude":-110.85849},{"id":17158,"name":"Viking","latitude":53.10014,"longitude":-111.76844},{"id":17163,"name":"Vulcan","latitude":50.40008,"longitude":-113.25189},{"id":17166,"name":"Wainwright","latitude":52.83482,"longitude":-110.85342},{"id":17187,"name":"Wembley","latitude":55.14995,"longitude":-119.13602},{"id":17194,"name":"Westlake","latitude":55.22228,"longitude":-118.80415},{"id":17195,"name":"Westlock","latitude":54.15016,"longitude":-113.86876},{"id":17197,"name":"Wetaskiwin","latitude":52.96683,"longitude":-113.36869},{"id":17203,"name":"Whitecourt","latitude":54.15015,"longitude":-115.68548},{"id":17205,"name":"Wild Rose","latitude":53.4708,"longitude":-113.38119}]