[{"id":286,"name":"Agarakavan","latitude":40.33069,"longitude":44.07233},{"id":303,"name":"Aparan","latitude":40.59323,"longitude":44.3589},{"id":305,"name":"Aragats","latitude":40.48889,"longitude":44.3529},{"id":329,"name":"Arteni","latitude":40.2973,"longitude":43.76672},{"id":334,"name":"Ashnak","latitude":40.33069,"longitude":43.91669},{"id":335,"name":"Ashtarak","latitude":40.2991,"longitude":44.36204},{"id":361,"name":"Byurakan","latitude":40.33894,"longitude":44.27275},{"id":412,"name":"Hnaberd","latitude":40.63721,"longitude":44.14058},{"id":428,"name":"Karbi","latitude":40.33069,"longitude":44.37793},{"id":430,"name":"Kasakh","latitude":40.53697,"longitude":44.41046},{"id":434,"name":"Kosh","latitude":40.30011,"longitude":44.16107},{"id":486,"name":"Nor Yerznka","latitude":40.30011,"longitude":44.38892},{"id":497,"name":"Oshakan","latitude":40.26392,"longitude":44.31671},{"id":512,"name":"Sasunik","latitude":40.25012,"longitude":44.34448},{"id":520,"name":"Shenavan","latitude":40.48328,"longitude":44.38348},{"id":546,"name":"T’alin","latitude":40.39172,"longitude":43.87793},{"id":538,"name":"Tsaghkahovit","latitude":40.63428,"longitude":44.22241},{"id":548,"name":"Ushi","latitude":40.34729,"longitude":44.37512},{"id":570,"name":"Voskevaz","latitude":40.27508,"longitude":44.30011},{"id":588,"name":"Zovuni","latitude":40.51111,"longitude":44.4389}]