[{"id":17428,"name":"Baar","latitude":47.19625,"longitude":8.52954},{"id":17622,"name":"Cham","latitude":47.18213,"longitude":8.46358},{"id":17944,"name":"Hünenberg","latitude":47.17536,"longitude":8.42497},{"id":18152,"name":"Menzingen","latitude":47.17764,"longitude":8.59215},{"id":18395,"name":"Rotkreuz","latitude":47.14283,"longitude":8.4314},{"id":18554,"name":"Steinhausen","latitude":47.1951,"longitude":8.48581},{"id":18638,"name":"Unterägeri","latitude":47.13645,"longitude":8.5853},{"id":18708,"name":"Walchwil","latitude":47.10169,"longitude":8.51693},{"id":18801,"name":"Zug","latitude":47.17242,"longitude":8.51745}]