[{"id":15811,"name":"Astrashytski Haradok","latitude":54.0651,"longitude":27.695},{"id":15814,"name":"Atolina","latitude":53.7817,"longitude":27.4346},{"id":15815,"name":"Azyartso","latitude":53.8397,"longitude":27.3917},{"id":15819,"name":"Bal’shavik","latitude":54.0036,"longitude":27.5669},{"id":15824,"name":"Barysaw","latitude":54.2279,"longitude":28.505},{"id":15825,"name":"Barysawski Rayon","latitude":54.33333,"longitude":28.58333},{"id":15826,"name":"Blon’","latitude":53.5269,"longitude":28.1732},{"id":15827,"name":"Bobr","latitude":54.342,"longitude":29.2736},{"id":15828,"name":"Borovlyany","latitude":54.0022,"longitude":27.6754},{"id":15840,"name":"Byarezinski Rayon","latitude":53.83333,"longitude":29.0},{"id":15845,"name":"Byerazino","latitude":53.8391,"longitude":28.9879},{"id":15855,"name":"Chervyen’","latitude":53.7059,"longitude":28.4313},{"id":15856,"name":"Chervyen’ski Rayon","latitude":53.75,"longitude":28.5},{"id":15859,"name":"Chyrvonaya Slabada","latitude":52.8522,"longitude":27.1698},{"id":15860,"name":"Chyst’","latitude":54.2698,"longitude":27.1067},{"id":15871,"name":"Druzhny","latitude":53.6238,"longitude":27.8977},{"id":15875,"name":"Dukora","latitude":53.6786,"longitude":27.94},{"id":15878,"name":"Dzyarzhynsk","latitude":53.6832,"longitude":27.138},{"id":15879,"name":"Enyerhyetykaw","latitude":53.5871,"longitude":27.0535},{"id":15880,"name":"Fanipol","latitude":53.74998,"longitude":27.33338},{"id":15889,"name":"Haradzyeya","latitude":53.3121,"longitude":26.538},{"id":15890,"name":"Hatava","latitude":53.7829,"longitude":27.6407},{"id":15900,"name":"Horad Smalyavichy","latitude":54.0249,"longitude":28.0894},{"id":15901,"name":"Horad Zhodzina","latitude":54.0985,"longitude":28.3331},{"id":15904,"name":"Hotsk","latitude":52.5215,"longitude":27.1385},{"id":15907,"name":"Il’ya","latitude":54.4167,"longitude":27.2958},{"id":15912,"name":"Ivyanyets","latitude":53.8864,"longitude":26.7432},{"id":15916,"name":"Kalodzishchy","latitude":53.944,"longitude":27.7823},{"id":15921,"name":"Kapyl’","latitude":53.1516,"longitude":27.0913},{"id":15922,"name":"Kapyl’ski Rayon","latitude":53.16667,"longitude":27.08333},{"id":15931,"name":"Khatsyezhyna","latitude":53.9094,"longitude":27.3069},{"id":15933,"name":"Kholopenichi","latitude":54.51746,"longitude":28.95645},{"id":15940,"name":"Klyetsk","latitude":53.0635,"longitude":26.6321},{"id":15941,"name":"Klyetski Rayon","latitude":53.0,"longitude":26.66667},{"id":15945,"name":"Korolëv Stan","latitude":53.9865,"longitude":27.7982},{"id":15949,"name":"Krasnaye","latitude":54.2438,"longitude":27.0758},{"id":15954,"name":"Krupki","latitude":54.3178,"longitude":29.1374},{"id":15956,"name":"Kryvichy","latitude":54.7132,"longitude":27.2886},{"id":15958,"name":"Lahoysk","latitude":54.2064,"longitude":27.8512},{"id":15961,"name":"Loshnitsa","latitude":54.2796,"longitude":28.7649},{"id":15963,"name":"Luhavaya Slabada","latitude":53.7823,"longitude":27.8434},{"id":15966,"name":"Lyasny","latitude":54.0072,"longitude":27.6963},{"id":15972,"name":"Lyeskawka","latitude":54.0024,"longitude":27.7108},{"id":15976,"name":"Lyuban’","latitude":52.7985,"longitude":28.0048},{"id":15978,"name":"Machulishchy","latitude":53.7788,"longitude":27.5948},{"id":15981,"name":"Maladzyechna","latitude":54.3167,"longitude":26.854},{"id":15983,"name":"Mar’’ina Horka","latitude":53.509,"longitude":28.147},{"id":15987,"name":"Michanovichi","latitude":53.73937,"longitude":27.69276},{"id":15995,"name":"Myadzyel","latitude":54.8789,"longitude":26.9371},{"id":15996,"name":"Myadzyel’ski Rayon","latitude":54.83333,"longitude":27.0},{"id":16001,"name":"Narach","latitude":54.9102,"longitude":26.708},{"id":16003,"name":"Nasilava","latitude":54.30441,"longitude":26.78209},{"id":16008,"name":"Novosel’ye","latitude":53.9162,"longitude":27.2009},{"id":16009,"name":"Novy Svyerzhan’","latitude":53.4542,"longitude":26.7301},{"id":16011,"name":"Nyasvizh","latitude":53.2189,"longitude":26.6779},{"id":16012,"name":"Nyasvizhski Rayon","latitude":53.25,"longitude":26.66667},{"id":16022,"name":"Plyeshchanitsy","latitude":54.4235,"longitude":27.8301},{"id":16026,"name":"Prawdzinski","latitude":53.5248,"longitude":27.8303},{"id":16029,"name":"Pryvol’ny","latitude":53.7969,"longitude":27.7967},{"id":16030,"name":"Pukhavichy","latitude":53.5297,"longitude":28.2467},{"id":16031,"name":"Pukhavichy Raion","latitude":53.5,"longitude":28.0},{"id":16032,"name":"Pyatryshki","latitude":54.0686,"longitude":27.2179},{"id":16034,"name":"Radashkovichy","latitude":54.1554,"longitude":27.2412},{"id":16037,"name":"Rakaw","latitude":53.9674,"longitude":27.0562},{"id":16043,"name":"Rudzyensk","latitude":53.5983,"longitude":27.8621},{"id":16045,"name":"Salihorsk","latitude":52.7876,"longitude":27.5415},{"id":16046,"name":"Samakhvalavichy","latitude":53.7396,"longitude":27.5037},{"id":16048,"name":"Sarachy","latitude":52.7867,"longitude":28.0186},{"id":16051,"name":"Schomyslitsa","latitude":53.8211,"longitude":27.4522},{"id":16060,"name":"Slabada","latitude":54.0087,"longitude":27.8866},{"id":16063,"name":"Slutsk","latitude":53.0274,"longitude":27.5597},{"id":16064,"name":"Slutski Rayon","latitude":53.0,"longitude":27.66667},{"id":16065,"name":"Smalyavitski Rayon","latitude":54.0,"longitude":28.16667},{"id":16067,"name":"Smilavichy","latitude":53.7496,"longitude":28.0115},{"id":16068,"name":"Snow","latitude":53.2201,"longitude":26.401},{"id":16070,"name":"Stan’kava","latitude":53.6292,"longitude":27.229},{"id":16071,"name":"Staradarozhski Rayon","latitude":53.0,"longitude":28.16667},{"id":16072,"name":"Starobin","latitude":52.7267,"longitude":27.4606},{"id":16073,"name":"Staryya Darohi","latitude":53.0402,"longitude":28.267},{"id":16074,"name":"Stawbtsowski Rayon","latitude":53.58333,"longitude":26.66667},{"id":16077,"name":"Stowbtsy","latitude":53.4785,"longitude":26.7434},{"id":16078,"name":"Svir","latitude":54.8517,"longitude":26.395},{"id":16080,"name":"Svislach","latitude":53.6404,"longitude":27.9199},{"id":16083,"name":"Syenitsa","latitude":53.8313,"longitude":27.5343},{"id":16085,"name":"Syomkava","latitude":54.0101,"longitude":27.441},{"id":16088,"name":"Tsimkavichy","latitude":53.0672,"longitude":26.9902},{"id":16091,"name":"Turets-Bayary","latitude":54.3785,"longitude":26.6581},{"id":16092,"name":"Urechcha","latitude":52.9479,"longitude":27.893},{"id":16094,"name":"Usiazh","latitude":54.07598,"longitude":28.00698},{"id":16095,"name":"Uzda","latitude":53.4627,"longitude":27.2137},{"id":16096,"name":"Uzdzyenski Rayon","latitude":53.41667,"longitude":27.33333},{"id":16097,"name":"Valozhyn","latitude":54.0892,"longitude":26.5266},{"id":16101,"name":"Vilyeyka","latitude":54.4914,"longitude":26.9111},{"id":16102,"name":"Vilyeyski Rayon","latitude":54.5,"longitude":27.08333},{"id":16109,"name":"Vyaliki Trastsyanets","latitude":53.851,"longitude":27.7139},{"id":16117,"name":"Yubilyeyny","latitude":53.8191,"longitude":27.5215},{"id":16118,"name":"Zamostochye","latitude":53.8198,"longitude":27.8685},{"id":16119,"name":"Zaslawye","latitude":54.0114,"longitude":27.2695},{"id":16125,"name":"Zhdanovichy","latitude":53.9432,"longitude":27.425},{"id":16131,"name":"Zyembin","latitude":54.3579,"longitude":28.2207},{"id":16132,"name":"Октябрьский","latitude":54.04059,"longitude":28.19813}]