[{"id":17423,"name":"Auvernier","latitude":46.97545,"longitude":6.87903},{"id":17469,"name":"Bevaix","latitude":46.92958,"longitude":6.8147},{"id":17554,"name":"Boudry","latitude":46.94991,"longitude":6.83757},{"id":17555,"name":"Boudry District","latitude":46.94594,"longitude":6.82842},{"id":17619,"name":"Cernier","latitude":47.05878,"longitude":6.9004},{"id":17642,"name":"Chézard-Saint-Martin","latitude":47.06629,"longitude":6.93332},{"id":17655,"name":"Cornaux","latitude":47.0396,"longitude":7.01872},{"id":17657,"name":"Cortaillod","latitude":46.94306,"longitude":6.8444},{"id":17667,"name":"Couvet","latitude":46.92525,"longitude":6.6327},{"id":17701,"name":"Dombresson","latitude":47.07192,"longitude":6.9592},{"id":17792,"name":"Fleurier","latitude":46.90224,"longitude":6.58253},{"id":17798,"name":"Fontainemelon","latitude":47.05495,"longitude":6.8868},{"id":17855,"name":"Gorgier","latitude":46.90143,"longitude":6.77985},{"id":17861,"name":"Grand-Savagnier","latitude":47.05101,"longitude":6.95489},{"id":18021,"name":"La Chaux-de-Fonds","latitude":47.09993,"longitude":6.82586},{"id":18022,"name":"La Chaux-de-Fonds District","latitude":47.12159,"longitude":6.84064},{"id":18056,"name":"Le Landeron","latitude":47.05702,"longitude":7.07052},{"id":18057,"name":"Le Locle","latitude":47.05619,"longitude":6.74913},{"id":18058,"name":"Le Locle District","latitude":47.01927,"longitude":6.69635},{"id":18070,"name":"Les Brenets","latitude":47.06774,"longitude":6.70478},{"id":18072,"name":"Les Geneveys-sur-Coffrane","latitude":47.01528,"longitude":6.8513},{"id":18073,"name":"Les Ponts-de-Martel","latitude":46.99735,"longitude":6.73059},{"id":18121,"name":"Marin-Epagnier","latitude":47.01017,"longitude":6.99941},{"id":18212,"name":"Neuchâtel","latitude":46.99179,"longitude":6.931},{"id":18213,"name":"Neuchâtel District","latitude":47.01799,"longitude":6.99337},{"id":18304,"name":"Peseux","latitude":46.98704,"longitude":6.88903},{"id":18422,"name":"Saint-Aubin-Sauges","latitude":46.89419,"longitude":6.77251},{"id":18423,"name":"Saint-Blaise","latitude":47.01511,"longitude":6.98832},{"id":18600,"name":"Travers","latitude":46.94018,"longitude":6.67595},{"id":18656,"name":"Val-de-Ruz District","latitude":47.04008,"longitude":6.90829},{"id":18657,"name":"Val-de-Travers District","latitude":46.90357,"longitude":6.5631}]