[{"id":10080,"name":"Adamantina","latitude":-21.59136,"longitude":-51.06669},{"id":10082,"name":"Adolfo","latitude":-21.28535,"longitude":-49.65497},{"id":10096,"name":"Aguaí","latitude":-22.0259,"longitude":-47.06702},{"id":15671,"name":"Águas da Prata","latitude":-21.91623,"longitude":-46.68666},{"id":15673,"name":"Águas de Lindóia","latitude":-22.47639,"longitude":-46.63278},{"id":15674,"name":"Águas de Santa Bárbara","latitude":-22.85764,"longitude":-49.25362},{"id":15675,"name":"Águas de São Pedro","latitude":-22.60238,"longitude":-47.87481},{"id":10098,"name":"Agudos","latitude":-22.58942,"longitude":-49.16164},{"id":10114,"name":"Alambari","latitude":-23.53745,"longitude":-47.86273},{"id":10132,"name":"Alfredo Marcondes","latitude":-21.92954,"longitude":-51.39519},{"id":10152,"name":"Altair","latitude":-20.53889,"longitude":-49.10219},{"id":10159,"name":"Altinópolis","latitude":-21.00412,"longitude":-47.39795},{"id":10160,"name":"Alto Alegre","latitude":-21.63149,"longitude":-50.19601},{"id":10189,"name":"Alumínio","latitude":-23.52259,"longitude":-47.28373},{"id":15677,"name":"Álvares Florence","latitude":-20.27757,"longitude":-49.91405},{"id":15678,"name":"Álvares Machado","latitude":-22.07944,"longitude":-51.47194},{"id":15679,"name":"Álvaro de Carvalho","latitude":-22.08676,"longitude":-49.73512},{"id":10192,"name":"Alvinlândia","latitude":-22.45669,"longitude":-49.76243},{"id":10213,"name":"Americana","latitude":-22.71408,"longitude":-47.29009},{"id":10225,"name":"Américo Brasiliense","latitude":-21.71797,"longitude":-48.01568},{"id":10226,"name":"Américo de Campos","latitude":-20.27453,"longitude":-49.75539},{"id":10218,"name":"Amparo","latitude":-22.70111,"longitude":-46.76444},{"id":10232,"name":"Analândia","latitude":-22.12002,"longitude":-47.68938},{"id":10246,"name":"Andradina","latitude":-20.86545,"longitude":-51.31567},{"id":10249,"name":"Angatuba","latitude":-23.4745,"longitude":-48.42565},{"id":10261,"name":"Anhembi","latitude":-22.83293,"longitude":-48.16384},{"id":10262,"name":"Anhumas","latitude":-22.34571,"longitude":-51.42761},{"id":10285,"name":"Aparecida","latitude":-22.90434,"longitude":-45.23562},{"id":10286,"name":"Aparecida d'Oeste","latitude":-20.48414,"longitude":-50.91883},{"id":10294,"name":"Apiaí","latitude":-24.39767,"longitude":-48.82237},{"id":10367,"name":"Araçariguama","latitude":-23.42294,"longitude":-47.07816},{"id":10368,"name":"Araçatuba","latitude":-21.14986,"longitude":-50.5747},{"id":10371,"name":"Araçoiaba da Serra","latitude":-23.56602,"longitude":-47.66733},{"id":10333,"name":"Aramina","latitude":-20.16724,"longitude":-47.82645},{"id":10334,"name":"Arandu","latitude":-23.17065,"longitude":-49.05861},{"id":10336,"name":"Arapeí","latitude":-22.66504,"longitude":-44.43858},{"id":10349,"name":"Araraquara","latitude":-21.79444,"longitude":-48.17556},{"id":10350,"name":"Araras","latitude":-22.35694,"longitude":-47.38417},{"id":10377,"name":"Arco-Íris","latitude":-21.74342,"longitude":-50.42979},{"id":10382,"name":"Arealva","latitude":-22.06881,"longitude":-48.99294},{"id":10388,"name":"Areias","latitude":-22.66811,"longitude":-44.71651},{"id":10389,"name":"Areiópolis","latitude":-22.60627,"longitude":-48.65273},{"id":10397,"name":"Ariranha","latitude":-21.17685,"longitude":-48.77771},{"id":10417,"name":"Artur Nogueira","latitude":-22.57306,"longitude":-47.1725},{"id":10419,"name":"Arujá","latitude":-23.39611,"longitude":-46.32083},{"id":10424,"name":"Aspásia","latitude":-20.18385,"longitude":-50.73117},{"id":10427,"name":"Assis","latitude":-22.66167,"longitude":-50.41222},{"id":10439,"name":"Atibaia","latitude":-23.13099,"longitude":-46.58896},{"id":10448,"name":"Auriflama","latitude":-20.68556,"longitude":-50.55472},{"id":10457,"name":"Avaí","latitude":-22.17789,"longitude":-49.30511},{"id":10455,"name":"Avanhandava","latitude":-21.46596,"longitude":-49.94791},{"id":10456,"name":"Avaré","latitude":-23.03402,"longitude":-48.88802},{"id":10471,"name":"Bady Bassitt","latitude":-20.91806,"longitude":-49.44528},{"id":10481,"name":"Balbinos","latitude":-21.90089,"longitude":-49.33509},{"id":10840,"name":"Bálsamo","latitude":-20.70239,"longitude":-49.55045},{"id":10495,"name":"Bananal","latitude":-22.73751,"longitude":-44.33413},{"id":10571,"name":"Barão de Antonina","latitude":-23.57097,"longitude":-49.5666},{"id":10509,"name":"Barbosa","latitude":-21.29619,"longitude":-49.92293},{"id":10514,"name":"Bariri","latitude":-22.07444,"longitude":-48.74028},{"id":10516,"name":"Barra Bonita","latitude":-22.49472,"longitude":-48.55806},{"id":10532,"name":"Barra do Chapéu","latitude":-24.44047,"longitude":-49.08615},{"id":10545,"name":"Barra do Turvo","latitude":-24.89045,"longitude":-48.4079},{"id":10557,"name":"Barretos","latitude":-20.55722,"longitude":-48.56778},{"id":10558,"name":"Barrinha","latitude":-21.19361,"longitude":-48.16389},{"id":10569,"name":"Barueri","latitude":-23.51056,"longitude":-46.87611},{"id":10578,"name":"Bastos","latitude":-21.92194,"longitude":-50.73389},{"id":10583,"name":"Batatais","latitude":-20.83515,"longitude":-47.56742},{"id":10586,"name":"Bauru","latitude":-22.31472,"longitude":-49.06056},{"id":10590,"name":"Bebedouro","latitude":-20.94944,"longitude":-48.47917},{"id":10630,"name":"Bento de Abreu","latitude":-21.34057,"longitude":-50.86542},{"id":10635,"name":"Bernardino de Campos","latitude":-23.02698,"longitude":-49.49277},{"id":10638,"name":"Bertioga","latitude":-23.85444,"longitude":-46.13861},{"id":10649,"name":"Bilac","latitude":-21.42076,"longitude":-50.47862},{"id":10651,"name":"Birigui","latitude":-21.28861,"longitude":-50.34},{"id":10652,"name":"Biritiba Mirim","latitude":-23.5725,"longitude":-46.03861},{"id":10653,"name":"Biritiba-Mirim","latitude":-23.62009,"longitude":-46.01938},{"id":10661,"name":"Boa Esperança do Sul","latitude":-21.9925,"longitude":-48.39083},{"id":10680,"name":"Bocaina","latitude":-22.0983,"longitude":-48.51952},{"id":10688,"name":"Bofete","latitude":-23.12244,"longitude":-48.28058},{"id":10689,"name":"Boituva","latitude":-23.28333,"longitude":-47.67222},{"id":10717,"name":"Bom Jesus dos Perdões","latitude":-23.135,"longitude":-46.46528},{"id":10728,"name":"Bom Sucesso de Itararé","latitude":-24.31225,"longitude":-49.167},{"id":10755,"name":"Borá","latitude":-22.23881,"longitude":-50.49252},{"id":10748,"name":"Boracéia","latitude":-22.19306,"longitude":-48.77889},{"id":10750,"name":"Borborema","latitude":-21.61972,"longitude":-49.07361},{"id":10753,"name":"Borebi","latitude":-22.67635,"longitude":-48.98476},{"id":10758,"name":"Botucatu","latitude":-22.88583,"longitude":-48.445},{"id":10766,"name":"Bragança Paulista","latitude":-22.9527,"longitude":-46.54418},{"id":10782,"name":"Braúna","latitude":-21.56582,"longitude":-50.35227},{"id":10789,"name":"Brejo Alegre","latitude":-21.17757,"longitude":-50.21805},{"id":10806,"name":"Brodósqui","latitude":-20.99139,"longitude":-47.65861},{"id":10805,"name":"Brodowski","latitude":-21.0506,"longitude":-47.61728},{"id":10807,"name":"Brotas","latitude":-22.27942,"longitude":-48.08744},{"id":10821,"name":"Buri","latitude":-23.7975,"longitude":-48.59278},{"id":10822,"name":"Buritama","latitude":-21.06611,"longitude":-50.14722},{"id":10836,"name":"Buritizal","latitude":-20.21345,"longitude":-47.70776},{"id":10858,"name":"Cabrália Paulista","latitude":-22.49155,"longitude":-49.38637},{"id":10856,"name":"Cabreúva","latitude":-23.3075,"longitude":-47.13278},{"id":11222,"name":"Caçapava","latitude":-23.10083,"longitude":-45.70694},{"id":10866,"name":"Cachoeira Paulista","latitude":-22.70115,"longitude":-44.99229},{"id":10886,"name":"Caconde","latitude":-21.52944,"longitude":-46.64389},{"id":10895,"name":"Cafelândia","latitude":-21.74295,"longitude":-49.57061},{"id":10898,"name":"Caiabu","latitude":-21.93822,"longitude":-51.23232},{"id":10904,"name":"Caieiras","latitude":-23.36417,"longitude":-46.74056},{"id":10906,"name":"Caiuá","latitude":-21.76518,"longitude":-51.95903},{"id":10911,"name":"Cajamar","latitude":-23.35193,"longitude":-46.88129},{"id":10914,"name":"Cajati","latitude":-24.73611,"longitude":-48.12278},{"id":10918,"name":"Cajobi","latitude":-20.88622,"longitude":-48.85175},{"id":10922,"name":"Cajuru","latitude":-21.27528,"longitude":-47.30417},{"id":10967,"name":"Campina do Monte Alegre","latitude":-23.61364,"longitude":-48.45388},{"id":10970,"name":"Campinas","latitude":-22.90556,"longitude":-47.06083},{"id":10994,"name":"Campo Limpo Paulista","latitude":-23.21599,"longitude":-46.75842},{"id":11018,"name":"Campos do Jordão","latitude":-22.73944,"longitude":-45.59139},{"id":11014,"name":"Campos Novos Paulista","latitude":-22.62889,"longitude":-50.01282},{"id":11023,"name":"Cananéia","latitude":-25.01472,"longitude":-47.92667},{"id":11027,"name":"Canas","latitude":-22.73999,"longitude":-45.03208},{"id":11547,"name":"Cândido Mota","latitude":-22.74639,"longitude":-50.38694},{"id":11548,"name":"Cândido Rodrigues","latitude":-21.34194,"longitude":-48.63294},{"id":11048,"name":"Canitar","latitude":-23.01421,"longitude":-49.78705},{"id":11094,"name":"Capâo Bonito","latitude":-24.00583,"longitude":-48.34944},{"id":11069,"name":"Capela do Alto","latitude":-23.47056,"longitude":-47.73472},{"id":11088,"name":"Capivari","latitude":-22.995,"longitude":-47.50778},{"id":11103,"name":"Caraguatatuba","latitude":-23.62028,"longitude":-45.41306},{"id":11109,"name":"Carapicuíba","latitude":-23.55339,"longitude":-46.84852},{"id":11122,"name":"Cardoso","latitude":-20.08194,"longitude":-49.91417},{"id":11171,"name":"Casa Branca","latitude":-21.81396,"longitude":-47.08264},{"id":11544,"name":"Cássia dos Coqueiros","latitude":-21.25917,"longitude":-47.13783},{"id":11190,"name":"Castilho","latitude":-20.87222,"longitude":-51.4875},{"id":11195,"name":"Catanduva","latitude":-21.13778,"longitude":-48.97278},{"id":11202,"name":"Catiguá","latitude":-21.06536,"longitude":-49.04977},{"id":11229,"name":"Cedral","latitude":-20.90742,"longitude":-49.25495},{"id":11246,"name":"Cerqueira César","latitude":-23.03556,"longitude":-49.16611},{"id":11247,"name":"Cerquilho","latitude":-23.165,"longitude":-47.74361},{"id":11256,"name":"Cesário Lange","latitude":-23.21195,"longitude":-47.88465},{"id":11270,"name":"Charqueada","latitude":-22.53724,"longitude":-47.7377},{"id":11274,"name":"Chavantes","latitude":-23.03889,"longitude":-49.70944},{"id":11299,"name":"Clementina","latitude":-21.57634,"longitude":-50.46202},{"id":11321,"name":"Colina","latitude":-20.75233,"longitude":-48.58162},{"id":11334,"name":"Colômbia","latitude":-20.29302,"longitude":-48.72328},{"id":11365,"name":"Conchal","latitude":-22.34611,"longitude":-47.1362},{"id":11366,"name":"Conchas","latitude":-23.01528,"longitude":-48.01056},{"id":11401,"name":"Cordeirópolis","latitude":-22.48194,"longitude":-47.45667},{"id":11412,"name":"Coroados","latitude":-21.37115,"longitude":-50.31271},{"id":11424,"name":"Coronel Macedo","latitude":-23.62092,"longitude":-49.30305},{"id":11438,"name":"Corumbataí","latitude":-22.21698,"longitude":-47.59961},{"id":11447,"name":"Cosmópolis","latitude":-22.64583,"longitude":-47.19611},{"id":11446,"name":"Cosmorama","latitude":-20.40934,"longitude":-49.74905},{"id":11452,"name":"Cotia","latitude":-23.60389,"longitude":-46.91917},{"id":11462,"name":"Cravinhos","latitude":-21.34028,"longitude":-47.72944},{"id":11468,"name":"Cristais Paulista","latitude":-20.36538,"longitude":-47.373},{"id":11503,"name":"Cruzália","latitude":-22.73707,"longitude":-50.75793},{"id":11494,"name":"Cruzeiro","latitude":-22.57316,"longitude":-44.97108},{"id":11506,"name":"Cubatão","latitude":-23.895,"longitude":-46.42528},{"id":11516,"name":"Cunha","latitude":-23.07444,"longitude":-44.95972},{"id":11576,"name":"Descalvado","latitude":-21.90389,"longitude":-47.61944},{"id":11583,"name":"Diadema","latitude":-23.68611,"longitude":-46.62278},{"id":11597,"name":"Dirce Reis","latitude":-20.45591,"longitude":-50.62798},{"id":11603,"name":"Divinolândia","latitude":-21.66459,"longitude":-46.7045},{"id":11612,"name":"Dobrada","latitude":-21.51531,"longitude":-48.37033},{"id":11613,"name":"Dois Córregos","latitude":-22.36611,"longitude":-48.38028},{"id":11621,"name":"Dolcinópolis","latitude":-20.11666,"longitude":-50.52771},{"id":11652,"name":"Dourado","latitude":-22.11665,"longitude":-48.35204},{"id":11662,"name":"Dracena","latitude":-21.57936,"longitude":-51.59598},{"id":11663,"name":"Duartina","latitude":-22.41444,"longitude":-49.40389},{"id":11667,"name":"Dumont","latitude":-21.24438,"longitude":-47.99598},{"id":11672,"name":"Echaporã","latitude":-22.4108,"longitude":-50.18262},{"id":11678,"name":"Eldorado","latitude":-24.50057,"longitude":-48.25601},{"id":11682,"name":"Elias Fausto","latitude":-23.0588,"longitude":-47.38776},{"id":11684,"name":"Elisiário","latitude":-21.15517,"longitude":-49.09106},{"id":11688,"name":"Embaúba","latitude":-20.94301,"longitude":-48.85819},{"id":11689,"name":"Embu","latitude":-23.64889,"longitude":-46.85222},{"id":11691,"name":"Embu das Artes","latitude":-23.64664,"longitude":-46.85386},{"id":11690,"name":"Embu Guaçu","latitude":-23.83222,"longitude":-46.81139},{"id":11692,"name":"Embu-Guaçu","latitude":-23.85336,"longitude":-46.83957},{"id":11693,"name":"Emilianópolis","latitude":-21.78179,"longitude":-51.47959},{"id":11700,"name":"Engenheiro Coelho","latitude":-22.48904,"longitude":-47.17256},{"id":11741,"name":"Espírito Santo do Pinhal","latitude":-22.189,"longitude":-46.78421},{"id":11742,"name":"Espírito Santo do Turvo","latitude":-22.6681,"longitude":-49.42175},{"id":11746,"name":"Estiva Gerbi","latitude":-22.22052,"longitude":-46.93878},{"id":11751,"name":"Estrela d'Oeste","latitude":-20.27767,"longitude":-50.40807},{"id":11754,"name":"Estrela do Norte","latitude":-22.47843,"longitude":-51.67954},{"id":11760,"name":"Euclides da Cunha Paulista","latitude":-22.5171,"longitude":-52.59099},{"id":11779,"name":"Fartura","latitude":-23.38833,"longitude":-49.51},{"id":11806,"name":"Fernando Prestes","latitude":-21.30945,"longitude":-48.69583},{"id":11809,"name":"Fernandópolis","latitude":-20.28389,"longitude":-50.24639},{"id":11810,"name":"Fernão","latitude":-22.37381,"longitude":-49.55434},{"id":11811,"name":"Ferraz de Vasconcelos","latitude":-23.56153,"longitude":-46.3749},{"id":11827,"name":"Flora Rica","latitude":-21.70103,"longitude":-51.37786},{"id":11829,"name":"Floreal","latitude":-20.65394,"longitude":-50.15844},{"id":11847,"name":"Flórida Paulista","latitude":-21.54193,"longitude":-51.18066},{"id":11845,"name":"Florínea","latitude":-22.87222,"longitude":-50.68979},{"id":11874,"name":"Franca","latitude":-20.53861,"longitude":-47.40083},{"id":11883,"name":"Francisco Morato","latitude":-23.26924,"longitude":-46.70889},{"id":11887,"name":"Franco da Rocha","latitude":-23.30277,"longitude":-46.73089},{"id":11910,"name":"Gabriel Monteiro","latitude":-21.49989,"longitude":-50.56997},{"id":12091,"name":"Gália","latitude":-22.34323,"longitude":-49.57865},{"id":11926,"name":"Garça","latitude":-22.21056,"longitude":-49.65611},{"id":11928,"name":"Gastão Vidigal","latitude":-20.80633,"longitude":-50.19238},{"id":11931,"name":"Gavião Peixoto","latitude":-21.80879,"longitude":-48.46904},{"id":11938,"name":"General Salgado","latitude":-20.64833,"longitude":-50.36056},{"id":11942,"name":"Getulina","latitude":-21.76343,"longitude":-50.06225},{"id":11948,"name":"Glicério","latitude":-21.31866,"longitude":-50.17782},{"id":12016,"name":"Guaiçara","latitude":-21.5541,"longitude":-49.76263},{"id":12014,"name":"Guaimbê","latitude":-21.86204,"longitude":-49.84959},{"id":12077,"name":"Guaíra","latitude":-20.31833,"longitude":-48.31056},{"id":12027,"name":"Guapiaçu","latitude":-20.795,"longitude":-49.22028},{"id":12026,"name":"Guapiara","latitude":-24.21726,"longitude":-48.54523},{"id":12071,"name":"Guará","latitude":-20.42833,"longitude":-47.82417},{"id":12060,"name":"Guaraçaí","latitude":-21.1082,"longitude":-51.30124},{"id":12035,"name":"Guaraci","latitude":-20.41648,"longitude":-49.00521},{"id":12044,"name":"Guarani d'Oeste","latitude":-20.07032,"longitude":-50.36292},{"id":12048,"name":"Guarantã","latitude":-21.92281,"longitude":-49.58519},{"id":12054,"name":"Guararapes","latitude":-21.26083,"longitude":-50.64278},{"id":12055,"name":"Guararema","latitude":-23.415,"longitude":-46.035},{"id":12058,"name":"Guaratinguetá","latitude":-22.81639,"longitude":-45.1925},{"id":12064,"name":"Guareí","latitude":-23.37338,"longitude":-48.22466},{"id":12065,"name":"Guariba","latitude":-21.39568,"longitude":-48.20427},{"id":12068,"name":"Guarujá","latitude":-23.99306,"longitude":-46.25639},{"id":12070,"name":"Guarulhos","latitude":-23.46278,"longitude":-46.53333},{"id":12073,"name":"Guatapará","latitude":-21.47231,"longitude":-47.99142},{"id":12090,"name":"Guzolândia","latitude":-20.6204,"longitude":-50.71925},{"id":12096,"name":"Herculândia","latitude":-21.96198,"longitude":-50.38482},{"id":12103,"name":"Holambra","latitude":-22.63825,"longitude":-47.06501},{"id":12107,"name":"Hortolândia","latitude":-22.85833,"longitude":-47.22},{"id":12113,"name":"Iacanga","latitude":-21.90745,"longitude":-49.05917},{"id":12115,"name":"Iacri","latitude":-21.77798,"longitude":-50.61517},{"id":12117,"name":"Iaras","latitude":-22.83679,"longitude":-49.10928},{"id":12125,"name":"Ibaté","latitude":-21.95472,"longitude":-47.99667},{"id":12157,"name":"Ibirá","latitude":-21.0888,"longitude":-49.21879},{"id":12152,"name":"Ibirarema","latitude":-22.80911,"longitude":-50.07816},{"id":12159,"name":"Ibitinga","latitude":-21.75778,"longitude":-48.82889},{"id":12165,"name":"Ibiúna","latitude":-23.65639,"longitude":-47.2225},{"id":12173,"name":"Icém","latitude":-20.38003,"longitude":-49.20507},{"id":12176,"name":"Iepê","latitude":-22.65726,"longitude":-51.04385},{"id":12191,"name":"Igaraçu do Tietê","latitude":-22.50917,"longitude":-48.55778},{"id":12180,"name":"Igarapava","latitude":-20.03833,"longitude":-47.74694},{"id":12190,"name":"Igaratá","latitude":-23.12994,"longitude":-46.14647},{"id":12196,"name":"Iguape","latitude":-24.70806,"longitude":-47.55528},{"id":12206,"name":"Ilha Comprida","latitude":-24.87792,"longitude":-47.74757},{"id":12209,"name":"Ilha Solteira","latitude":-20.43278,"longitude":-51.3425},{"id":12212,"name":"Ilhabela","latitude":-23.77806,"longitude":-45.35806},{"id":12233,"name":"Indaiatuba","latitude":-23.08842,"longitude":-47.2119},{"id":12236,"name":"Indiana","latitude":-22.12587,"longitude":-51.26047},{"id":12239,"name":"Indiaporã","latitude":-19.95987,"longitude":-50.24419},{"id":12257,"name":"Inúbia Paulista","latitude":-21.72002,"longitude":-50.94738},{"id":12267,"name":"Ipauçu","latitude":-23.05667,"longitude":-49.62639},{"id":12266,"name":"Ipaussu","latitude":-23.08202,"longitude":-49.6037},{"id":12269,"name":"Iperó","latitude":-23.35028,"longitude":-47.68861},{"id":12270,"name":"Ipeúna","latitude":-22.44376,"longitude":-47.69449},{"id":12273,"name":"Ipiguá","latitude":-20.63984,"longitude":-49.39781},{"id":12284,"name":"Iporanga","latitude":-24.50438,"longitude":-48.55248},{"id":12298,"name":"Ipuã","latitude":-20.43806,"longitude":-48.01222},{"id":12303,"name":"Iracemápolis","latitude":-22.58056,"longitude":-47.51861},{"id":12309,"name":"Irapuã","latitude":-21.25013,"longitude":-49.40247},{"id":12308,"name":"Irapuru","latitude":-21.44903,"longitude":-51.33959},{"id":12331,"name":"Itaberá","latitude":-23.86194,"longitude":-49.13722},{"id":12466,"name":"Itaí","latitude":-23.41778,"longitude":-49.09056},{"id":12367,"name":"Itajobi","latitude":-21.31806,"longitude":-49.05444},{"id":12368,"name":"Itaju","latitude":-21.92879,"longitude":-48.78312},{"id":12392,"name":"Itanhaém","latitude":-24.18306,"longitude":-46.78889},{"id":12396,"name":"Itaoca","latitude":-24.61155,"longitude":-48.8439},{"id":12405,"name":"Itapecerica da Serra","latitude":-23.71694,"longitude":-46.84917},{"id":12414,"name":"Itapetininga","latitude":-23.59167,"longitude":-48.05306},{"id":12416,"name":"Itapeva","latitude":-23.94696,"longitude":-48.83835},{"id":12417,"name":"Itapevi","latitude":-23.54889,"longitude":-46.93417},{"id":12420,"name":"Itapira","latitude":-22.43611,"longitude":-46.82167},{"id":12424,"name":"Itapirapuã Paulista","latitude":-24.55985,"longitude":-49.22435},{"id":12496,"name":"Itápolis","latitude":-21.59556,"longitude":-48.81278},{"id":12429,"name":"Itaporanga","latitude":-23.70778,"longitude":-49.48972},{"id":12440,"name":"Itapuí","latitude":-22.23333,"longitude":-48.71917},{"id":12437,"name":"Itapura","latitude":-20.59626,"longitude":-51.42537},{"id":12442,"name":"Itaquaquecetuba","latitude":-23.45806,"longitude":-46.32917},{"id":12449,"name":"Itararé","latitude":-24.1125,"longitude":-49.33167},{"id":12451,"name":"Itariri","latitude":-24.2888,"longitude":-47.13325},{"id":12456,"name":"Itatiba","latitude":-23.00583,"longitude":-46.83889},{"id":12459,"name":"Itatinga","latitude":-23.10167,"longitude":-48.61583},{"id":12476,"name":"Itirapina","latitude":-22.25278,"longitude":-47.82278},{"id":12477,"name":"Itirapuã","latitude":-20.65755,"longitude":-47.16859},{"id":12480,"name":"Itobi","latitude":-21.74902,"longitude":-46.93051},{"id":12482,"name":"Itu","latitude":-23.26417,"longitude":-47.29917},{"id":12489,"name":"Itupeva","latitude":-23.15306,"longitude":-47.05778},{"id":12494,"name":"Ituverava","latitude":-20.33944,"longitude":-47.78056},{"id":12511,"name":"Jaborandi","latitude":-20.66618,"longitude":-48.40164},{"id":12515,"name":"Jaboticabal","latitude":-21.25472,"longitude":-48.32222},{"id":12521,"name":"Jacareí","latitude":-23.30528,"longitude":-45.96583},{"id":12523,"name":"Jaci","latitude":-20.94747,"longitude":-49.57606},{"id":12531,"name":"Jacupiranga","latitude":-24.6925,"longitude":-48.00222},{"id":12546,"name":"Jaguariúna","latitude":-22.70556,"longitude":-46.98583},{"id":12552,"name":"Jales","latitude":-20.26889,"longitude":-50.54583},{"id":12553,"name":"Jambeiro","latitude":-23.28154,"longitude":-45.71217},{"id":12560,"name":"Jandira","latitude":-23.54082,"longitude":-46.89571},{"id":12587,"name":"Jardim Paulista","latitude":-23.56675,"longitude":-46.66439},{"id":12592,"name":"Jardinópolis","latitude":-21.01778,"longitude":-47.76389},{"id":12595,"name":"Jarinu","latitude":-23.10139,"longitude":-46.72833},{"id":12609,"name":"Jaú","latitude":-22.29639,"longitude":-48.55778},{"id":12622,"name":"Jeriquara","latitude":-20.33455,"longitude":-47.57121},{"id":12635,"name":"Joanópolis","latitude":-22.93028,"longitude":-46.27556},{"id":12667,"name":"João Ramalho","latitude":-22.2444,"longitude":-50.78747},{"id":12651,"name":"José Bonifácio","latitude":-21.08986,"longitude":-49.77293},{"id":12718,"name":"Júlio Mesquita","latitude":-21.97689,"longitude":-49.78623},{"id":12681,"name":"Jumirim","latitude":-23.10825,"longitude":-47.7982},{"id":12684,"name":"Jundiaí","latitude":-23.18639,"longitude":-46.88417},{"id":12689,"name":"Junqueirópolis","latitude":-21.51472,"longitude":-51.43361},{"id":12693,"name":"Juquiá","latitude":-24.32083,"longitude":-47.63472},{"id":12692,"name":"Juquitiba","latitude":-23.9586,"longitude":-47.01366},{"id":12768,"name":"Lagoinha","latitude":-23.08443,"longitude":-45.19973},{"id":12797,"name":"Laranjal Paulista","latitude":-23.04972,"longitude":-47.83667},{"id":12812,"name":"Lavínia","latitude":-21.17069,"longitude":-51.05184},{"id":12811,"name":"Lavrinhas","latitude":-22.51707,"longitude":-44.88055},{"id":12815,"name":"Leme","latitude":-22.18556,"longitude":-47.39028},{"id":12818,"name":"Lençóis Paulista","latitude":-22.59861,"longitude":-48.80028},{"id":12829,"name":"Limeira","latitude":-22.56472,"longitude":-47.40167},{"id":12837,"name":"Lindóia","latitude":-22.5125,"longitude":-46.65352},{"id":12841,"name":"Lins","latitude":-21.67861,"longitude":-49.7425},{"id":12852,"name":"Lorena","latitude":-22.73083,"longitude":-45.12472},{"id":12854,"name":"Lourdes","latitude":-20.94345,"longitude":-50.23799},{"id":12855,"name":"Louveira","latitude":-23.08252,"longitude":-46.93308},{"id":12862,"name":"Lucélia","latitude":-21.72028,"longitude":-51.01889},{"id":12859,"name":"Lucianópolis","latitude":-22.48385,"longitude":-49.54507},{"id":12878,"name":"Luís Antônio","latitude":-21.55997,"longitude":-47.81156},{"id":12867,"name":"Luiziânia","latitude":-21.68237,"longitude":-50.35305},{"id":12871,"name":"Lupércio","latitude":-22.42771,"longitude":-49.81232},{"id":12872,"name":"Lutécia","latitude":-22.30652,"longitude":-50.37817},{"id":12889,"name":"Macatuba","latitude":-22.50222,"longitude":-48.71139},{"id":12891,"name":"Macaubal","latitude":-20.86271,"longitude":-49.9853},{"id":12895,"name":"Macedônia","latitude":-20.08825,"longitude":-50.17318},{"id":12913,"name":"Magda","latitude":-20.57602,"longitude":-50.22413},{"id":12917,"name":"Mairinque","latitude":-23.54583,"longitude":-47.18333},{"id":12918,"name":"Mairiporã","latitude":-23.31861,"longitude":-46.58667},{"id":12944,"name":"Manduri","latitude":-23.05388,"longitude":-49.30262},{"id":12965,"name":"Marabá Paulista","latitude":-22.11727,"longitude":-52.05131},{"id":12971,"name":"Maracaí","latitude":-22.61056,"longitude":-50.66722},{"id":12980,"name":"Marapoama","latitude":-21.25761,"longitude":-49.14859},{"id":13024,"name":"Mariápolis","latitude":-21.77944,"longitude":-51.16754},{"id":13039,"name":"Marília","latitude":-22.21389,"longitude":-49.94583},{"id":13019,"name":"Marinópolis","latitude":-20.4878,"longitude":-50.83467},{"id":13035,"name":"Martinópolis","latitude":-22.14583,"longitude":-51.17083},{"id":13077,"name":"Matão","latitude":-21.59547,"longitude":-48.45033},{"id":13083,"name":"Mauá","latitude":-23.66364,"longitude":-46.44656},{"id":13099,"name":"Mendonça","latitude":-21.1962,"longitude":-49.56427},{"id":13102,"name":"Meridiano","latitude":-20.41766,"longitude":-50.20536},{"id":13108,"name":"Mesópolis","latitude":-19.95808,"longitude":-50.60938},{"id":13113,"name":"Miguelópolis","latitude":-20.17944,"longitude":-48.03194},{"id":13127,"name":"Mineiros do Tietê","latitude":-22.4486,"longitude":-48.44074},{"id":13129,"name":"Mira Estrela","latitude":-19.97244,"longitude":-50.13043},{"id":13131,"name":"Miracatu","latitude":-24.28139,"longitude":-47.45972},{"id":13141,"name":"Mirandopólis","latitude":-21.13361,"longitude":-51.10167},{"id":13147,"name":"Mirante do Paranapanema","latitude":-22.29194,"longitude":-51.90639},{"id":13149,"name":"Mirassol","latitude":-20.84158,"longitude":-49.50879},{"id":13151,"name":"Mirassolândia","latitude":-20.59295,"longitude":-49.48426},{"id":13160,"name":"Mococa","latitude":-21.46778,"longitude":-47.00472},{"id":13167,"name":"Mogi das Cruzes","latitude":-23.56813,"longitude":-46.1877},{"id":13165,"name":"Mogi Guaçu","latitude":-22.3677,"longitude":-46.94552},{"id":13166,"name":"Mogi Mirim","latitude":-22.43194,"longitude":-46.95778},{"id":13173,"name":"Mombuca","latitude":-22.95107,"longitude":-47.60238},{"id":13226,"name":"Monções","latitude":-20.86875,"longitude":-50.08331},{"id":13175,"name":"Mongaguá","latitude":-24.09306,"longitude":-46.62083},{"id":13192,"name":"Monte Alegre do Sul","latitude":-22.71002,"longitude":-46.67181},{"id":13194,"name":"Monte Alto","latitude":-21.26111,"longitude":-48.49639},{"id":13195,"name":"Monte Aprazível","latitude":-20.7725,"longitude":-49.71417},{"id":13197,"name":"Monte Azul Paulista","latitude":-20.90722,"longitude":-48.64139},{"id":13202,"name":"Monte Castelo","latitude":-21.22773,"longitude":-51.57141},{"id":13206,"name":"Monte Mor","latitude":-22.94667,"longitude":-47.31583},{"id":13216,"name":"Monteiro Lobato","latitude":-22.933,"longitude":-45.80525},{"id":13239,"name":"Morro Agudo","latitude":-20.73139,"longitude":-48.05778},{"id":13253,"name":"Morungaba","latitude":-22.88318,"longitude":-46.78699},{"id":13257,"name":"Motuca","latitude":-21.48936,"longitude":-48.15669},{"id":13284,"name":"Murutinga do Sul","latitude":-20.99638,"longitude":-51.30376},{"id":13295,"name":"Nantes","latitude":-22.60334,"longitude":-51.2084},{"id":13298,"name":"Narandiba","latitude":-22.53395,"longitude":-51.50976},{"id":13303,"name":"Natividade da Serra","latitude":-23.39447,"longitude":-45.39368},{"id":13312,"name":"Nazaré Paulista","latitude":-23.18203,"longitude":-46.36202},{"id":13319,"name":"Neves Paulista","latitude":-20.87439,"longitude":-49.6485},{"id":13322,"name":"Nhandeara","latitude":-20.6897,"longitude":-50.0407},{"id":13329,"name":"Nipoã","latitude":-20.89366,"longitude":-49.78133},{"id":13345,"name":"Nova Aliança","latitude":-21.06591,"longitude":-49.52593},{"id":13362,"name":"Nova Campina","latitude":-24.20918,"longitude":-48.98456},{"id":13364,"name":"Nova Canaã Paulista","latitude":-20.3702,"longitude":-50.90616},{"id":13368,"name":"Nova Castilho","latitude":-20.7853,"longitude":-50.34957},{"id":13378,"name":"Nova Europa","latitude":-21.79214,"longitude":-48.5688},{"id":13384,"name":"Nova Granada","latitude":-20.53389,"longitude":-49.31417},{"id":13386,"name":"Nova Guataporanga","latitude":-21.31898,"longitude":-51.64323},{"id":13391,"name":"Nova Independência","latitude":-21.15481,"longitude":-51.52759},{"id":13400,"name":"Nova Luzitânia","latitude":-20.87304,"longitude":-50.24297},{"id":13408,"name":"Nova Odessa","latitude":-22.7775,"longitude":-47.29583},{"id":13449,"name":"Novais","latitude":-20.9766,"longitude":-48.90985},{"id":13460,"name":"Novo Horizonte","latitude":-21.46806,"longitude":-49.22083},{"id":13484,"name":"Nuporanga","latitude":-20.73095,"longitude":-47.75177},{"id":13489,"name":"Ocauçu","latitude":-22.43034,"longitude":-49.9517},{"id":15684,"name":"Óleo","latitude":-22.94964,"longitude":-49.38996},{"id":13511,"name":"Olímpia","latitude":-20.73722,"longitude":-48.91472},{"id":13513,"name":"Onda Verde","latitude":-20.61043,"longitude":-49.24474},{"id":13516,"name":"Oriente","latitude":-22.15005,"longitude":-50.09676},{"id":13517,"name":"Orindiúva","latitude":-20.22235,"longitude":-49.37594},{"id":13522,"name":"Orlândia","latitude":-20.72028,"longitude":-47.88667},{"id":13527,"name":"Osasco","latitude":-23.5325,"longitude":-46.79167},{"id":13528,"name":"Oscar Bressane","latitude":-22.29031,"longitude":-50.25646},{"id":13529,"name":"Osvaldo Cruz","latitude":-21.67502,"longitude":-50.84203},{"id":13534,"name":"Ourinhos","latitude":-22.97889,"longitude":-49.87056},{"id":13545,"name":"Ouro Verde","latitude":-21.52766,"longitude":-51.75119},{"id":13550,"name":"Ouroeste","latitude":-19.9376,"longitude":-50.41455},{"id":13554,"name":"Pacaembu","latitude":-21.56222,"longitude":-51.26056},{"id":13576,"name":"Palestina","latitude":-20.29911,"longitude":-49.52},{"id":13584,"name":"Palmares Paulista","latitude":-21.10148,"longitude":-48.82032},{"id":13591,"name":"Palmeira d'Oeste","latitude":-20.45046,"longitude":-50.75181},{"id":13605,"name":"Palmital","latitude":-22.78889,"longitude":-50.2175},{"id":13616,"name":"Panorama","latitude":-21.35639,"longitude":-51.85972},{"id":13628,"name":"Paraguaçu Paulista","latitude":-22.41278,"longitude":-50.57583},{"id":13630,"name":"Paraibuna","latitude":-23.48123,"longitude":-45.63778},{"id":13659,"name":"Paraíso","latitude":-21.01639,"longitude":-48.77361},{"id":13639,"name":"Paranapanema","latitude":-23.3863,"longitude":-48.72441},{"id":13641,"name":"Paranapuã","latitude":-20.0594,"longitude":-50.59676},{"id":13651,"name":"Parapuã","latitude":-21.84482,"longitude":-50.8341},{"id":13667,"name":"Pardinho","latitude":-23.08987,"longitude":-48.3842},{"id":13675,"name":"Pariquera Açu","latitude":-24.715,"longitude":-47.88111},{"id":13676,"name":"Pariquera-Açu","latitude":-24.66388,"longitude":-47.84553},{"id":13677,"name":"Parisi","latitude":-20.26554,"longitude":-50.03904},{"id":13710,"name":"Patrocínio Paulista","latitude":-20.68707,"longitude":-47.28437},{"id":13723,"name":"Paulicéia","latitude":-21.17172,"longitude":-51.75418},{"id":13738,"name":"Paulínia","latitude":-22.76111,"longitude":-47.15417},{"id":13727,"name":"Paulista Flórida","latitude":-21.6,"longitude":-51.2},{"id":13730,"name":"Paulistânia","latitude":-22.57816,"longitude":-49.29587},{"id":13737,"name":"Paulo de Faria","latitude":-20.09639,"longitude":-49.48849},{"id":13744,"name":"Pederneiras","latitude":-22.35167,"longitude":-48.775},{"id":13747,"name":"Pedra Bela","latitude":-22.76397,"longitude":-46.43708},{"id":13761,"name":"Pedranópolis","latitude":-20.19986,"longitude":-50.08987},{"id":13766,"name":"Pedregulho","latitude":-20.25694,"longitude":-47.47667},{"id":13767,"name":"Pedreira","latitude":-22.74194,"longitude":-46.90139},{"id":13770,"name":"Pedrinhas Paulista","latitude":-22.80731,"longitude":-50.82055},{"id":13784,"name":"Pedro de Toledo","latitude":-24.1702,"longitude":-47.17239},{"id":13798,"name":"Penápolis","latitude":-21.41972,"longitude":-50.0775},{"id":13805,"name":"Pereira Barreto","latitude":-20.63833,"longitude":-51.10917},{"id":13806,"name":"Pereiras","latitude":-23.1215,"longitude":-47.97614},{"id":13814,"name":"Peruíbe","latitude":-24.32,"longitude":-46.99833},{"id":13823,"name":"Piacatu","latitude":-21.57301,"longitude":-50.65835},{"id":13831,"name":"Piedade","latitude":-23.71194,"longitude":-47.42778},{"id":13839,"name":"Pilar do Sul","latitude":-23.81306,"longitude":-47.71639},{"id":13848,"name":"Pindamonhangaba","latitude":-22.92389,"longitude":-45.46167},{"id":13854,"name":"Pindorama","latitude":-21.18583,"longitude":-48.90722},{"id":13863,"name":"Pinhalzinho","latitude":-22.78213,"longitude":-46.57177},{"id":13880,"name":"Piquerobi","latitude":-21.84262,"longitude":-51.74581},{"id":13882,"name":"Piquete","latitude":-22.61361,"longitude":-45.17611},{"id":13883,"name":"Piracaia","latitude":-23.05389,"longitude":-46.35806},{"id":13886,"name":"Piracicaba","latitude":-22.71579,"longitude":-47.77297},{"id":13888,"name":"Piraju","latitude":-23.19361,"longitude":-49.38389},{"id":13890,"name":"Pirajuí","latitude":-21.99861,"longitude":-49.45722},{"id":13893,"name":"Pirangi","latitude":-21.08566,"longitude":-48.67186},{"id":13901,"name":"Pirapora do Bom Jesus","latitude":-23.37201,"longitude":-46.97798},{"id":13902,"name":"Pirapozinho","latitude":-22.27528,"longitude":-51.5},{"id":13906,"name":"Pirassununga","latitude":-21.99611,"longitude":-47.42583},{"id":13908,"name":"Piratininga","latitude":-22.42279,"longitude":-49.19329},{"id":13923,"name":"Pitangueiras","latitude":-21.01395,"longitude":-48.26197},{"id":13939,"name":"Planalto","latitude":-21.00411,"longitude":-49.93965},{"id":13944,"name":"Platina","latitude":-22.62809,"longitude":-50.22211},{"id":14044,"name":"Poá","latitude":-23.53459,"longitude":-46.34662},{"id":13950,"name":"Poloni","latitude":-20.72938,"longitude":-49.8155},{"id":13954,"name":"Pompéia","latitude":-22.10861,"longitude":-50.17167},{"id":13956,"name":"Pongaí","latitude":-21.73364,"longitude":-49.36396},{"id":13960,"name":"Pontal","latitude":-21.0225,"longitude":-48.03722},{"id":13964,"name":"Pontalinda","latitude":-20.46316,"longitude":-50.52208},{"id":13973,"name":"Pontes Gestal","latitude":-20.17009,"longitude":-49.75902},{"id":13980,"name":"Populina","latitude":-19.92212,"longitude":-50.51727},{"id":13982,"name":"Porangaba","latitude":-23.17583,"longitude":-48.125},{"id":14004,"name":"Porto Feliz","latitude":-23.21472,"longitude":-47.52389},{"id":14005,"name":"Porto Ferreira","latitude":-21.85389,"longitude":-47.47917},{"id":14033,"name":"Potim","latitude":-22.82497,"longitude":-45.30614},{"id":14035,"name":"Potirendaba","latitude":-21.10737,"longitude":-49.39808},{"id":14057,"name":"Pracinha","latitude":-21.84003,"longitude":-51.08033},{"id":14062,"name":"Pradópolis","latitude":-21.35944,"longitude":-48.06556},{"id":14063,"name":"Praia Grande","latitude":-24.00583,"longitude":-46.40278},{"id":14073,"name":"Pratânia","latitude":-22.81737,"longitude":-48.68698},{"id":14074,"name":"Presidente Alves","latitude":-22.10947,"longitude":-49.40588},{"id":14075,"name":"Presidente Bernardes","latitude":-22.00611,"longitude":-51.55306},{"id":14081,"name":"Presidente Epitácio","latitude":-21.76333,"longitude":-52.11556},{"id":14095,"name":"Presidente Prudente","latitude":-22.12556,"longitude":-51.38889},{"id":14099,"name":"Presidente Venceslau","latitude":-21.87611,"longitude":-51.84389},{"id":14110,"name":"Promissão","latitude":-21.53667,"longitude":-49.85806},{"id":14125,"name":"Quadra","latitude":-23.30027,"longitude":-48.04264},{"id":14135,"name":"Quatá","latitude":-22.2475,"longitude":-50.69833},{"id":14142,"name":"Queiroz","latitude":-21.79287,"longitude":-50.23587},{"id":14143,"name":"Queluz","latitude":-22.5132,"longitude":-44.78091},{"id":14151,"name":"Quintana","latitude":-22.0972,"longitude":-50.37082},{"id":14168,"name":"Rafard","latitude":-23.03281,"longitude":-47.58676},{"id":14170,"name":"Rancharia","latitude":-22.22917,"longitude":-50.89306},{"id":14185,"name":"Redenção da Serra","latitude":-23.25672,"longitude":-45.502},{"id":14189,"name":"Regente Feijó","latitude":-22.22139,"longitude":-51.30278},{"id":14190,"name":"Reginópolis","latitude":-21.87493,"longitude":-49.19025},{"id":14191,"name":"Registro","latitude":-24.4875,"longitude":-47.84361},{"id":14205,"name":"Restinga","latitude":-20.67652,"longitude":-47.52058},{"id":14231,"name":"Ribeira","latitude":-24.61113,"longitude":-49.03616},{"id":14237,"name":"Ribeirão Bonito","latitude":-22.06667,"longitude":-48.17611},{"id":14238,"name":"Ribeirão Branco","latitude":-24.22083,"longitude":-48.76556},{"id":14241,"name":"Ribeirão Corrente","latitude":-20.44247,"longitude":-47.57152},{"id":14250,"name":"Ribeirão do Sul","latitude":-22.74112,"longitude":-49.94632},{"id":14251,"name":"Ribeirão dos Índios","latitude":-21.7847,"longitude":-51.5784},{"id":14242,"name":"Ribeirão Grande","latitude":-24.17568,"longitude":-48.34008},{"id":14243,"name":"Ribeirão Pires","latitude":-23.70411,"longitude":-46.39991},{"id":14244,"name":"Ribeirão Preto","latitude":-21.1775,"longitude":-47.81028},{"id":14254,"name":"Rifaina","latitude":-20.07816,"longitude":-47.43839},{"id":14255,"name":"Rincão","latitude":-21.57394,"longitude":-47.99687},{"id":14256,"name":"Rinópolis","latitude":-21.66311,"longitude":-50.72038},{"id":14269,"name":"Rio Claro","latitude":-22.41139,"longitude":-47.56139},{"id":14307,"name":"Rio das Pedras","latitude":-22.84082,"longitude":-47.59724},{"id":14277,"name":"Rio Grande da Serra","latitude":-23.73345,"longitude":-46.37351},{"id":14320,"name":"Riolândia","latitude":-19.98083,"longitude":-49.68194},{"id":14324,"name":"Riversul","latitude":-23.84439,"longitude":-49.44354},{"id":14348,"name":"Rosana","latitude":-22.4925,"longitude":-52.81942},{"id":14349,"name":"Roseira","latitude":-22.93295,"longitude":-45.29982},{"id":14361,"name":"Rubiácea","latitude":-21.36114,"longitude":-50.78593},{"id":14360,"name":"Rubinéia","latitude":-20.24994,"longitude":-51.01836},{"id":14367,"name":"Sabino","latitude":-21.4797,"longitude":-49.5765},{"id":14374,"name":"Sagres","latitude":-21.86529,"longitude":-51.00502},{"id":14377,"name":"Sales","latitude":-21.33848,"longitude":-49.51847},{"id":14378,"name":"Sales Oliveira","latitude":-20.83364,"longitude":-47.84079},{"id":14379,"name":"Salesópolis","latitude":-23.58753,"longitude":-45.84743},{"id":14391,"name":"Salmourão","latitude":-21.58291,"longitude":-50.87491},{"id":14393,"name":"Saltinho","latitude":-22.86275,"longitude":-47.72668},{"id":14395,"name":"Salto","latitude":-23.20083,"longitude":-47.28694},{"id":14399,"name":"Salto de Pirapora","latitude":-23.64889,"longitude":-47.57333},{"id":14396,"name":"Salto Grande","latitude":-22.87363,"longitude":-49.9619},{"id":14413,"name":"Sandovalina","latitude":-22.45478,"longitude":-51.85322},{"id":14417,"name":"Santa Adélia","latitude":-21.24278,"longitude":-48.80417},{"id":14418,"name":"Santa Albertina","latitude":-20.03496,"longitude":-50.71776},{"id":14424,"name":"Santa Bárbara d'Oeste","latitude":-22.75361,"longitude":-47.41361},{"id":14420,"name":"Santa Branca","latitude":-23.39667,"longitude":-45.88389},{"id":14436,"name":"Santa Clara d'Oeste","latitude":-20.07534,"longitude":-50.8987},{"id":14443,"name":"Santa Cruz da Conceição","latitude":-22.12608,"longitude":-47.49276},{"id":14444,"name":"Santa Cruz da Esperança","latitude":-21.2617,"longitude":-47.44749},{"id":14446,"name":"Santa Cruz das Palmeiras","latitude":-21.82694,"longitude":-47.24861},{"id":14455,"name":"Santa Cruz do Rio Pardo","latitude":-22.89889,"longitude":-49.6325},{"id":14460,"name":"Santa Ernestina","latitude":-21.45303,"longitude":-48.37797},{"id":14468,"name":"Santa Fé do Sul","latitude":-20.21111,"longitude":-50.92583},{"id":14469,"name":"Santa Gertrudes","latitude":-22.45667,"longitude":-47.53028},{"id":14480,"name":"Santa Isabel","latitude":-23.2944,"longitude":-46.24151},{"id":14498,"name":"Santa Lúcia","latitude":-21.66472,"longitude":-48.08283},{"id":14506,"name":"Santa Maria da Serra","latitude":-22.53752,"longitude":-48.14455},{"id":14519,"name":"Santa Mercedes","latitude":-21.31829,"longitude":-51.74637},{"id":14526,"name":"Santa Rita d'Oeste","latitude":-20.08064,"longitude":-50.81371},{"id":14536,"name":"Santa Rita do Passa Quatro","latitude":-21.71028,"longitude":-47.47806},{"id":14545,"name":"Santa Rosa de Viterbo","latitude":-21.47278,"longitude":-47.36306},{"id":14550,"name":"Santa Salete","latitude":-20.2736,"longitude":-50.72826},{"id":14571,"name":"Santana da Ponte Pensa","latitude":-20.25649,"longitude":-50.79852},{"id":14575,"name":"Santana de Parnaíba","latitude":-23.44417,"longitude":-46.91778},{"id":14607,"name":"Santo Anastácio","latitude":-22.01522,"longitude":-51.70097},{"id":14609,"name":"Santo André","latitude":-23.71057,"longitude":-46.5046},{"id":14611,"name":"Santo Antônio da Alegria","latitude":-21.09238,"longitude":-47.2036},{"id":14619,"name":"Santo Antônio de Posse","latitude":-22.60611,"longitude":-46.91944},{"id":14622,"name":"Santo Antônio do Aracanguá","latitude":-20.85619,"longitude":-50.53106},{"id":14630,"name":"Santo Antônio do Jardim","latitude":-22.12625,"longitude":-46.67237},{"id":14636,"name":"Santo Antônio do Pinhal","latitude":-22.82143,"longitude":-45.69968},{"id":14647,"name":"Santo Expedito","latitude":-21.82978,"longitude":-51.36993},{"id":14655,"name":"Santópolis do Aguapeí","latitude":-21.67058,"longitude":-50.52029},{"id":14653,"name":"Santos","latitude":-23.85663,"longitude":-46.27055},{"id":14839,"name":"São Bento do Sapucaí","latitude":-22.67091,"longitude":-45.68394},{"id":14846,"name":"São Bernardo do Campo","latitude":-23.69389,"longitude":-46.565},{"id":14853,"name":"São Caetano do Sul","latitude":-23.62429,"longitude":-46.56241},{"id":14855,"name":"São Carlos","latitude":-22.0175,"longitude":-47.89083},{"id":14881,"name":"São Francisco","latitude":-20.36457,"longitude":-50.67463},{"id":15007,"name":"São João da Boa Vista","latitude":-21.96917,"longitude":-46.79806},{"id":15018,"name":"São João das Duas Pontes","latitude":-20.41912,"longitude":-50.3896},{"id":15020,"name":"São João de Iracema","latitude":-20.51199,"longitude":-50.36102},{"id":15039,"name":"São João do Pau d'Alho","latitude":-21.20519,"longitude":-51.66857},{"id":14931,"name":"São Joaquim da Barra","latitude":-20.58139,"longitude":-47.85472},{"id":14940,"name":"São José da Bela Vista","latitude":-20.59934,"longitude":-47.6294},{"id":14960,"name":"São José do Barreiro","latitude":-22.73717,"longitude":-44.58545},{"id":14984,"name":"São José do Rio Pardo","latitude":-21.59556,"longitude":-46.88861},{"id":14985,"name":"São José do Rio Preto","latitude":-20.81972,"longitude":-49.37944},{"id":14993,"name":"São José dos Campos","latitude":-23.17944,"longitude":-45.88694},{"id":15054,"name":"São Lourenço da Serra","latitude":-23.84783,"longitude":-46.9393},{"id":15062,"name":"São Luiz do Paraitinga","latitude":-23.26061,"longitude":-45.22724},{"id":15070,"name":"São Manuel","latitude":-22.73111,"longitude":-48.57056},{"id":15079,"name":"São Miguel Arcanjo","latitude":-23.93766,"longitude":-47.99988},{"id":15101,"name":"São Paulo","latitude":-23.5475,"longitude":-46.63611},{"id":15106,"name":"São Pedro","latitude":-22.55963,"longitude":-47.90443},{"id":15122,"name":"São Pedro do Turvo","latitude":-22.69638,"longitude":-49.74295},{"id":15131,"name":"São Roque","latitude":-23.54011,"longitude":-47.1128},{"id":15135,"name":"São Sebastião","latitude":-23.76,"longitude":-45.40972},{"id":15140,"name":"São Sebastião da Grama","latitude":-21.7473,"longitude":-46.75934},{"id":15156,"name":"São Simão","latitude":-21.47917,"longitude":-47.55083},{"id":15168,"name":"São Vicente","latitude":-23.96506,"longitude":-46.49683},{"id":14669,"name":"Sarapuí","latitude":-23.65898,"longitude":-47.77095},{"id":14671,"name":"Sarutaiá","latitude":-23.25823,"longitude":-49.48372},{"id":14682,"name":"Sebastianópolis do Sul","latitude":-20.61558,"longitude":-49.90753},{"id":14723,"name":"Serra Azul","latitude":-21.28755,"longitude":-47.53885},{"id":14729,"name":"Serra Negra","latitude":-22.61222,"longitude":-46.70056},{"id":14743,"name":"Serrana","latitude":-21.21139,"longitude":-47.59556},{"id":14762,"name":"Sertãozinho","latitude":-21.13778,"longitude":-47.99028},{"id":14764,"name":"Sete Barras","latitude":-24.27723,"longitude":-47.95013},{"id":14771,"name":"Severínia","latitude":-20.78066,"longitude":-48.79037},{"id":14778,"name":"Silveiras","latitude":-22.73649,"longitude":-44.84778},{"id":14800,"name":"Socorro","latitude":-22.59139,"longitude":-46.52889},{"id":14811,"name":"Sorocaba","latitude":-23.50167,"longitude":-47.45806},{"id":14820,"name":"Sud Mennucci","latitude":-20.6186,"longitude":-50.88011},{"id":14823,"name":"Sumaré","latitude":-22.82194,"longitude":-47.26694},{"id":14829,"name":"Suzanápolis","latitude":-20.5103,"longitude":-51.07079},{"id":14828,"name":"Suzano","latitude":-23.5425,"longitude":-46.31083},{"id":15183,"name":"Tabapuã","latitude":-20.92377,"longitude":-49.02475},{"id":15185,"name":"Tabatinga","latitude":-21.7421,"longitude":-48.64589},{"id":15190,"name":"Taboão da Serra","latitude":-23.62611,"longitude":-46.79167},{"id":15195,"name":"Taciba","latitude":-22.49676,"longitude":-51.33241},{"id":15199,"name":"Taguaí","latitude":-23.48512,"longitude":-49.40781},{"id":15200,"name":"Taiaçu","latitude":-21.13217,"longitude":-48.53092},{"id":15206,"name":"Taiúva","latitude":-21.12737,"longitude":-48.42696},{"id":15210,"name":"Tambaú","latitude":-21.58688,"longitude":-47.22761},{"id":15214,"name":"Tanabi","latitude":-20.50212,"longitude":-49.64584},{"id":15238,"name":"Tapiraí","latitude":-24.01487,"longitude":-47.62583},{"id":15236,"name":"Tapiratiba","latitude":-21.44656,"longitude":-46.73214},{"id":15241,"name":"Taquaral","latitude":-21.0676,"longitude":-48.39336},{"id":15246,"name":"Taquaritinga","latitude":-21.4327,"longitude":-48.54735},{"id":15248,"name":"Taquarituba","latitude":-23.52998,"longitude":-49.21441},{"id":15249,"name":"Taquarivaí","latitude":-23.95095,"longitude":-48.67524},{"id":15252,"name":"Tarabai","latitude":-22.35043,"longitude":-51.62019},{"id":15257,"name":"Tarumã","latitude":-22.76111,"longitude":-50.60332},{"id":15259,"name":"Tatuí","latitude":-23.35556,"longitude":-47.85694},{"id":15260,"name":"Taubaté","latitude":-23.02639,"longitude":-45.55528},{"id":15270,"name":"Tejupá","latitude":-23.35231,"longitude":-49.30721},{"id":15279,"name":"Teodoro Sampaio","latitude":-22.41617,"longitude":-52.36402},{"id":15296,"name":"Terra Roxa","latitude":-20.76175,"longitude":-48.36899},{"id":15307,"name":"Tietê","latitude":-23.04197,"longitude":-47.7143},{"id":15314,"name":"Timburi","latitude":-23.19265,"longitude":-49.61224},{"id":15340,"name":"Torre de Pedra","latitude":-23.2464,"longitude":-48.21328},{"id":15342,"name":"Torrinha","latitude":-22.47144,"longitude":-48.15338},{"id":15344,"name":"Trabiju","latitude":-22.03023,"longitude":-48.36861},{"id":15354,"name":"Tremembé","latitude":-22.9241,"longitude":-45.61503},{"id":15376,"name":"Três Fronteiras","latitude":-20.29093,"longitude":-50.87027},{"id":15391,"name":"Tuiuti","latitude":-22.84505,"longitude":-46.69618},{"id":15408,"name":"Tupã","latitude":-21.95443,"longitude":-50.53493},{"id":15405,"name":"Tupi Paulista","latitude":-21.38916,"longitude":-51.58294},{"id":15412,"name":"Turiúba","latitude":-20.94735,"longitude":-50.09803},{"id":15414,"name":"Turmalina","latitude":-20.05953,"longitude":-50.45595},{"id":15428,"name":"Ubarana","latitude":-21.22036,"longitude":-49.72981},{"id":15429,"name":"Ubatuba","latitude":-23.43389,"longitude":-45.07111},{"id":15435,"name":"Ubirajara","latitude":-22.55131,"longitude":-49.66278},{"id":15439,"name":"Uchoa","latitude":-20.9185,"longitude":-49.13654},{"id":15457,"name":"União Paulista","latitude":-20.88795,"longitude":-49.89135},{"id":15488,"name":"Urânia","latitude":-20.20908,"longitude":-50.66093},{"id":15468,"name":"Uru","latitude":-21.76519,"longitude":-49.2972},{"id":15483,"name":"Urupês","latitude":-21.18413,"longitude":-49.28069},{"id":15498,"name":"Valentim Gentil","latitude":-20.43138,"longitude":-50.12129},{"id":15502,"name":"Valinhos","latitude":-22.97056,"longitude":-46.99583},{"id":15503,"name":"Valparaíso","latitude":-21.21512,"longitude":-50.94698},{"id":15506,"name":"Vargem","latitude":-22.89117,"longitude":-46.41556},{"id":15515,"name":"Vargem Grande do Sul","latitude":-21.87152,"longitude":-46.89073},{"id":15513,"name":"Vargem Grande Paulista","latitude":-23.62856,"longitude":-47.01914},{"id":15620,"name":"Várzea Paulista","latitude":-23.21139,"longitude":-46.82833},{"id":15535,"name":"Vera Cruz","latitude":-22.2334,"longitude":-49.83281},{"id":15580,"name":"Vinhedo","latitude":-23.05397,"longitude":-46.98135},{"id":15581,"name":"Viradouro","latitude":-20.87625,"longitude":-48.31479},{"id":15590,"name":"Vista Alegre do Alto","latitude":-21.18019,"longitude":-48.65482},{"id":15598,"name":"Vitória Brasil","latitude":-20.19354,"longitude":-50.4794},{"id":15611,"name":"Votorantim","latitude":-23.54667,"longitude":-47.43778},{"id":15612,"name":"Votuporanga","latitude":-20.4801,"longitude":-50.01266},{"id":15645,"name":"Zacarias","latitude":-21.11651,"longitude":-50.06154}]