[{"id":670,"name":"Armstrong","latitude":-32.78215,"longitude":-61.60222},{"id":673,"name":"Arroyo Seco","latitude":-33.15489,"longitude":-60.50863},{"id":675,"name":"Arrufó","latitude":-30.23281,"longitude":-61.72862},{"id":676,"name":"Avellaneda","latitude":-29.11761,"longitude":-59.65834},{"id":689,"name":"Bella Italia","latitude":-31.28182,"longitude":-61.41092},{"id":710,"name":"Calchaquí","latitude":-29.88767,"longitude":-60.28697},{"id":743,"name":"Cañada de Gómez","latitude":-32.81636,"longitude":-61.39493},{"id":729,"name":"Capitán Bermúdez","latitude":-32.82262,"longitude":-60.71852},{"id":732,"name":"Carcarañá","latitude":-32.85679,"longitude":-61.15331},{"id":736,"name":"Casilda","latitude":-33.04417,"longitude":-61.16806},{"id":747,"name":"Ceres","latitude":-29.881,"longitude":-61.94504},{"id":758,"name":"Chañar Ladeado","latitude":-33.32524,"longitude":-62.03831},{"id":796,"name":"Coronda","latitude":-31.97263,"longitude":-60.91983},{"id":835,"name":"Departamento de Belgrano","latitude":-32.5,"longitude":-61.75},{"id":853,"name":"Departamento de Caseros","latitude":-33.25,"longitude":-61.66667},{"id":854,"name":"Departamento de Castellanos","latitude":-31.16667,"longitude":-61.66667},{"id":869,"name":"Departamento de Constitución","latitude":-33.5,"longitude":-60.91667},{"id":916,"name":"Departamento de La Capital","latitude":-31.5,"longitude":-60.66667},{"id":951,"name":"Departamento de Nueve de Julio","latitude":-28.83333,"longitude":-61.33333},{"id":985,"name":"Departamento de San Cristóbal","latitude":-30.33333,"longitude":-61.33333},{"id":988,"name":"Departamento de San Javier","latitude":-30.33333,"longitude":-59.91667},{"id":992,"name":"Departamento de San Justo","latitude":-30.66667,"longitude":-60.5},{"id":993,"name":"Departamento de San Lorenzo","latitude":-33.0,"longitude":-61.0},{"id":1000,"name":"Departamento de San Martín","latitude":-32.0,"longitude":-61.83333},{"id":1033,"name":"Departamento de Vera","latitude":-29.0,"longitude":-60.5},{"id":1062,"name":"El Trébol","latitude":-32.2008,"longitude":-61.7014},{"id":1069,"name":"Esperanza","latitude":-31.4488,"longitude":-60.93173},{"id":1079,"name":"Firmat","latitude":-33.45937,"longitude":-61.4832},{"id":1084,"name":"Fray Luis A. Beltrán","latitude":-32.79122,"longitude":-60.72819},{"id":1086,"name":"Funes","latitude":-32.91568,"longitude":-60.80995},{"id":1131,"name":"Gálvez","latitude":-32.02927,"longitude":-61.22103},{"id":1093,"name":"Gato Colorado","latitude":-28.02219,"longitude":-61.18663},{"id":1117,"name":"Gobernador Gálvez","latitude":-33.03016,"longitude":-60.64045},{"id":1124,"name":"Granadero Baigorria","latitude":-32.85683,"longitude":-60.71754},{"id":1133,"name":"Helvecia","latitude":-31.09834,"longitude":-60.0883},{"id":1140,"name":"Hersilia","latitude":-30.00447,"longitude":-61.8408},{"id":1158,"name":"Iriondo Department","latitude":-32.63333,"longitude":-61.33333},{"id":1210,"name":"Laguna Paiva","latitude":-31.30391,"longitude":-60.65894},{"id":1227,"name":"Las Parejas","latitude":-32.68478,"longitude":-61.51637},{"id":1230,"name":"Las Rosas","latitude":-32.47661,"longitude":-61.58041},{"id":1231,"name":"Las Toscas","latitude":-28.3529,"longitude":-59.25795},{"id":1252,"name":"Los Laureles","latitude":-29.36847,"longitude":-59.73634},{"id":1265,"name":"Malabrigo","latitude":-29.34636,"longitude":-59.96957},{"id":1276,"name":"Melincué","latitude":-33.65847,"longitude":-61.45459},{"id":1366,"name":"Pérez","latitude":-32.99835,"longitude":-60.76791},{"id":1372,"name":"Rafaela","latitude":-31.25033,"longitude":-61.4867},{"id":1376,"name":"Reconquista","latitude":-29.15,"longitude":-59.65},{"id":1377,"name":"Recreo","latitude":-31.49076,"longitude":-60.73299},{"id":1383,"name":"Roldán","latitude":-32.89846,"longitude":-60.90681},{"id":1384,"name":"Rosario","latitude":-32.94682,"longitude":-60.63932},{"id":1386,"name":"Rufino","latitude":-34.26827,"longitude":-62.71262},{"id":1417,"name":"San Carlos Centro","latitude":-31.72864,"longitude":-61.09192},{"id":1420,"name":"San Cristóbal","latitude":-30.31053,"longitude":-61.23724},{"id":1427,"name":"San Javier","latitude":-30.57781,"longitude":-59.9317},{"id":1428,"name":"San Jorge","latitude":-31.89618,"longitude":-61.85984},{"id":1436,"name":"San Justo","latitude":-30.78913,"longitude":-60.59189},{"id":1458,"name":"Santa Fe","latitude":-31.64881,"longitude":-60.70868},{"id":1475,"name":"Santo Tomé","latitude":-31.66274,"longitude":-60.7653},{"id":1478,"name":"Sastre","latitude":-31.76762,"longitude":-61.82887},{"id":1490,"name":"Sunchales","latitude":-30.94404,"longitude":-61.56148},{"id":1494,"name":"Tacuarendí","latitude":-28.41265,"longitude":-59.26},{"id":1509,"name":"Tostado","latitude":-29.23202,"longitude":-61.76917},{"id":1510,"name":"Totoras","latitude":-32.5844,"longitude":-61.16852},{"id":1529,"name":"Venado Tuerto","latitude":-33.74556,"longitude":-61.96885},{"id":1530,"name":"Vera","latitude":-29.4593,"longitude":-60.21261},{"id":1545,"name":"Villa Cañás","latitude":-34.00565,"longitude":-61.60757},{"id":1547,"name":"Villa Constitución","latitude":-33.22778,"longitude":-60.3297},{"id":1566,"name":"Villa Mugueta","latitude":-33.31129,"longitude":-61.05515},{"id":1568,"name":"Villa Ocampo","latitude":-28.48752,"longitude":-59.35515},{"id":1577,"name":"Villa Trinidad","latitude":-30.21329,"longitude":-61.87597}]