[{"id":8608,"name":"Aalst","latitude":50.93604,"longitude":4.0355},{"id":8609,"name":"Aalter","latitude":51.09017,"longitude":3.44693},{"id":8610,"name":"Aarschot","latitude":50.98715,"longitude":4.83695},{"id":8611,"name":"Aartselaar","latitude":51.13412,"longitude":4.38678},{"id":8613,"name":"Alken","latitude":50.87553,"longitude":5.30558},{"id":8614,"name":"Alveringem","latitude":51.01238,"longitude":2.71117},{"id":8623,"name":"Antwerpen","latitude":51.21989,"longitude":4.40346},{"id":8624,"name":"Anzegem","latitude":50.837,"longitude":3.47786},{"id":8625,"name":"Ardooie","latitude":50.9757,"longitude":3.19736},{"id":8626,"name":"Arendonk","latitude":51.32267,"longitude":5.08289},{"id":8628,"name":"As","latitude":51.00755,"longitude":5.58453},{"id":8629,"name":"Asse","latitude":50.91011,"longitude":4.19836},{"id":8630,"name":"Assenede","latitude":51.22598,"longitude":3.75085},{"id":8636,"name":"Avelgem","latitude":50.77618,"longitude":3.44502},{"id":8639,"name":"Baarle-Hertog","latitude":51.40504,"longitude":4.89226},{"id":8641,"name":"Balen","latitude":51.16837,"longitude":5.17027},{"id":8648,"name":"Beernem","latitude":51.13981,"longitude":3.33896},{"id":8649,"name":"Beerse","latitude":51.31927,"longitude":4.85304},{"id":8650,"name":"Beersel","latitude":50.76589,"longitude":4.3002},{"id":8651,"name":"Begijnendijk","latitude":51.01942,"longitude":4.78377},{"id":8652,"name":"Bekkevoort","latitude":50.94074,"longitude":4.969},{"id":8654,"name":"Beringen","latitude":51.04954,"longitude":5.22606},{"id":8655,"name":"Berlaar","latitude":51.1176,"longitude":4.65835},{"id":8656,"name":"Berlare","latitude":51.03333,"longitude":4.0},{"id":8659,"name":"Bertem","latitude":50.86403,"longitude":4.62918},{"id":8662,"name":"Bever","latitude":50.91667,"longitude":4.31667},{"id":8663,"name":"Beveren","latitude":51.21187,"longitude":4.25633},{"id":8665,"name":"Bierbeek","latitude":50.82876,"longitude":4.75949},{"id":8666,"name":"Bilzen","latitude":50.87325,"longitude":5.5184},{"id":8669,"name":"Blankenberge","latitude":51.31306,"longitude":3.13227},{"id":8671,"name":"Bocholt","latitude":51.17337,"longitude":5.57994},{"id":8672,"name":"Boechout","latitude":51.15959,"longitude":4.49195},{"id":8673,"name":"Bonheiden","latitude":51.02261,"longitude":4.54714},{"id":8674,"name":"Boom","latitude":51.09242,"longitude":4.3717},{"id":8675,"name":"Boortmeerbeek","latitude":50.97929,"longitude":4.57443},{"id":8676,"name":"Borgloon","latitude":50.80505,"longitude":5.34366},{"id":8677,"name":"Bornem","latitude":51.09716,"longitude":4.24364},{"id":8678,"name":"Borsbeek","latitude":51.19661,"longitude":4.48543},{"id":8681,"name":"Boutersem","latitude":50.83511,"longitude":4.8345},{"id":8686,"name":"Brasschaat","latitude":51.2912,"longitude":4.49182},{"id":8687,"name":"Brecht","latitude":51.35024,"longitude":4.63829},{"id":8688,"name":"Bredene","latitude":51.23489,"longitude":2.97559},{"id":8689,"name":"Bree","latitude":51.14152,"longitude":5.5969},{"id":8691,"name":"Brugge","latitude":51.20892,"longitude":3.22424},{"id":8694,"name":"Buggenhout","latitude":51.0159,"longitude":4.20173},{"id":8718,"name":"Damme","latitude":51.25147,"longitude":3.28144},{"id":8720,"name":"De Haan","latitude":51.27261,"longitude":3.03446},{"id":8721,"name":"De Panne","latitude":51.09793,"longitude":2.59368},{"id":8722,"name":"De Pinte","latitude":50.99339,"longitude":3.64747},{"id":8723,"name":"Deerlijk","latitude":50.85337,"longitude":3.35416},{"id":8724,"name":"Deinze","latitude":50.98175,"longitude":3.53096},{"id":8725,"name":"Denderleeuw","latitude":50.88506,"longitude":4.07601},{"id":8726,"name":"Dendermonde","latitude":51.02869,"longitude":4.10106},{"id":8727,"name":"Dentergem","latitude":50.96429,"longitude":3.41617},{"id":8728,"name":"Dessel","latitude":51.23855,"longitude":5.11448},{"id":8729,"name":"Destelbergen","latitude":51.05952,"longitude":3.79899},{"id":8730,"name":"Deurne","latitude":51.22134,"longitude":4.46595},{"id":8731,"name":"Diegem","latitude":50.89727,"longitude":4.43354},{"id":8732,"name":"Diepenbeek","latitude":50.90769,"longitude":5.41875},{"id":8733,"name":"Diest","latitude":50.98923,"longitude":5.05062},{"id":8734,"name":"Diksmuide","latitude":51.03248,"longitude":2.86384},{"id":8735,"name":"Dilbeek","latitude":50.84799,"longitude":4.25972},{"id":8741,"name":"Drogenbos","latitude":50.78733,"longitude":4.31471},{"id":8742,"name":"Duffel","latitude":51.09554,"longitude":4.50903},{"id":8744,"name":"Edegem","latitude":51.15662,"longitude":4.44504},{"id":8745,"name":"Eeklo","latitude":51.18703,"longitude":3.55654},{"id":8751,"name":"Essen","latitude":51.46791,"longitude":4.46901},{"id":8755,"name":"Evergem","latitude":51.11306,"longitude":3.70976},{"id":8773,"name":"Galmaarden","latitude":50.75389,"longitude":3.97121},{"id":8774,"name":"Gavere","latitude":50.92917,"longitude":3.66184},{"id":8776,"name":"Geel","latitude":51.16557,"longitude":4.98917},{"id":8778,"name":"Geetbets","latitude":50.89431,"longitude":5.11199},{"id":8781,"name":"Genk","latitude":50.965,"longitude":5.50082},{"id":8782,"name":"Gent","latitude":51.05,"longitude":3.71667},{"id":8783,"name":"Geraardsbergen","latitude":50.77343,"longitude":3.88223},{"id":8786,"name":"Gingelom","latitude":50.74792,"longitude":5.13422},{"id":8787,"name":"Gistel","latitude":51.15612,"longitude":2.96387},{"id":8788,"name":"Glabbeek","latitude":50.87267,"longitude":4.95615},{"id":8789,"name":"Gooik","latitude":50.79443,"longitude":4.11378},{"id":8792,"name":"Grimbergen","latitude":50.93409,"longitude":4.37213},{"id":8793,"name":"Grobbendonk","latitude":51.19043,"longitude":4.73562},{"id":8794,"name":"Haacht","latitude":50.97737,"longitude":4.63777},{"id":8795,"name":"Haaltert","latitude":50.90634,"longitude":4.00093},{"id":8797,"name":"Halen","latitude":50.94837,"longitude":5.11096},{"id":8798,"name":"Halle","latitude":50.73385,"longitude":4.23454},{"id":8799,"name":"Hamme","latitude":51.09822,"longitude":4.13705},{"id":8803,"name":"Harelbeke","latitude":50.85343,"longitude":3.30935},{"id":8804,"name":"Hasselt","latitude":50.93106,"longitude":5.33781},{"id":8807,"name":"Heers","latitude":50.75383,"longitude":5.3021},{"id":8808,"name":"Heist-op-den-Berg","latitude":51.07537,"longitude":4.72827},{"id":8809,"name":"Helchteren","latitude":51.05591,"longitude":5.38244},{"id":8810,"name":"Hemiksem","latitude":51.14484,"longitude":4.33874},{"id":8813,"name":"Herent","latitude":50.90861,"longitude":4.67056},{"id":8814,"name":"Herentals","latitude":51.17655,"longitude":4.83248},{"id":8815,"name":"Herenthout","latitude":51.1401,"longitude":4.75572},{"id":8816,"name":"Herk-de-Stad","latitude":50.94013,"longitude":5.16636},{"id":8817,"name":"Herne","latitude":50.72423,"longitude":4.03481},{"id":8818,"name":"Herselt","latitude":51.05159,"longitude":4.88231},{"id":8821,"name":"Herzele","latitude":50.88681,"longitude":3.89014},{"id":8822,"name":"Heusden","latitude":51.03664,"longitude":5.28013},{"id":8823,"name":"Hoboken","latitude":51.17611,"longitude":4.34844},{"id":8824,"name":"Hoegaarden","latitude":50.7756,"longitude":4.88952},{"id":8825,"name":"Hoeilaart","latitude":50.7673,"longitude":4.46835},{"id":8826,"name":"Hoeselt","latitude":50.84714,"longitude":5.48767},{"id":8827,"name":"Holsbeek","latitude":50.92097,"longitude":4.75747},{"id":8828,"name":"Hooglede","latitude":50.98333,"longitude":3.08333},{"id":8829,"name":"Hoogstraten","latitude":51.40029,"longitude":4.76034},{"id":8832,"name":"Houthalen","latitude":51.03427,"longitude":5.37429},{"id":8833,"name":"Houthulst","latitude":50.97824,"longitude":2.9505},{"id":8835,"name":"Hove","latitude":51.15446,"longitude":4.4707},{"id":8836,"name":"Huldenberg","latitude":50.78939,"longitude":4.5831},{"id":8837,"name":"Hulshout","latitude":51.07451,"longitude":4.79081},{"id":8840,"name":"Ichtegem","latitude":51.09572,"longitude":3.01549},{"id":8841,"name":"Ieper","latitude":50.85114,"longitude":2.88569},{"id":8843,"name":"Ingelmunster","latitude":50.92081,"longitude":3.25571},{"id":8845,"name":"Izegem","latitude":50.91396,"longitude":3.21378},{"id":8846,"name":"Jabbeke","latitude":51.18185,"longitude":3.08935},{"id":8851,"name":"Kalmthout","latitude":51.38442,"longitude":4.47556},{"id":8852,"name":"Kampenhout","latitude":50.9421,"longitude":4.55103},{"id":8853,"name":"Kapelle-op-den-Bos","latitude":51.0097,"longitude":4.36303},{"id":8854,"name":"Kapellen","latitude":51.31377,"longitude":4.43539},{"id":8855,"name":"Kaprijke","latitude":51.2172,"longitude":3.61519},{"id":8856,"name":"Kasterlee","latitude":51.24118,"longitude":4.96651},{"id":8857,"name":"Keerbergen","latitude":51.00295,"longitude":4.63434},{"id":8858,"name":"Kinrooi","latitude":51.14543,"longitude":5.74207},{"id":8859,"name":"Knesselare","latitude":51.13932,"longitude":3.41282},{"id":8860,"name":"Knokke-Heist","latitude":51.35,"longitude":3.26667},{"id":8861,"name":"Koekelare","latitude":51.09047,"longitude":2.9783},{"id":8862,"name":"Koksijde","latitude":51.11642,"longitude":2.63772},{"id":8863,"name":"Kontich","latitude":51.13213,"longitude":4.44706},{"id":8864,"name":"Kortemark","latitude":51.02951,"longitude":3.04112},{"id":8865,"name":"Kortenaken","latitude":50.90862,"longitude":5.05968},{"id":8866,"name":"Kortenberg","latitude":50.88982,"longitude":4.54353},{"id":8867,"name":"Kortessem","latitude":50.8589,"longitude":5.38974},{"id":8868,"name":"Kortrijk","latitude":50.82803,"longitude":3.26487},{"id":8869,"name":"Kraainem","latitude":50.86155,"longitude":4.46946},{"id":8870,"name":"Kruibeke","latitude":51.17048,"longitude":4.31444},{"id":8871,"name":"Kruishoutem","latitude":50.90168,"longitude":3.52588},{"id":8872,"name":"Kuurne","latitude":50.85143,"longitude":3.2824},{"id":8878,"name":"Laarne","latitude":51.03078,"longitude":3.85077},{"id":8879,"name":"Lanaken","latitude":50.89318,"longitude":5.6468},{"id":8880,"name":"Landen","latitude":50.75267,"longitude":5.082},{"id":8881,"name":"Lebbeke","latitude":51.00464,"longitude":4.13457},{"id":8882,"name":"Lede","latitude":50.96626,"longitude":3.98594},{"id":8883,"name":"Ledeberg","latitude":51.03859,"longitude":3.74458},{"id":8884,"name":"Ledegem","latitude":50.85785,"longitude":3.12409},{"id":8885,"name":"Lendelede","latitude":50.88626,"longitude":3.23747},{"id":8887,"name":"Leopoldsburg","latitude":51.11667,"longitude":5.25},{"id":8889,"name":"Leuven","latitude":50.87959,"longitude":4.70093},{"id":8891,"name":"Lichtervelde","latitude":51.03333,"longitude":3.15},{"id":8892,"name":"Liedekerke","latitude":50.86892,"longitude":4.08743},{"id":8893,"name":"Lier","latitude":51.13128,"longitude":4.57041},{"id":8895,"name":"Lille","latitude":51.24197,"longitude":4.82313},{"id":8898,"name":"Linkebeek","latitude":50.76781,"longitude":4.33688},{"id":8899,"name":"Lint","latitude":51.12707,"longitude":4.49669},{"id":8902,"name":"Lochristi","latitude":51.09644,"longitude":3.83194},{"id":8903,"name":"Lokeren","latitude":51.10364,"longitude":3.99339},{"id":8904,"name":"Lommel","latitude":51.23074,"longitude":5.31349},{"id":8905,"name":"Londerzeel","latitude":51.00468,"longitude":4.30304},{"id":8908,"name":"Lovendegem","latitude":51.10168,"longitude":3.61298},{"id":8909,"name":"Lubbeek","latitude":50.88278,"longitude":4.83896},{"id":8910,"name":"Lummen","latitude":50.98772,"longitude":5.19121},{"id":8912,"name":"Maaseik","latitude":51.09802,"longitude":5.78379},{"id":8913,"name":"Maasmechelen","latitude":50.96545,"longitude":5.69452},{"id":8914,"name":"Machelen","latitude":50.91061,"longitude":4.44174},{"id":8915,"name":"Maldegem","latitude":51.20737,"longitude":3.44511},{"id":8922,"name":"Mechelen","latitude":51.02574,"longitude":4.47762},{"id":8923,"name":"Meerhout","latitude":51.1321,"longitude":5.07842},{"id":8924,"name":"Meise","latitude":50.93934,"longitude":4.32655},{"id":8926,"name":"Melle","latitude":51.00232,"longitude":3.80526},{"id":8927,"name":"Menen","latitude":50.79722,"longitude":3.12245},{"id":8929,"name":"Merchtem","latitude":50.95129,"longitude":4.23197},{"id":8930,"name":"Merelbeke","latitude":50.99447,"longitude":3.74621},{"id":8931,"name":"Merksplas","latitude":51.35851,"longitude":4.86513},{"id":8934,"name":"Meulebeke","latitude":50.95136,"longitude":3.28804},{"id":8935,"name":"Middelkerke","latitude":51.18532,"longitude":2.82077},{"id":8937,"name":"Moerbeke","latitude":51.17409,"longitude":3.93001},{"id":8938,"name":"Mol","latitude":51.19188,"longitude":5.11662},{"id":8943,"name":"Moorslede","latitude":50.8919,"longitude":3.06117},{"id":8945,"name":"Mortsel","latitude":51.16697,"longitude":4.45127},{"id":8951,"name":"Nazareth","latitude":50.95686,"longitude":3.59425},{"id":8952,"name":"Neerpelt","latitude":51.22807,"longitude":5.4427},{"id":8954,"name":"Nevele","latitude":51.03531,"longitude":3.54574},{"id":8955,"name":"Niel","latitude":51.11096,"longitude":4.33428},{"id":8956,"name":"Nieuwerkerken","latitude":50.8638,"longitude":5.19467},{"id":8957,"name":"Nieuwpoort","latitude":51.13008,"longitude":2.75135},{"id":8958,"name":"Nijlen","latitude":51.16096,"longitude":4.67008},{"id":8959,"name":"Ninove","latitude":50.82776,"longitude":4.02657},{"id":8963,"name":"Olen","latitude":51.14391,"longitude":4.8598},{"id":8966,"name":"Oostduinkerke","latitude":51.11565,"longitude":2.68217},{"id":8967,"name":"Oosterzele","latitude":50.95261,"longitude":3.79826},{"id":8968,"name":"Oostkamp","latitude":51.15432,"longitude":3.23128},{"id":8969,"name":"Oostmalle","latitude":51.3,"longitude":4.73333},{"id":8970,"name":"Oostrozebeke","latitude":50.92093,"longitude":3.33799},{"id":8971,"name":"Opglabbeek","latitude":51.04258,"longitude":5.58346},{"id":8972,"name":"Opwijk","latitude":50.96724,"longitude":4.18442},{"id":8974,"name":"Ostend","latitude":51.21551,"longitude":2.927},{"id":8976,"name":"Oud-Heverlee","latitude":50.83522,"longitude":4.66421},{"id":8977,"name":"Oud-Turnhout","latitude":51.31978,"longitude":4.9841},{"id":8978,"name":"Oudenaarde","latitude":50.85168,"longitude":3.60891},{"id":8979,"name":"Oudenburg","latitude":51.18489,"longitude":3.00035},{"id":8982,"name":"Overijse","latitude":50.77436,"longitude":4.53461},{"id":8983,"name":"Overpelt","latitude":51.21038,"longitude":5.41557},{"id":8986,"name":"Peer","latitude":51.1303,"longitude":5.45952},{"id":8987,"name":"Pepingen","latitude":50.75922,"longitude":4.15983},{"id":8989,"name":"Perre","latitude":50.88914,"longitude":3.86098},{"id":8992,"name":"Pittem","latitude":50.99279,"longitude":3.26317},{"id":8995,"name":"Poperinge","latitude":50.85386,"longitude":2.72659},{"id":9002,"name":"Provincie Antwerpen","latitude":51.16558,"longitude":4.83402},{"id":9003,"name":"Provincie Limburg","latitude":51.0,"longitude":5.5},{"id":9004,"name":"Provincie Oost-Vlaanderen","latitude":51.0,"longitude":3.75},{"id":9005,"name":"Provincie Vlaams-Brabant","latitude":50.91667,"longitude":4.58333},{"id":9006,"name":"Provincie West-Vlaanderen","latitude":51.0,"longitude":3.0},{"id":9007,"name":"Putte","latitude":51.05337,"longitude":4.63263},{"id":9008,"name":"Puurs","latitude":51.07409,"longitude":4.28844},{"id":9015,"name":"Ranst","latitude":51.18983,"longitude":4.56533},{"id":9016,"name":"Ravels","latitude":51.37274,"longitude":4.9921},{"id":9020,"name":"Retie","latitude":51.26652,"longitude":5.08242},{"id":9021,"name":"Riemst","latitude":50.80995,"longitude":5.60131},{"id":9022,"name":"Rijkevorsel","latitude":51.34795,"longitude":4.76053},{"id":9025,"name":"Roeselare","latitude":50.94653,"longitude":3.12269},{"id":9027,"name":"Ronse","latitude":50.74574,"longitude":3.6005},{"id":9028,"name":"Rotselaar","latitude":50.95302,"longitude":4.71665},{"id":9030,"name":"Ruiselede","latitude":51.04039,"longitude":3.39416},{"id":9032,"name":"Rumst","latitude":51.08153,"longitude":4.42217},{"id":9039,"name":"Schelle","latitude":51.12615,"longitude":4.34114},{"id":9040,"name":"Schilde","latitude":51.24107,"longitude":4.58336},{"id":9041,"name":"Schoten","latitude":51.25251,"longitude":4.50268},{"id":9045,"name":"Sint-Amands","latitude":51.05645,"longitude":4.20957},{"id":9046,"name":"Sint-Genesius-Rode","latitude":50.74645,"longitude":4.35754},{"id":9047,"name":"Sint-Gillis-Waas","latitude":51.21914,"longitude":4.12374},{"id":9048,"name":"Sint-Joris","latitude":50.87117,"longitude":5.272},{"id":9049,"name":"Sint-Katelijne-Waver","latitude":51.06691,"longitude":4.53469},{"id":9050,"name":"Sint-Kruis","latitude":51.21399,"longitude":3.24949},{"id":9051,"name":"Sint-Laureins","latitude":51.24202,"longitude":3.52441},{"id":9052,"name":"Sint-Lievens-Houtem","latitude":50.9197,"longitude":3.86225},{"id":9053,"name":"Sint-Maria-Lierde","latitude":50.81867,"longitude":3.84436},{"id":9054,"name":"Sint-Martens-Latem","latitude":51.01459,"longitude":3.63779},{"id":9055,"name":"Sint-Martens-Lennik","latitude":50.81158,"longitude":4.16965},{"id":9056,"name":"Sint-Niklaas","latitude":51.16509,"longitude":4.1437},{"id":9057,"name":"Sint-Pieters-Leeuw","latitude":50.77926,"longitude":4.24355},{"id":9058,"name":"Sint-Pieters-Voeren","latitude":50.73863,"longitude":5.82224},{"id":9059,"name":"Sint-Truiden","latitude":50.81679,"longitude":5.18647},{"id":9066,"name":"Stabroek","latitude":51.33189,"longitude":4.37127},{"id":9067,"name":"Staden","latitude":50.97456,"longitude":3.01469},{"id":9069,"name":"Steenokkerzeel","latitude":50.91851,"longitude":4.50989},{"id":9070,"name":"Stekene","latitude":51.2099,"longitude":4.03651},{"id":9073,"name":"Temse","latitude":51.12794,"longitude":4.21372},{"id":9075,"name":"Terkoest","latitude":50.89832,"longitude":5.27623},{"id":9076,"name":"Ternat","latitude":50.86654,"longitude":4.16682},{"id":9077,"name":"Tervuren","latitude":50.82372,"longitude":4.51418},{"id":9078,"name":"Tessenderlo","latitude":51.06513,"longitude":5.08856},{"id":9081,"name":"Tielt","latitude":50.99931,"longitude":3.32707},{"id":9082,"name":"Tienen","latitude":50.80745,"longitude":4.9378},{"id":9085,"name":"Tongeren","latitude":50.78054,"longitude":5.46484},{"id":9086,"name":"Torhout","latitude":51.0656,"longitude":3.10085},{"id":9088,"name":"Tremelo","latitude":50.99231,"longitude":4.70807},{"id":9092,"name":"Turnhout","latitude":51.32254,"longitude":4.94471},{"id":9096,"name":"Veurne","latitude":51.07316,"longitude":2.66803},{"id":9100,"name":"Vilvoorde","latitude":50.92814,"longitude":4.42938},{"id":9103,"name":"Vorselaar","latitude":51.20243,"longitude":4.77259},{"id":9104,"name":"Vosselaar","latitude":51.30856,"longitude":4.8896},{"id":9105,"name":"Waarschoot","latitude":51.1525,"longitude":3.605},{"id":9106,"name":"Waasmunster","latitude":51.10572,"longitude":4.08573},{"id":9107,"name":"Wachtebeke","latitude":51.16852,"longitude":3.87183},{"id":9112,"name":"Waregem","latitude":50.88898,"longitude":3.42756},{"id":9118,"name":"Wellen","latitude":50.84096,"longitude":5.33867},{"id":9120,"name":"Wemmel","latitude":50.90812,"longitude":4.30613},{"id":9121,"name":"Wenduine","latitude":51.2983,"longitude":3.08213},{"id":9122,"name":"Wervik","latitude":50.78069,"longitude":3.03854},{"id":9123,"name":"Westerlo","latitude":51.09049,"longitude":4.91544},{"id":9124,"name":"Wetteren","latitude":51.00526,"longitude":3.88341},{"id":9125,"name":"Wevelgem","latitude":50.8,"longitude":3.16667},{"id":9126,"name":"Wezembeek-Oppem","latitude":50.8395,"longitude":4.49427},{"id":9127,"name":"Wichelen","latitude":51.00526,"longitude":3.97683},{"id":9128,"name":"Wielsbeke","latitude":50.9,"longitude":3.36667},{"id":9129,"name":"Wijnegem","latitude":51.22787,"longitude":4.51895},{"id":9130,"name":"Willebroek","latitude":51.06041,"longitude":4.36019},{"id":9131,"name":"Wingene","latitude":51.05782,"longitude":3.27359},{"id":9132,"name":"Wommelgem","latitude":51.20452,"longitude":4.5225},{"id":9133,"name":"Wuustwezel","latitude":51.39214,"longitude":4.59546},{"id":9135,"name":"Zandhoven","latitude":51.21488,"longitude":4.66164},{"id":9136,"name":"Zaventem","latitude":50.88365,"longitude":4.47298},{"id":9137,"name":"Zedelgem","latitude":51.14236,"longitude":3.1368},{"id":9138,"name":"Zeebrugge","latitude":51.32901,"longitude":3.18188},{"id":9139,"name":"Zele","latitude":51.06566,"longitude":4.0403},{"id":9140,"name":"Zelzate","latitude":51.18963,"longitude":3.80777},{"id":9141,"name":"Zemst","latitude":50.98318,"longitude":4.46079},{"id":9142,"name":"Zingem","latitude":50.90409,"longitude":3.65305},{"id":9143,"name":"Zoersel","latitude":51.26825,"longitude":4.71296},{"id":9144,"name":"Zomergem","latitude":51.11994,"longitude":3.56496},{"id":9145,"name":"Zonhoven","latitude":50.99064,"longitude":5.36819},{"id":9146,"name":"Zonnebeke","latitude":50.8726,"longitude":2.98725},{"id":9147,"name":"Zottegem","latitude":50.86955,"longitude":3.81052},{"id":9148,"name":"Zoutleeuw","latitude":50.83316,"longitude":5.10376},{"id":9149,"name":"Zuienkerke","latitude":51.26511,"longitude":3.15506},{"id":9150,"name":"Zulte","latitude":50.91954,"longitude":3.44859},{"id":9151,"name":"Zutendaal","latitude":50.93306,"longitude":5.5753},{"id":9152,"name":"Zwevegem","latitude":50.81268,"longitude":3.33848},{"id":9153,"name":"Zwijndrecht","latitude":51.21979,"longitude":4.32664}]