[{"id":3928,"name":"Alawa","latitude":-12.37954,"longitude":130.8732},{"id":3957,"name":"Alice Springs","latitude":-23.69748,"longitude":133.88362},{"id":3973,"name":"Alyangula","latitude":-13.85413,"longitude":136.42129},{"id":3989,"name":"Anula","latitude":-12.39125,"longitude":130.89047},{"id":3993,"name":"Araluen","latitude":-23.69601,"longitude":133.854},{"id":4067,"name":"Bakewell","latitude":-12.49684,"longitude":130.99344},{"id":4121,"name":"Barkly","latitude":-19.54154,"longitude":134.82364},{"id":4194,"name":"Bellamack","latitude":-12.51707,"longitude":130.98355},{"id":4215,"name":"Belyuen","latitude":-12.53819,"longitude":130.68317},{"id":4241,"name":"Berrimah","latitude":-12.43507,"longitude":130.92606},{"id":4380,"name":"Braitling","latitude":-23.68005,"longitude":133.86877},{"id":4409,"name":"Brinkin","latitude":-12.37057,"longitude":130.86799},{"id":4651,"name":"Central Desert","latitude":-21.07203,"longitude":133.49949},{"id":4761,"name":"Coconut Grove","latitude":-12.39602,"longitude":130.85186},{"id":4814,"name":"Coomalie","latitude":-13.04322,"longitude":131.08427},{"id":4846,"name":"Cossack","latitude":-14.45551,"longitude":132.17482},{"id":4947,"name":"Darwin","latitude":-12.46113,"longitude":130.84185},{"id":4982,"name":"Desert Springs","latitude":-23.71554,"longitude":133.88768},{"id":5027,"name":"Driver","latitude":-12.48602,"longitude":130.97539},{"id":5048,"name":"Durack","latitude":-12.47308,"longitude":130.97208},{"id":5063,"name":"East Arnhem","latitude":-12.66175,"longitude":135.82281},{"id":5094,"name":"East Side","latitude":-23.69195,"longitude":133.8932},{"id":5216,"name":"Fannie Bay","latitude":-12.42275,"longitude":130.83627},{"id":5218,"name":"Farrar","latitude":-12.48028,"longitude":130.9982},{"id":5299,"name":"Galiwinku","latitude":-12.02811,"longitude":135.56486},{"id":5333,"name":"Gillen","latitude":-23.70915,"longitude":133.86596},{"id":5343,"name":"Girraween","latitude":-12.52528,"longitude":131.09566},{"id":5443,"name":"Gray","latitude":-12.49036,"longitude":130.98228},{"id":5482,"name":"Gunbalanya","latitude":-12.32474,"longitude":133.05087},{"id":5486,"name":"Gunn","latitude":-12.48765,"longitude":130.99322},{"id":5581,"name":"Herbert","latitude":-12.53414,"longitude":131.16197},{"id":5640,"name":"Holtze","latitude":-12.4485,"longitude":131.00556},{"id":5658,"name":"Howard Springs","latitude":-12.49576,"longitude":131.04446},{"id":5666,"name":"Humpty Doo","latitude":-12.58406,"longitude":131.13674},{"id":5712,"name":"Jabiru","latitude":-12.67049,"longitude":132.83604},{"id":5738,"name":"Jingili","latitude":-12.38895,"longitude":130.87281},{"id":5739,"name":"Johnston","latitude":-12.48764,"longitude":131.01169},{"id":5784,"name":"Karama","latitude":-12.40219,"longitude":130.916},{"id":5797,"name":"Katherine","latitude":-14.65012,"longitude":132.17414},{"id":5798,"name":"Katherine East","latitude":-14.46597,"longitude":132.28556},{"id":5799,"name":"Katherine South","latitude":-14.46784,"longitude":132.25848},{"id":5975,"name":"Larapinta","latitude":-23.69303,"longitude":133.83137},{"id":5979,"name":"Larrakeyah","latitude":-12.45527,"longitude":130.83172},{"id":5995,"name":"Leanyer","latitude":-12.36667,"longitude":130.9},{"id":6033,"name":"Litchfield","latitude":-12.50228,"longitude":131.12785},{"id":6084,"name":"Ludmilla","latitude":-12.42032,"longitude":130.85506},{"id":6094,"name":"Lyons","latitude":-12.35912,"longitude":130.88852},{"id":6096,"name":"MacDonnell","latitude":-24.42671,"longitude":133.49982},{"id":6133,"name":"Malak","latitude":-12.39288,"longitude":130.90395},{"id":6149,"name":"Maningrida","latitude":-12.0483,"longitude":134.22941},{"id":6191,"name":"Marrara","latitude":-12.40041,"longitude":130.8929},{"id":6287,"name":"Milingimbi","latitude":-12.10188,"longitude":134.91901},{"id":6297,"name":"Millner","latitude":-12.39186,"longitude":130.86252},{"id":6336,"name":"Moil","latitude":-12.3885,"longitude":130.88088},{"id":6403,"name":"Moulden","latitude":-12.50559,"longitude":130.97313},{"id":6472,"name":"Muirhead","latitude":-12.35863,"longitude":130.89352},{"id":6512,"name":"Nakara","latitude":-12.37054,"longitude":130.87728},{"id":6582,"name":"Ngukurr","latitude":-14.73081,"longitude":134.73102},{"id":6585,"name":"Nhulunbuy","latitude":-12.18165,"longitude":136.77841},{"id":6592,"name":"Nightcliff","latitude":-12.38299,"longitude":130.8517},{"id":6769,"name":"Palmerston","latitude":-12.4962,"longitude":130.97797},{"id":6784,"name":"Parap","latitude":-12.43054,"longitude":130.84142},{"id":6964,"name":"Rapid Creek","latitude":-12.38042,"longitude":130.85919},{"id":7056,"name":"Roper Gulf","latitude":-15.30564,"longitude":134.97356},{"id":7061,"name":"Rosebery","latitude":-12.51046,"longitude":130.9878},{"id":7075,"name":"Ross","latitude":-23.74424,"longitude":133.90358},{"id":7103,"name":"Sadadeen","latitude":-23.70399,"longitude":133.90043},{"id":7369,"name":"Stuart Park","latitude":-12.4486,"longitude":130.84249},{"id":7468,"name":"Tennant Creek","latitude":-19.6497,"longitude":134.19147},{"id":7485,"name":"The Gap","latitude":-23.71333,"longitude":133.87386},{"id":7521,"name":"Tiwi","latitude":-12.35876,"longitude":130.878},{"id":7522,"name":"Tiwi Islands","latitude":-11.55324,"longitude":130.78178},{"id":7632,"name":"Victoria Daly","latitude":-15.9292,"longitude":130.76166},{"id":7643,"name":"Virginia","latitude":-12.51895,"longitude":131.02844},{"id":7649,"name":"Wadeye","latitude":-14.23834,"longitude":129.52177},{"id":7650,"name":"Wagait","latitude":-12.44161,"longitude":130.7537},{"id":7651,"name":"Wagaman","latitude":-12.38074,"longitude":130.88538},{"id":7690,"name":"Wanguri","latitude":-12.37129,"longitude":130.88815},{"id":7775,"name":"West Arnhem","latitude":-12.38723,"longitude":133.37935},{"id":7925,"name":"Woodroffe","latitude":-12.50173,"longitude":130.98016},{"id":7958,"name":"Wulagi","latitude":-12.38345,"longitude":130.89543},{"id":7963,"name":"Wurrumiyanga","latitude":-11.76082,"longitude":130.62555},{"id":8031,"name":"Yulara","latitude":-25.2406,"longitude":130.9889},{"id":8036,"name":"Zuccoli","latitude":-12.50727,"longitude":131.00694}]