[{"id":9174,"name":"Garango","latitude":11.8,"longitude":-0.55056},{"id":9187,"name":"Koupéla","latitude":12.17864,"longitude":-0.35103},{"id":9188,"name":"Kouritenga Province","latitude":12.2,"longitude":-0.3},{"id":9195,"name":"Ouargaye","latitude":11.50202,"longitude":0.05886},{"id":9211,"name":"Province du Boulgou","latitude":11.5,"longitude":-0.41667},{"id":9217,"name":"Province du Koulpélogo","latitude":11.41667,"longitude":0.16667},{"id":9242,"name":"Tenkodogo","latitude":11.78,"longitude":-0.36972}]