[{"id":638,"name":"Abra Pampa","latitude":-22.72049,"longitude":-65.69697},{"id":709,"name":"Caimancito","latitude":-23.74069,"longitude":-64.5937},{"id":713,"name":"Calilegua","latitude":-23.77368,"longitude":-64.77002},{"id":862,"name":"Departamento de Cochinoca","latitude":-23.0,"longitude":-65.83333},{"id":965,"name":"Departamento de Rinconada","latitude":-22.5,"longitude":-66.5},{"id":1025,"name":"Departamento de Tumbaya","latitude":-23.71667,"longitude":-65.66667},{"id":1047,"name":"El Aguilar","latitude":-23.21572,"longitude":-65.68005},{"id":1083,"name":"Fraile Pintado","latitude":-23.94079,"longitude":-64.79943},{"id":1147,"name":"Humahuaca","latitude":-23.20544,"longitude":-65.35048},{"id":1155,"name":"Ingenio La Esperanza","latitude":-24.22554,"longitude":-64.83896},{"id":1193,"name":"La Mendieta","latitude":-24.31187,"longitude":-64.96377},{"id":1199,"name":"La Quiaca","latitude":-22.10236,"longitude":-65.59299},{"id":1236,"name":"Libertador General San Martín","latitude":-23.80644,"longitude":-64.78757},{"id":1262,"name":"Maimará","latitude":-23.62392,"longitude":-65.40797},{"id":1310,"name":"Palma Sola","latitude":-23.97771,"longitude":-64.30311},{"id":1313,"name":"Palpalá","latitude":-24.25647,"longitude":-65.21163},{"id":1447,"name":"San Pedro de Jujuy","latitude":-24.23127,"longitude":-64.86614},{"id":1451,"name":"San Salvador de Jujuy","latitude":-24.19457,"longitude":-65.29712},{"id":1455,"name":"Santa Clara","latitude":-24.30921,"longitude":-64.66253},{"id":1503,"name":"Tilcara","latitude":-23.57817,"longitude":-65.39516},{"id":1597,"name":"Yuto","latitude":-23.64342,"longitude":-64.47194}]