[{"id":8459,"name":"Barguna","latitude":22.13333,"longitude":90.13333},{"id":8460,"name":"Barisal","latitude":22.8,"longitude":90.5},{"id":8466,"name":"Bhāndāria","latitude":22.48898,"longitude":90.06273},{"id":8465,"name":"Bhola","latitude":22.36667,"longitude":90.81667},{"id":8471,"name":"Burhānuddin","latitude":22.49518,"longitude":90.72391},{"id":8495,"name":"Gaurnadi","latitude":22.97372,"longitude":90.22376},{"id":8505,"name":"Jhalokati","latitude":22.6,"longitude":90.2},{"id":8526,"name":"Lālmohan","latitude":22.33774,"longitude":90.73708},{"id":8532,"name":"Mathba","latitude":22.28616,"longitude":89.95883},{"id":8535,"name":"Mehendiganj","latitude":22.82257,"longitude":90.52859},{"id":8556,"name":"Nālchiti","latitude":22.63696,"longitude":90.27195},{"id":8565,"name":"Patuakhali","latitude":22.33333,"longitude":90.33333},{"id":8567,"name":"Pirojpur","latitude":22.53671,"longitude":90.00033}]