[{"id":637,"name":"28 de Noviembre","latitude":-51.5839,"longitude":-72.21382},{"id":711,"name":"Caleta Olivia","latitude":-46.43929,"longitude":-67.52814},{"id":786,"name":"Comandante Luis Piedra Buena","latitude":-49.98513,"longitude":-68.91467},{"id":874,"name":"Departamento de Deseado","latitude":-47.33333,"longitude":-67.83333},{"id":906,"name":"Departamento de Güer Aike","latitude":-51.33333,"longitude":-70.33333},{"id":922,"name":"Departamento de Lago Argentino","latitude":-49.75,"longitude":-72.0},{"id":935,"name":"Departamento de Magallanes","latitude":-48.75,"longitude":-68.5},{"id":972,"name":"Departamento de Río Chico","latitude":-48.25,"longitude":-71.0},{"id":1051,"name":"El Calafate","latitude":-50.34075,"longitude":-72.27682},{"id":1116,"name":"Gobernador Gregores","latitude":-48.75057,"longitude":-70.24741},{"id":1220,"name":"Las Heras","latitude":-46.54186,"longitude":-68.93593},{"id":1244,"name":"Los Antiguos","latitude":-46.54972,"longitude":-71.63086},{"id":1326,"name":"Perito Moreno","latitude":-46.58995,"longitude":-70.92975},{"id":1329,"name":"Pico Truncado","latitude":-46.7949,"longitude":-67.95731},{"id":1352,"name":"Puerto Deseado","latitude":-47.75034,"longitude":-65.89382},{"id":1362,"name":"Puerto Santa Cruz","latitude":-50.0191,"longitude":-68.52321},{"id":1391,"name":"Río Gallegos","latitude":-51.62261,"longitude":-69.21813},{"id":1397,"name":"Río Turbio","latitude":-51.53587,"longitude":-72.33673},{"id":1434,"name":"San Julián","latitude":-49.30554,"longitude":-67.72743},{"id":1593,"name":"Yacimiento Río Turbio","latitude":-51.57321,"longitude":-72.3508}]