[{"id":652,"name":"Alpachiri","latitude":-37.37704,"longitude":-63.77445},{"id":654,"name":"Alta Italia","latitude":-35.3335,"longitude":-64.11496},{"id":662,"name":"Anguil","latitude":-36.52567,"longitude":-64.01025},{"id":666,"name":"Arata","latitude":-35.63895,"longitude":-64.35621},{"id":692,"name":"Bernardo Larroudé","latitude":-35.02449,"longitude":-63.58253},{"id":694,"name":"Bernasconi","latitude":-37.90459,"longitude":-63.7424},{"id":712,"name":"Caleufú","latitude":-35.59559,"longitude":-64.55778},{"id":740,"name":"Catriló","latitude":-36.40597,"longitude":-63.42168},{"id":775,"name":"Colonia Barón","latitude":-36.15152,"longitude":-63.85404},{"id":843,"name":"Departamento de Caleu-Caleu","latitude":-38.58333,"longitude":-64.0},{"id":1021,"name":"Departamento de Toay","latitude":-36.58333,"longitude":-64.8},{"id":1041,"name":"Doblas","latitude":-37.14967,"longitude":-64.01183},{"id":1046,"name":"Eduardo Castex","latitude":-35.91501,"longitude":-64.29448},{"id":1065,"name":"Embajador Martini","latitude":-35.38633,"longitude":-64.28092},{"id":1094,"name":"General Acha","latitude":-37.37698,"longitude":-64.60431},{"id":1107,"name":"General Manuel J. Campos","latitude":-37.46025,"longitude":-63.58537},{"id":1108,"name":"General Pico","latitude":-35.65662,"longitude":-63.75682},{"id":1113,"name":"General San Martín","latitude":-37.97904,"longitude":-63.60449},{"id":1130,"name":"Guatraché","latitude":-37.66776,"longitude":-63.53021},{"id":1153,"name":"Ingeniero Luiggi","latitude":-35.38585,"longitude":-64.46519},{"id":1157,"name":"Intendente Alvear","latitude":-35.23383,"longitude":-63.59205},{"id":1164,"name":"Jacinto Arauz","latitude":-38.08606,"longitude":-63.43169},{"id":1175,"name":"La Adela","latitude":-38.98333,"longitude":-64.08333},{"id":1192,"name":"La Maruja","latitude":-35.6736,"longitude":-64.93997},{"id":1240,"name":"Lonquimay","latitude":-36.46546,"longitude":-63.62429},{"id":1259,"name":"Macachín","latitude":-37.13598,"longitude":-63.6665},{"id":1281,"name":"Miguel Riglos","latitude":-36.85398,"longitude":-63.68842},{"id":1320,"name":"Parera","latitude":-35.146,"longitude":-64.50089},{"id":1367,"name":"Quemú Quemú","latitude":-36.05463,"longitude":-63.56428},{"id":1373,"name":"Rancul","latitude":-35.06862,"longitude":-64.68107},{"id":1375,"name":"Realicó","latitude":-35.03658,"longitude":-64.2447},{"id":1459,"name":"Santa Isabel","latitude":-36.22724,"longitude":-66.9424},{"id":1465,"name":"Santa Rosa","latitude":-36.61667,"longitude":-64.28333},{"id":1500,"name":"Telén","latitude":-36.26429,"longitude":-65.51018},{"id":1513,"name":"Trenel","latitude":-35.69837,"longitude":-64.13218},{"id":1523,"name":"Uriburu","latitude":-36.50682,"longitude":-63.86225},{"id":1527,"name":"Veinticinco de Mayo","latitude":-37.7741,"longitude":-67.71638},{"id":1534,"name":"Victorica","latitude":-36.21505,"longitude":-65.43586},{"id":1592,"name":"Winifreda","latitude":-36.22643,"longitude":-64.23388}]