[{"id":10151,"name":"Alta Floresta d'Oeste","latitude":-12.47107,"longitude":-62.13705},{"id":10164,"name":"Alto Alegre dos Parecis","latitude":-12.75601,"longitude":-61.97971},{"id":10176,"name":"Alto Paraíso","latitude":-9.65996,"longitude":-63.58719},{"id":10196,"name":"Alvorada d'Oeste","latitude":-11.29925,"longitude":-62.50152},{"id":10396,"name":"Ariquemes","latitude":-9.91333,"longitude":-63.04083},{"id":10834,"name":"Buritis","latitude":-10.09215,"longitude":-63.96964},{"id":10851,"name":"Cabixi","latitude":-13.51083,"longitude":-60.60257},{"id":10859,"name":"Cacaulândia","latitude":-10.32583,"longitude":-63.14953},{"id":10885,"name":"Cacoal","latitude":-11.43861,"longitude":-61.44722},{"id":11000,"name":"Campo Novo de Rondônia","latitude":-10.48146,"longitude":-63.85192},{"id":11035,"name":"Candeias do Jamari","latitude":-8.94512,"longitude":-63.35731},{"id":11186,"name":"Castanheiras","latitude":-11.42661,"longitude":-61.88918},{"id":11244,"name":"Cerejeiras","latitude":-13.18319,"longitude":-61.47518},{"id":11282,"name":"Chupinguaia","latitude":-12.6724,"longitude":-60.92622},{"id":11331,"name":"Colorado do Oeste","latitude":-13.08252,"longitude":-60.49419},{"id":11441,"name":"Corumbiara","latitude":-12.87592,"longitude":-61.11993},{"id":11448,"name":"Costa Marques","latitude":-12.06168,"longitude":-64.07323},{"id":11511,"name":"Cujubim","latitude":-8.97819,"longitude":-62.44252},{"id":11735,"name":"Espigão d'Oeste","latitude":-11.46622,"longitude":-60.69924},{"id":11766,"name":"Extrema","latitude":-9.77136,"longitude":-66.35583},{"id":11984,"name":"Governador Jorge Teixeira","latitude":-10.78462,"longitude":-63.04433},{"id":12019,"name":"Guajará Mirim","latitude":-10.78356,"longitude":-65.33552},{"id":12020,"name":"Guajará-Mirim","latitude":-11.33108,"longitude":-64.44095},{"id":12439,"name":"Itapuã do Oeste","latitude":-9.03389,"longitude":-63.23215},{"id":12596,"name":"Jaru","latitude":-10.43889,"longitude":-62.46639},{"id":12629,"name":"Ji Paraná","latitude":-10.88528,"longitude":-61.95167},{"id":12630,"name":"Ji-Paraná","latitude":-10.83398,"longitude":-61.96014},{"id":12899,"name":"Machadinho d'Oeste","latitude":-9.23953,"longitude":-62.11241},{"id":13128,"name":"Ministro Andreazza","latitude":-11.16029,"longitude":-61.56897},{"id":13146,"name":"Mirante da Serra","latitude":-11.13706,"longitude":-62.86154},{"id":13207,"name":"Monte Negro","latitude":-10.3045,"longitude":-63.35402},{"id":13360,"name":"Nova Brasilândia d'Oeste","latitude":-11.49111,"longitude":-62.16495},{"id":13401,"name":"Nova Mamoré","latitude":-10.53837,"longitude":-64.49429},{"id":13442,"name":"Nova União","latitude":-10.94938,"longitude":-62.51087},{"id":13464,"name":"Novo Horizonte do Oeste","latitude":-11.70769,"longitude":-62.07989},{"id":13543,"name":"Ouro Preto do Oeste","latitude":-10.74806,"longitude":-62.21583},{"id":13669,"name":"Parecis","latitude":-12.28659,"longitude":-61.31662},{"id":13845,"name":"Pimenta Bueno","latitude":-11.6725,"longitude":-61.19361},{"id":13847,"name":"Pimenteiras do Oeste","latitude":-13.01273,"longitude":-61.73762},{"id":14019,"name":"Porto Velho","latitude":-9.20787,"longitude":-64.31064},{"id":14124,"name":"Pôsto Fiscal Rolim de Moura","latitude":-13.08271,"longitude":-62.27726},{"id":14091,"name":"Presidente Médici","latitude":-11.18523,"longitude":-61.94072},{"id":14102,"name":"Primavera de Rondônia","latitude":-11.92939,"longitude":-61.30611},{"id":14271,"name":"Rio Crespo","latitude":-9.7188,"longitude":-62.74641},{"id":14336,"name":"Rolim de Moura","latitude":-11.7526,"longitude":-61.78967},{"id":14493,"name":"Santa Luzia d'Oeste","latitude":-12.10467,"longitude":-61.7944},{"id":14876,"name":"São Felipe d'Oeste","latitude":-11.89774,"longitude":-61.47739},{"id":14893,"name":"São Francisco do Guaporé","latitude":-12.38313,"longitude":-63.12648},{"id":15091,"name":"São Miguel do Guaporé","latitude":-11.70783,"longitude":-62.93532},{"id":14718,"name":"Seringueiras","latitude":-11.92491,"longitude":-63.18938},{"id":15269,"name":"Teixeirópolis","latitude":-10.99266,"longitude":-62.24735},{"id":15302,"name":"Theobroma","latitude":-10.10159,"longitude":-62.28094},{"id":15482,"name":"Urupá","latitude":-11.07917,"longitude":-62.38127},{"id":15494,"name":"Vale do Anari","latitude":-9.73244,"longitude":-61.93919},{"id":15495,"name":"Vale do Paraíso","latitude":-10.20652,"longitude":-62.06993},{"id":15579,"name":"Vilhena","latitude":-12.02062,"longitude":-60.27526}]