[{"id":10077,"name":"Acorizal","latitude":-15.17336,"longitude":-56.30434},{"id":15649,"name":"Água Boa","latitude":-14.13584,"longitude":-52.49093},{"id":10150,"name":"Alta Floresta","latitude":-9.87556,"longitude":-56.08611},{"id":10165,"name":"Alto Araguaia","latitude":-17.48438,"longitude":-53.40594},{"id":10167,"name":"Alto Boa Vista","latitude":-11.82825,"longitude":-51.74596},{"id":10170,"name":"Alto Garças","latitude":-16.81961,"longitude":-53.62461},{"id":10174,"name":"Alto Paraguai","latitude":-14.76851,"longitude":-56.72113},{"id":10184,"name":"Alto Taquari","latitude":-17.76618,"longitude":-53.2801},{"id":10293,"name":"Apiacás","latitude":-9.03962,"longitude":-57.75949},{"id":10319,"name":"Araguaiana","latitude":-15.73389,"longitude":-51.83139},{"id":10320,"name":"Araguainha","latitude":-16.78427,"longitude":-53.07981},{"id":10343,"name":"Araputanga","latitude":-15.17477,"longitude":-58.49729},{"id":10390,"name":"Arenápolis","latitude":-14.45028,"longitude":-56.84611},{"id":10395,"name":"Aripuanã","latitude":-9.16667,"longitude":-60.63333},{"id":10575,"name":"Barão de Melgaço","latitude":-16.19444,"longitude":-55.9675},{"id":10531,"name":"Barra do Bugres","latitude":-15.0725,"longitude":-57.18111},{"id":10535,"name":"Barra do Garças","latitude":-15.89,"longitude":-52.25667},{"id":10709,"name":"Bom Jesus do Araguaia","latitude":-12.27879,"longitude":-51.75156},{"id":10775,"name":"Brasnorte","latitude":-12.24899,"longitude":-58.00289},{"id":11542,"name":"Cáceres","latitude":-16.42263,"longitude":-57.71082},{"id":10975,"name":"Campinápolis","latitude":-14.30712,"longitude":-53.15586},{"id":11001,"name":"Campo Novo do Parecis","latitude":-13.62657,"longitude":-58.02125},{"id":11004,"name":"Campo Verde","latitude":-15.37926,"longitude":-54.9295},{"id":11017,"name":"Campos de Júlio","latitude":-13.63297,"longitude":-59.17849},{"id":11022,"name":"CanaBrava do Norte","latitude":-11.18113,"longitude":-51.86378},{"id":11026,"name":"Canarana","latitude":-13.17747,"longitude":-52.37104},{"id":11137,"name":"Carlinda","latitude":-10.03792,"longitude":-55.85086},{"id":11185,"name":"Castanheira","latitude":-10.87932,"longitude":-58.651},{"id":11264,"name":"Chapada dos Guimarães","latitude":-15.02015,"longitude":-55.53735},{"id":11301,"name":"Cláudia","latitude":-11.45086,"longitude":-54.99828},{"id":11310,"name":"Cocalinho","latitude":-13.80273,"longitude":-51.15344},{"id":11333,"name":"Colíder","latitude":-10.56333,"longitude":-55.44573},{"id":11327,"name":"Colniza","latitude":-9.29188,"longitude":-60.30457},{"id":11343,"name":"Comodoro","latitude":-13.32583,"longitude":-59.82145},{"id":11376,"name":"Confresa","latitude":-10.30959,"longitude":-51.73651},{"id":11383,"name":"Conquista D'oeste","latitude":-14.61506,"longitude":-59.26741},{"id":11454,"name":"Cotriguaçu","latitude":-9.50334,"longitude":-58.79134},{"id":11507,"name":"Cuiabá","latitude":-15.41924,"longitude":-55.89023},{"id":11539,"name":"Curvelândia","latitude":-15.63715,"longitude":-57.84548},{"id":11572,"name":"Denise","latitude":-14.75742,"longitude":-56.95115},{"id":11589,"name":"Diamantino","latitude":-14.02239,"longitude":-56.77742},{"id":11622,"name":"Dom Aquino","latitude":-15.72098,"longitude":-54.83043},{"id":11800,"name":"Feliz Natal","latitude":-11.93599,"longitude":-54.23925},{"id":11819,"name":"Figueirópolis d'Oeste","latitude":-15.487,"longitude":-58.69723},{"id":11932,"name":"Gaúcha do Norte","latitude":-12.99365,"longitude":-53.52264},{"id":11935,"name":"General Carneiro","latitude":-15.51539,"longitude":-53.2979},{"id":11951,"name":"Glória d'Oeste","latitude":-15.91309,"longitude":-58.30449},{"id":12049,"name":"Guarantã do Norte","latitude":-9.75597,"longitude":-54.7289},{"id":12083,"name":"Guiratinga","latitude":-16.34534,"longitude":-53.76177},{"id":12242,"name":"Indiavaí","latitude":-15.31484,"longitude":-58.6296},{"id":12277,"name":"Ipiranga do Norte","latitude":-12.24,"longitude":-56.14},{"id":12391,"name":"Itanhangá","latitude":-12.17,"longitude":-56.68},{"id":12470,"name":"Itaúba","latitude":-11.09537,"longitude":-55.58848},{"id":12475,"name":"Itiquira","latitude":-17.39441,"longitude":-54.76988},{"id":12524,"name":"Jaciara","latitude":-15.96528,"longitude":-54.96833},{"id":12562,"name":"Jangada","latitude":-15.33758,"longitude":-56.54282},{"id":12606,"name":"Jauru","latitude":-15.32452,"longitude":-58.8458},{"id":12668,"name":"Juara","latitude":-11.09828,"longitude":-57.49159},{"id":12715,"name":"Juína","latitude":-11.40329,"longitude":-59.5081},{"id":12701,"name":"Juruena","latitude":-10.28992,"longitude":-58.65303},{"id":12704,"name":"Juscimeira","latitude":-16.20525,"longitude":-54.88029},{"id":12789,"name":"Lambari d'Oeste","latitude":-15.65457,"longitude":-57.78813},{"id":12856,"name":"Lucas","latitude":-16.33333,"longitude":-55.93333},{"id":12857,"name":"Lucas do Rio Verde","latitude":-13.04098,"longitude":-56.15577},{"id":12860,"name":"Luciara","latitude":-11.01415,"longitude":-50.94299},{"id":12993,"name":"Marcelândia","latitude":-11.00372,"longitude":-54.13318},{"id":13074,"name":"Matupá","latitude":-10.01532,"longitude":-54.35496},{"id":13150,"name":"Mirassol d'Oeste","latitude":-15.63523,"longitude":-58.00508},{"id":13332,"name":"Nobres","latitude":-14.72028,"longitude":-56.3275},{"id":13335,"name":"Nortelândia","latitude":-14.45472,"longitude":-56.80278},{"id":13342,"name":"Nossa Senhora do Livramento","latitude":-15.93447,"longitude":-56.5459},{"id":13355,"name":"Nova Bandeirantes","latitude":-9.68571,"longitude":-58.0184},{"id":13359,"name":"Nova Brasilândia","latitude":-14.75742,"longitude":-55.10534},{"id":13365,"name":"Nova Canaã do Norte","latitude":-10.71987,"longitude":-56.03436},{"id":13385,"name":"Nova Guarita","latitude":-10.28525,"longitude":-55.3373},{"id":13396,"name":"Nova Lacerda","latitude":-14.26732,"longitude":-59.7928},{"id":13402,"name":"Nova Marilândia","latitude":-14.31258,"longitude":-57.26088},{"id":13403,"name":"Nova Maringá","latitude":-12.98384,"longitude":-57.19167},{"id":13404,"name":"Nova Monte Verde","latitude":-9.99743,"longitude":-57.29768},{"id":13405,"name":"Nova Mutum","latitude":-13.58906,"longitude":-56.15193},{"id":13407,"name":"Nova Nazaré","latitude":-14.14648,"longitude":-51.79821},{"id":13414,"name":"Nova Olímpia","latitude":-14.79722,"longitude":-57.28806},{"id":13432,"name":"Nova Santa Helena","latitude":-10.92036,"longitude":-54.90636},{"id":13441,"name":"Nova Ubiratã","latitude":-12.68233,"longitude":-54.47729},{"id":13448,"name":"Nova Xavantina","latitude":-14.66463,"longitude":-52.35558},{"id":13463,"name":"Novo Horizonte do Norte","latitude":-11.37917,"longitude":-57.28359},{"id":13470,"name":"Novo Mundo","latitude":-9.83661,"longitude":-55.31349},{"id":13478,"name":"Novo Santo Antônio","latitude":-12.32606,"longitude":-50.91431},{"id":13479,"name":"Novo São Joaquim","latitude":-15.0957,"longitude":-53.29575},{"id":13646,"name":"Paranaíta","latitude":-9.56371,"longitude":-56.76536},{"id":13643,"name":"Paranatinga","latitude":-13.34326,"longitude":-54.01552},{"id":13757,"name":"Pedra Preta","latitude":-16.76381,"longitude":-54.16343},{"id":13789,"name":"Peixoto de Azevedo","latitude":-10.14722,"longitude":-53.58639},{"id":13942,"name":"Planalto da Serra","latitude":-14.56524,"longitude":-54.67771},{"id":13947,"name":"Poconé","latitude":-16.25667,"longitude":-56.62278},{"id":13961,"name":"Pontal do Araguaia","latitude":-15.96755,"longitude":-52.75421},{"id":13969,"name":"Ponte Branca","latitude":-16.6505,"longitude":-52.90238},{"id":13974,"name":"Pontes e Lacerda","latitude":-15.22611,"longitude":-59.33528},{"id":13995,"name":"Porto Alegre do Norte","latitude":-10.85081,"longitude":-51.76934},{"id":14028,"name":"Porto dos Gaúchos","latitude":-11.76043,"longitude":-56.85721},{"id":14002,"name":"Porto Esperidião","latitude":-15.88622,"longitude":-58.97107},{"id":14003,"name":"Porto Estrela","latitude":-15.51966,"longitude":-57.22942},{"id":14042,"name":"Poxoréo","latitude":-15.83722,"longitude":-54.38917},{"id":14043,"name":"Poxoréu","latitude":-15.75635,"longitude":-54.11866},{"id":14103,"name":"Primavera do Leste","latitude":-15.14064,"longitude":-54.19501},{"id":14145,"name":"Querência","latitude":-12.3212,"longitude":-52.5476},{"id":14200,"name":"Reserva do Cabaçal","latitude":-14.92946,"longitude":-58.45849},{"id":14239,"name":"Ribeirão Cascalheira","latitude":-12.73516,"longitude":-51.71456},{"id":14252,"name":"Ribeirãozinho","latitude":-16.50143,"longitude":-52.7591},{"id":14264,"name":"Rio Branco","latitude":-15.31117,"longitude":-58.1245},{"id":14343,"name":"Rondolândia","latitude":-10.27573,"longitude":-61.06224},{"id":14346,"name":"Rondonópolis","latitude":-16.47083,"longitude":-54.63556},{"id":14351,"name":"Rosário Oeste","latitude":-14.83611,"longitude":-56.4275},{"id":14400,"name":"Salto do Céu","latitude":-15.13439,"longitude":-57.95902},{"id":14431,"name":"Santa Carmem","latitude":-11.90602,"longitude":-54.80769},{"id":14457,"name":"Santa Cruz do Xingu","latitude":-10.15595,"longitude":-52.49799},{"id":14539,"name":"Santa Rita do Trivelato","latitude":-13.71416,"longitude":-55.40171},{"id":14560,"name":"Santa Terezinha","latitude":-10.39138,"longitude":-50.83261},{"id":14602,"name":"Santo Afonso","latitude":-14.46134,"longitude":-57.38575},{"id":14631,"name":"Santo Antônio do Leste","latitude":-14.82454,"longitude":-53.74136},{"id":14632,"name":"Santo Antônio do Leverger","latitude":-16.78576,"longitude":-55.31327},{"id":14902,"name":"São Félix do Araguaia","latitude":-11.4423,"longitude":-52.13916},{"id":14982,"name":"São José do Povo","latitude":-16.44547,"longitude":-54.28499},{"id":14983,"name":"São José do Rio Claro","latitude":-13.52704,"longitude":-56.85065},{"id":14990,"name":"São José do Xingu","latitude":-10.72794,"longitude":-52.62112},{"id":14996,"name":"São José dos Quatro Marcos","latitude":-15.56664,"longitude":-58.29717},{"id":15109,"name":"São Pedro da Cipa","latitude":-15.95162,"longitude":-54.77958},{"id":14657,"name":"Sapezal","latitude":-13.16448,"longitude":-58.68788},{"id":14731,"name":"Serra Nova Dourada","latitude":-12.02901,"longitude":-51.33412},{"id":14791,"name":"Sinop","latitude":-11.86417,"longitude":-55.5025},{"id":14812,"name":"Sorriso","latitude":-12.68167,"longitude":-55.69953},{"id":15182,"name":"Tabaporã","latitude":-11.05295,"longitude":-56.64189},{"id":15217,"name":"Tangará da Serra","latitude":-14.52323,"longitude":-58.09862},{"id":15239,"name":"Tapurah","latitude":-12.7426,"longitude":-56.46149},{"id":15293,"name":"Terra Nova do Norte","latitude":-10.49541,"longitude":-54.95547},{"id":15299,"name":"Tesouro","latitude":-15.94904,"longitude":-53.43342},{"id":15338,"name":"Torixoréu","latitude":-16.27591,"longitude":-52.88117},{"id":15462,"name":"União do Sul","latitude":-11.47198,"longitude":-54.18806},{"id":15493,"name":"Vale de São Domingos","latitude":-14.9759,"longitude":-58.96377},{"id":15618,"name":"Várzea Grande","latitude":-15.56582,"longitude":-56.24391},{"id":15531,"name":"Vera","latitude":-12.46612,"longitude":-55.3481},{"id":15565,"name":"Vila Bela da Santíssima Trindade","latitude":-14.89148,"longitude":-60.05777},{"id":15576,"name":"Vila Rica","latitude":-10.13413,"longitude":-51.41369}]