[{"id":282,"name":"Abovyan","latitude":40.04851,"longitude":44.54742},{"id":307,"name":"Aralez","latitude":39.90008,"longitude":44.6557},{"id":309,"name":"Ararat","latitude":39.83069,"longitude":44.70569},{"id":314,"name":"Arevabuyr","latitude":40.03607,"longitude":44.46948},{"id":319,"name":"Arevshat","latitude":40.03963,"longitude":44.54179},{"id":324,"name":"Armash","latitude":39.76672,"longitude":44.8111},{"id":328,"name":"Artashat","latitude":39.96144,"longitude":44.54447},{"id":337,"name":"Avshar","latitude":39.85553,"longitude":44.65832},{"id":338,"name":"Aygavan","latitude":39.87327,"longitude":44.66984},{"id":341,"name":"Aygepat","latitude":39.95845,"longitude":44.59981},{"id":343,"name":"Aygestan","latitude":40.00293,"longitude":44.55829},{"id":344,"name":"Aygezard","latitude":39.95436,"longitude":44.60229},{"id":351,"name":"Bardzrashen","latitude":40.08533,"longitude":44.57957},{"id":356,"name":"Berk’anush","latitude":39.9779,"longitude":44.51672},{"id":359,"name":"Burastan","latitude":39.99157,"longitude":44.49681},{"id":362,"name":"Byuravan","latitude":40.01604,"longitude":44.51889},{"id":366,"name":"Dalar","latitude":39.97653,"longitude":44.52649},{"id":368,"name":"Darakert","latitude":40.10553,"longitude":44.41388},{"id":370,"name":"Dashtavan","latitude":40.1001,"longitude":44.39172},{"id":373,"name":"Dimitrov","latitude":40.00848,"longitude":44.4917},{"id":377,"name":"Dvin","latitude":40.01984,"longitude":44.58376},{"id":395,"name":"Getazat","latitude":40.03844,"longitude":44.56369},{"id":396,"name":"Ghukasavan","latitude":40.12793,"longitude":44.41669},{"id":401,"name":"Goravan","latitude":39.90832,"longitude":44.73328},{"id":409,"name":"Hayanist","latitude":40.12231,"longitude":44.37793},{"id":415,"name":"Hovtashat","latitude":40.09729,"longitude":44.34448},{"id":416,"name":"Hovtashen","latitude":40.02508,"longitude":44.45007},{"id":421,"name":"Jrahovit","latitude":40.0473,"longitude":44.4751},{"id":449,"name":"Lusarrat","latitude":39.87403,"longitude":44.58678},{"id":455,"name":"Marmarashen","latitude":40.05829,"longitude":44.47229},{"id":458,"name":"Masis","latitude":40.06542,"longitude":44.41618},{"id":472,"name":"Mrganush","latitude":40.02857,"longitude":44.55831},{"id":475,"name":"Mrgavan","latitude":39.97251,"longitude":44.53565},{"id":476,"name":"Mrgavet","latitude":40.02789,"longitude":44.48328},{"id":482,"name":"Nizami","latitude":40.09168,"longitude":44.4057},{"id":487,"name":"Norabats’","latitude":40.10553,"longitude":44.43329},{"id":489,"name":"Noramarg","latitude":40.02228,"longitude":44.42511},{"id":491,"name":"Norashen","latitude":40.0013,"longitude":44.59296},{"id":493,"name":"Noyakert","latitude":39.83069,"longitude":44.66949},{"id":495,"name":"Nshavan","latitude":40.02787,"longitude":44.52565},{"id":513,"name":"Sayat’-Nova","latitude":40.07507,"longitude":44.40008},{"id":516,"name":"Shahumyan","latitude":39.94171,"longitude":44.57233},{"id":525,"name":"Sis","latitude":40.05829,"longitude":44.38892},{"id":526,"name":"Sisavan","latitude":39.90802,"longitude":44.66721},{"id":531,"name":"Surenavan","latitude":39.79449,"longitude":44.77508},{"id":560,"name":"Vedi","latitude":39.91388,"longitude":44.7251},{"id":561,"name":"Verin Artashat","latitude":39.99731,"longitude":44.58893},{"id":562,"name":"Verin Dvin","latitude":40.02434,"longitude":44.59038},{"id":568,"name":"Vosketap’","latitude":39.88114,"longitude":44.64917},{"id":571,"name":"Vostan","latitude":39.96515,"longitude":44.55937},{"id":574,"name":"Yeghegnavan","latitude":39.83893,"longitude":44.61951},{"id":582,"name":"Zangakatun","latitude":39.82233,"longitude":45.04169},{"id":585,"name":"Zorak","latitude":40.09168,"longitude":44.39447}]