[{"id":9265,"name":"Bansko","latitude":41.8383,"longitude":23.48851},{"id":9270,"name":"Belitsa","latitude":41.95694,"longitude":23.5725},{"id":9275,"name":"Blagoevgrad","latitude":42.01667,"longitude":23.1},{"id":9329,"name":"Garmen","latitude":41.6,"longitude":23.81667},{"id":9335,"name":"Gotse Delchev","latitude":41.56667,"longitude":23.73333},{"id":9341,"name":"Hadzhidimovo","latitude":41.52222,"longitude":23.86861},{"id":9368,"name":"Kolarovo","latitude":41.36385,"longitude":23.10669},{"id":9374,"name":"Kresna","latitude":41.73333,"longitude":23.15},{"id":9422,"name":"Obshtina Bansko","latitude":41.8,"longitude":23.6},{"id":9425,"name":"Obshtina Belitsa","latitude":42.01667,"longitude":23.58333},{"id":9429,"name":"Obshtina Blagoevgrad","latitude":42.01667,"longitude":23.16667},{"id":9476,"name":"Obshtina Garmen","latitude":41.7,"longitude":23.85},{"id":9482,"name":"Obshtina Gotse Delchev","latitude":41.63333,"longitude":23.68333},{"id":9511,"name":"Obshtina Kresna","latitude":41.76667,"longitude":23.23333},{"id":9555,"name":"Obshtina Petrich","latitude":41.45,"longitude":23.16667},{"id":9571,"name":"Obshtina Razlog","latitude":41.95,"longitude":23.46667},{"id":9582,"name":"Obshtina Sandanski","latitude":41.56667,"longitude":23.45},{"id":9584,"name":"Obshtina Satovcha","latitude":41.59848,"longitude":24.00781},{"id":9589,"name":"Obshtina Simitli","latitude":41.88333,"longitude":23.16667},{"id":9603,"name":"Obshtina Strumyani","latitude":41.63333,"longitude":23.2},{"id":9633,"name":"Obshtina Yakoruda","latitude":42.08333,"longitude":23.7},{"id":9653,"name":"Petrich","latitude":41.39846,"longitude":23.20702},{"id":9670,"name":"Razlog","latitude":41.8863,"longitude":23.46714},{"id":9681,"name":"Sandanski","latitude":41.56667,"longitude":23.28333},{"id":9686,"name":"Satovcha","latitude":41.61667,"longitude":23.98333},{"id":9694,"name":"Simitli","latitude":41.88333,"longitude":23.11667},{"id":9705,"name":"Stara Kresna","latitude":41.8,"longitude":23.18333},{"id":9711,"name":"Strumyani","latitude":41.63333,"longitude":23.2},{"id":9745,"name":"Yakoruda","latitude":42.02528,"longitude":23.68417}]