[{"id":16177,"name":"Assiniboia","latitude":49.63336,"longitude":-105.98446},{"id":16217,"name":"Biggar","latitude":52.0668,"longitude":-108.00135},{"id":16268,"name":"Canora","latitude":51.63328,"longitude":-102.43425},{"id":16282,"name":"Carlyle","latitude":49.63334,"longitude":-102.26765},{"id":16353,"name":"Dalmeny","latitude":52.33339,"longitude":-106.76792},{"id":16410,"name":"Esterhazy","latitude":50.65001,"longitude":-102.08426},{"id":16411,"name":"Estevan","latitude":49.13337,"longitude":-102.98422},{"id":16424,"name":"Foam Lake","latitude":51.65001,"longitude":-103.53431},{"id":16469,"name":"Gravelbourg","latitude":49.88336,"longitude":-106.55122},{"id":16512,"name":"Hudson Bay","latitude":52.85003,"longitude":-102.38425},{"id":16513,"name":"Humboldt","latitude":52.20005,"longitude":-105.1255},{"id":16519,"name":"Indian Head","latitude":50.53336,"longitude":-103.66775},{"id":16532,"name":"Kamsack","latitude":51.56668,"longitude":-101.90093},{"id":16540,"name":"Kerrobert","latitude":51.91682,"longitude":-109.13479},{"id":16547,"name":"Kindersley","latitude":51.46681,"longitude":-109.16818},{"id":16570,"name":"La Ronge","latitude":55.10013,"longitude":-105.28422},{"id":16594,"name":"Langenburg","latitude":50.84999,"longitude":-101.71763},{"id":16596,"name":"Langham","latitude":52.3668,"longitude":-106.96793},{"id":16598,"name":"Lanigan","latitude":51.85006,"longitude":-105.03443},{"id":16636,"name":"Lumsden","latitude":50.65009,"longitude":-104.86783},{"id":16642,"name":"Macklin","latitude":52.33344,"longitude":-109.93484},{"id":16655,"name":"Maple Creek","latitude":49.91678,"longitude":-109.48481},{"id":16663,"name":"Martensville","latitude":52.28339,"longitude":-106.66792},{"id":16673,"name":"Meadow Lake","latitude":54.13348,"longitude":-108.43471},{"id":16676,"name":"Melfort","latitude":52.86673,"longitude":-104.61768},{"id":16679,"name":"Melville","latitude":50.91671,"longitude":-102.80099},{"id":16713,"name":"Moose Jaw","latitude":50.40005,"longitude":-105.53445},{"id":16715,"name":"Moosomin","latitude":50.13332,"longitude":-101.66766},{"id":16747,"name":"Nipawin","latitude":53.36678,"longitude":-104.00092},{"id":16755,"name":"North Battleford","latitude":52.77972,"longitude":-108.2967},{"id":16788,"name":"Outlook","latitude":51.50008,"longitude":-107.05128},{"id":16790,"name":"Oxbow","latitude":49.23335,"longitude":-102.1676},{"id":16807,"name":"Pelican Narrows","latitude":55.16685,"longitude":-102.9341},{"id":16823,"name":"Pilot Butte","latitude":50.46678,"longitude":-104.41778},{"id":16852,"name":"Preeceville","latitude":51.94998,"longitude":-102.66766},{"id":16854,"name":"Prince Albert","latitude":53.20008,"longitude":-105.76772},{"id":16875,"name":"Regina","latitude":50.45008,"longitude":-104.6178},{"id":16876,"name":"Regina Beach","latitude":50.78338,"longitude":-105.00112},{"id":16903,"name":"Rosetown","latitude":51.5501,"longitude":-108.00136},{"id":16905,"name":"Rosthern","latitude":52.66679,"longitude":-106.33446},{"id":17021,"name":"Saskatoon","latitude":52.13238,"longitude":-106.66892},{"id":17031,"name":"Shaunavon","latitude":49.65005,"longitude":-108.4181},{"id":17038,"name":"Shellbrook","latitude":53.21679,"longitude":-106.40109},{"id":17094,"name":"Swift Current","latitude":50.28337,"longitude":-107.80135},{"id":17116,"name":"Tisdale","latitude":52.85002,"longitude":-104.05096},{"id":17134,"name":"Unity","latitude":52.45014,"longitude":-109.16816},{"id":17165,"name":"Wadena","latitude":51.94999,"longitude":-103.80102},{"id":17170,"name":"Warman","latitude":52.31679,"longitude":-106.56791},{"id":17179,"name":"Watrous","latitude":51.66677,"longitude":-105.46788},{"id":17198,"name":"Weyburn","latitude":49.66675,"longitude":-103.85109},{"id":17201,"name":"White City","latitude":50.43338,"longitude":-104.36778},{"id":17206,"name":"Wilkie","latitude":52.41683,"longitude":-108.70142},{"id":17218,"name":"Wynyard","latitude":51.76674,"longitude":-104.18436},{"id":17223,"name":"Yorkton","latitude":51.2167,"longitude":-102.46766}]