[{"id":655,"name":"Alto Río Senguer","latitude":-45.04105,"longitude":-70.81982},{"id":715,"name":"Camarones","latitude":-44.79709,"longitude":-65.70994},{"id":787,"name":"Comodoro Rivadavia","latitude":-45.86413,"longitude":-67.49656},{"id":839,"name":"Departamento de Biedma","latitude":-42.41667,"longitude":-65.0},{"id":873,"name":"Departamento de Cushamen","latitude":-42.5,"longitude":-70.83333},{"id":880,"name":"Departamento de Escalante","latitude":-45.33333,"longitude":-67.33333},{"id":883,"name":"Departamento de Florentino Ameghino","latitude":-44.41667,"longitude":-66.16667},{"id":885,"name":"Departamento de Futaleufú","latitude":-43.08333,"longitude":-71.41667},{"id":886,"name":"Departamento de Gaimán","latitude":-43.33333,"longitude":-66.33333},{"id":887,"name":"Departamento de Gastre","latitude":-42.83333,"longitude":-68.66667},{"id":923,"name":"Departamento de Languiñeo","latitude":-43.33333,"longitude":-70.66667},{"id":949,"name":"Departamento de Mártires","latitude":-43.83333,"longitude":-67.16667},{"id":956,"name":"Departamento de Paso de Indios","latitude":-44.0,"longitude":-68.83333},{"id":963,"name":"Departamento de Rawson","latitude":-43.12342,"longitude":-65.10179},{"id":979,"name":"Departamento de Río Senguerr","latitude":-45.33333,"longitude":-70.83333},{"id":1012,"name":"Departamento de Sarmiento","latitude":-45.33333,"longitude":-69.0},{"id":1018,"name":"Departamento de Tehuelches","latitude":-44.22132,"longitude":-70.2526},{"id":1019,"name":"Departamento de Telsen","latitude":-42.41667,"longitude":-67.16667},{"id":1042,"name":"Dolavón","latitude":-43.30684,"longitude":-65.70651},{"id":1058,"name":"El Maitén","latitude":-42.04924,"longitude":-71.16693},{"id":1070,"name":"Esquel","latitude":-42.91147,"longitude":-71.31947},{"id":1087,"name":"Gaimán","latitude":-43.2897,"longitude":-65.4929},{"id":1092,"name":"Gastre","latitude":-42.26186,"longitude":-69.22112},{"id":1115,"name":"Gobernador Costa","latitude":-44.04992,"longitude":-70.59798},{"id":1141,"name":"Hoyo de Epuyén","latitude":-42.07189,"longitude":-71.50811},{"id":1169,"name":"José de San Martín","latitude":-44.05032,"longitude":-70.46967},{"id":1206,"name":"Lago Puelo","latitude":-42.06684,"longitude":-71.60384},{"id":1229,"name":"Las Plumas","latitude":-43.72058,"longitude":-67.28319},{"id":1359,"name":"Puerto Madryn","latitude":-42.7692,"longitude":-65.03851},{"id":1371,"name":"Rada Tilly","latitude":-45.92462,"longitude":-67.55424},{"id":1374,"name":"Rawson","latitude":-43.30016,"longitude":-65.10228},{"id":1393,"name":"Río Mayo","latitude":-45.68573,"longitude":-70.25797},{"id":1394,"name":"Río Pico","latitude":-44.17905,"longitude":-71.36847},{"id":1477,"name":"Sarmiento","latitude":-45.58815,"longitude":-69.06996},{"id":1499,"name":"Tecka","latitude":-43.49489,"longitude":-70.8102},{"id":1512,"name":"Trelew","latitude":-43.24895,"longitude":-65.30505},{"id":1516,"name":"Trevelin","latitude":-43.0858,"longitude":-71.46386}]