[{"id":9253,"name":"Alfatar","latitude":43.94525,"longitude":27.28751},{"id":9319,"name":"Dulovo","latitude":43.81667,"longitude":27.15},{"id":9331,"name":"Glavinitsa","latitude":43.91667,"longitude":26.83333},{"id":9358,"name":"Kaynardzha","latitude":43.99278,"longitude":27.50713},{"id":9413,"name":"Obshtina Alfatar","latitude":43.9,"longitude":27.33333},{"id":9466,"name":"Obshtina Dulovo","latitude":43.81667,"longitude":27.08333},{"id":9479,"name":"Obshtina Glavinitsa","latitude":43.95,"longitude":26.85},{"id":9500,"name":"Obshtina Kaynardzha","latitude":43.95,"longitude":27.53333},{"id":9588,"name":"Obshtina Silistra","latitude":44.03333,"longitude":27.2},{"id":9590,"name":"Obshtina Sitovo","latitude":44.01667,"longitude":27.0},{"id":9619,"name":"Obshtina Tutrakan","latitude":44.0,"longitude":26.6},{"id":9692,"name":"Silistra","latitude":44.1171,"longitude":27.26056},{"id":9695,"name":"Sitovo","latitude":44.0273,"longitude":27.01982},{"id":9730,"name":"Tutrakan","latitude":44.04906,"longitude":26.61206}]