[{"id":772,"name":"Clorinda","latitude":-25.28481,"longitude":-57.71851},{"id":785,"name":"Comandante Fontana","latitude":-25.33453,"longitude":-59.68212},{"id":958,"name":"Departamento de Pilcomayo","latitude":-25.5,"longitude":-58.08333},{"id":1053,"name":"El Colorado","latitude":-26.30808,"longitude":-59.37291},{"id":1072,"name":"Estanislao del Campo","latitude":-25.05504,"longitude":-60.09218},{"id":1082,"name":"Formosa","latitude":-26.18489,"longitude":-58.17313},{"id":1102,"name":"General Enrique Mosconi","latitude":-23.21667,"longitude":-62.3},{"id":1138,"name":"Herradura","latitude":-26.48705,"longitude":-58.31198},{"id":1148,"name":"Ibarreta","latitude":-25.21438,"longitude":-59.85851},{"id":1151,"name":"Ingeniero Guillermo N. Juárez","latitude":-23.9,"longitude":-61.85},{"id":1209,"name":"Laguna Naick-Neck","latitude":-25.24769,"longitude":-58.09383},{"id":1211,"name":"Laguna Yema","latitude":-24.25391,"longitude":-61.24466},{"id":1225,"name":"Las Lomitas","latitude":-24.70955,"longitude":-60.59303},{"id":1312,"name":"Palo Santo","latitude":-25.56332,"longitude":-59.33781},{"id":1336,"name":"Pirané","latitude":-25.73239,"longitude":-59.10879},{"id":1344,"name":"Pozo del Tigre","latitude":-24.89682,"longitude":-60.32359},{"id":1381,"name":"Riacho Eh-Eh","latitude":-25.36209,"longitude":-58.2775},{"id":1423,"name":"San Francisco de Laishí","latitude":-26.24262,"longitude":-58.63039},{"id":1551,"name":"Villa Escolar","latitude":-26.62209,"longitude":-58.67134},{"id":1553,"name":"Villa General Guemes","latitude":-24.7553,"longitude":-59.4894}]