[{"id":9839,"name":"Camargo","latitude":-20.64064,"longitude":-65.20893},{"id":9887,"name":"Monteagudo","latitude":-19.79989,"longitude":-63.95461},{"id":9892,"name":"Padilla","latitude":-19.30878,"longitude":-64.30273},{"id":9909,"name":"Provincia Azurduy","latitude":-20.0,"longitude":-64.5},{"id":9911,"name":"Provincia Belisario Boeto","latitude":-18.91667,"longitude":-64.33333},{"id":9936,"name":"Provincia Hernando Siles","latitude":-20.16667,"longitude":-64.25},{"id":9947,"name":"Provincia Luis Calvo","latitude":-20.66667,"longitude":-63.5},{"id":9962,"name":"Provincia Nor Cinti","latitude":-20.33333,"longitude":-65.0},{"id":9966,"name":"Provincia Oropeza","latitude":-18.66667,"longitude":-65.16667},{"id":9983,"name":"Provincia Sud Cinti","latitude":-20.91667,"longitude":-64.91667},{"id":9987,"name":"Provincia Tomina","latitude":-19.5,"longitude":-64.16667},{"id":9995,"name":"Provincia Yamparáez","latitude":-19.16667,"longitude":-64.91667},{"id":9996,"name":"Provincia Zudáñez","latitude":-18.91667,"longitude":-64.83333},{"id":10031,"name":"Sucre","latitude":-19.03332,"longitude":-65.26274},{"id":10033,"name":"Tarabuco","latitude":-19.18168,"longitude":-64.91517}]