[{"id":9252,"name":"Aksakovo","latitude":43.25615,"longitude":27.82105},{"id":9260,"name":"Asparuhovo","latitude":43.18067,"longitude":27.88823},{"id":9263,"name":"Balgarevo","latitude":43.40296,"longitude":28.41189},{"id":9272,"name":"Beloslav","latitude":43.1896,"longitude":27.70429},{"id":9293,"name":"Byala","latitude":42.87426,"longitude":27.88865},{"id":9304,"name":"Dalgopol","latitude":43.05,"longitude":27.35},{"id":9307,"name":"Devnya","latitude":43.22222,"longitude":27.56944},{"id":9313,"name":"Dolni Chiflik","latitude":42.99296,"longitude":27.71596},{"id":9364,"name":"Kiten","latitude":43.08333,"longitude":27.31667},{"id":9412,"name":"Obshtina Aksakovo","latitude":43.31667,"longitude":27.85},{"id":9418,"name":"Obshtina Avren","latitude":43.1,"longitude":27.71667},{"id":9427,"name":"Obshtina Beloslav","latitude":43.2,"longitude":27.73333},{"id":9444,"name":"Obshtina Byala","latitude":42.88333,"longitude":27.81667},{"id":9452,"name":"Obshtina Dalgopol","latitude":43.05,"longitude":27.35},{"id":9454,"name":"Obshtina Devnya","latitude":43.22056,"longitude":27.60052},{"id":9461,"name":"Obshtina Dolni Chiflik","latitude":42.96667,"longitude":27.68333},{"id":9565,"name":"Obshtina Provadia","latitude":43.18333,"longitude":27.4},{"id":9606,"name":"Obshtina Suvorovo","latitude":43.33333,"longitude":27.65},{"id":9623,"name":"Obshtina Valchidol","latitude":43.45,"longitude":27.5},{"id":9624,"name":"Obshtina Varna","latitude":43.21667,"longitude":27.91667},{"id":9629,"name":"Obshtina Vetrino","latitude":43.31667,"longitude":27.43333},{"id":9663,"name":"Provadia","latitude":43.18333,"longitude":27.43333},{"id":9714,"name":"Suvorovo","latitude":43.33058,"longitude":27.59908},{"id":9734,"name":"Valchidol","latitude":43.4,"longitude":27.55},{"id":9735,"name":"Varna","latitude":43.21667,"longitude":27.91667},{"id":9740,"name":"Vetrino","latitude":43.31667,"longitude":27.43333},{"id":9751,"name":"Zlatni Pyasatsi","latitude":43.285,"longitude":28.0418}]