[{"id":1600,"name":"Abfaltersbach","latitude":46.75715,"longitude":12.52828},{"id":1601,"name":"Absam","latitude":47.29572,"longitude":11.50593},{"id":1607,"name":"Achenkirch","latitude":47.52659,"longitude":11.70559},{"id":1620,"name":"Ainet","latitude":46.86603,"longitude":12.68968},{"id":1625,"name":"Aldrans","latitude":47.25,"longitude":11.45},{"id":1634,"name":"Alpbach","latitude":47.39878,"longitude":11.94373},{"id":1652,"name":"Amlach","latitude":46.81639,"longitude":12.76361},{"id":1653,"name":"Ampass","latitude":47.26251,"longitude":11.46226},{"id":1655,"name":"Amras","latitude":47.25,"longitude":11.41667},{"id":1662,"name":"Angath","latitude":47.50758,"longitude":12.06513},{"id":1665,"name":"Angerberg","latitude":47.50563,"longitude":12.03119},{"id":1669,"name":"Anras","latitude":46.77389,"longitude":12.56083},{"id":1683,"name":"Arzl","latitude":47.28333,"longitude":11.43333},{"id":1684,"name":"Arzl im Pitztal","latitude":47.20712,"longitude":10.76261},{"id":1687,"name":"Aschau","latitude":47.26667,"longitude":11.9},{"id":1688,"name":"Aschau im Zillertal","latitude":47.26613,"longitude":11.89536},{"id":1709,"name":"Aurach","latitude":47.41223,"longitude":12.42734},{"id":1713,"name":"Außervillgraten","latitude":46.7875,"longitude":12.43139},{"id":1714,"name":"Axams","latitude":47.23111,"longitude":11.27892},{"id":1727,"name":"Bad Häring","latitude":47.51071,"longitude":12.11912},{"id":1748,"name":"Barwies","latitude":47.3,"longitude":10.96667},{"id":1751,"name":"Baumkirchen","latitude":47.3,"longitude":11.56667},{"id":1766,"name":"Berwang","latitude":47.40807,"longitude":10.74735},{"id":1769,"name":"Biberwier","latitude":47.38333,"longitude":10.9},{"id":1770,"name":"Bichlbach","latitude":47.42033,"longitude":10.79042},{"id":1774,"name":"Birgitz","latitude":47.23536,"longitude":11.29922},{"id":1791,"name":"Brandenberg","latitude":47.49053,"longitude":11.89459},{"id":1797,"name":"Breitenbach am Inn","latitude":47.47829,"longitude":11.97372},{"id":1802,"name":"Breitenwang","latitude":47.48713,"longitude":10.7342},{"id":1804,"name":"Brixen im Thale","latitude":47.45,"longitude":12.25},{"id":1805,"name":"Brixlegg","latitude":47.42942,"longitude":11.87794},{"id":1807,"name":"Bruck am Ziller","latitude":47.38998,"longitude":11.85124},{"id":1817,"name":"Buch in Tirol","latitude":47.37447,"longitude":11.754},{"id":1831,"name":"Debant","latitude":46.83333,"longitude":12.81667},{"id":1872,"name":"Dölsach","latitude":46.82833,"longitude":12.84528},{"id":1880,"name":"Ebbs","latitude":47.63333,"longitude":12.21667},{"id":1881,"name":"Eben am Achensee","latitude":47.4138,"longitude":11.76138},{"id":1913,"name":"Ehenbichl","latitude":47.46667,"longitude":10.7},{"id":1915,"name":"Ehrwald","latitude":47.4,"longitude":10.91667},{"id":1928,"name":"Elbigenalp","latitude":47.29041,"longitude":10.43607},{"id":1930,"name":"Ellbögen","latitude":47.16667,"longitude":11.45},{"id":1931,"name":"Ellmau","latitude":47.51378,"longitude":12.29937},{"id":1932,"name":"Elmen","latitude":47.34039,"longitude":10.54318},{"id":1937,"name":"Endach","latitude":47.56796,"longitude":12.15603},{"id":1946,"name":"Erl","latitude":47.68333,"longitude":12.18333},{"id":1951,"name":"Erpfendorf","latitude":47.58333,"longitude":12.46667},{"id":1979,"name":"Fendels","latitude":47.0539,"longitude":10.67777},{"id":1984,"name":"Fieberbrunn","latitude":47.47626,"longitude":12.54347},{"id":1985,"name":"Fiecht","latitude":47.35,"longitude":11.7},{"id":1987,"name":"Finkenberg","latitude":47.15279,"longitude":11.82212},{"id":1993,"name":"Fiss","latitude":47.05714,"longitude":10.61747},{"id":1998,"name":"Flaurling","latitude":47.29143,"longitude":11.12319},{"id":1999,"name":"Fliess","latitude":47.11667,"longitude":10.61667},{"id":2000,"name":"Flirsch","latitude":47.15,"longitude":10.4},{"id":2004,"name":"Forchach","latitude":47.41667,"longitude":10.58333},{"id":2025,"name":"Fritzens","latitude":47.30535,"longitude":11.5895},{"id":2034,"name":"Fügen","latitude":47.347,"longitude":11.84939},{"id":2035,"name":"Fügenberg","latitude":47.3521,"longitude":11.84173},{"id":2028,"name":"Fulpmes","latitude":47.15202,"longitude":11.34922},{"id":2050,"name":"Gallzein","latitude":47.36807,"longitude":11.77159},{"id":2051,"name":"Galtür","latitude":46.96667,"longitude":10.18333},{"id":2076,"name":"Gerlos","latitude":47.22464,"longitude":12.03012},{"id":2077,"name":"Gerlosberg","latitude":47.21667,"longitude":11.93333},{"id":2096,"name":"Gnadenwald","latitude":47.31667,"longitude":11.56667},{"id":2101,"name":"Going","latitude":47.51332,"longitude":12.33164},{"id":2194,"name":"Götzens","latitude":47.23606,"longitude":11.31154},{"id":2116,"name":"Gramais","latitude":47.26667,"longitude":10.53333},{"id":2164,"name":"Grän","latitude":47.5,"longitude":10.55},{"id":2132,"name":"Gries am Brenner","latitude":47.03849,"longitude":11.48131},{"id":2133,"name":"Gries im Sellrain","latitude":47.19554,"longitude":11.15619},{"id":2137,"name":"Grins","latitude":47.14034,"longitude":10.51409},{"id":2138,"name":"Grinzens","latitude":47.22927,"longitude":11.25318},{"id":2170,"name":"Gschnitz","latitude":47.04469,"longitude":11.35089},{"id":2215,"name":"Haiming","latitude":47.25,"longitude":10.88333},{"id":2220,"name":"Hainzenberg","latitude":47.21788,"longitude":11.90034},{"id":2224,"name":"Hall in Tirol","latitude":47.28333,"longitude":11.51667},{"id":2237,"name":"Hart im Zillertal","latitude":47.35106,"longitude":11.86476},{"id":2335,"name":"Häselgehr","latitude":47.31667,"longitude":10.5},{"id":2245,"name":"Hatting","latitude":47.2787,"longitude":11.16838},{"id":2265,"name":"Heinfels","latitude":46.75,"longitude":12.45},{"id":2266,"name":"Heiterwang","latitude":47.45,"longitude":10.75},{"id":2289,"name":"Hippach","latitude":47.20435,"longitude":11.86523},{"id":2298,"name":"Hochfilzen","latitude":47.46667,"longitude":12.61667},{"id":2338,"name":"Höfen","latitude":47.46667,"longitude":10.68333},{"id":2326,"name":"Holzgau","latitude":47.26045,"longitude":10.34419},{"id":2328,"name":"Hopfgarten im Brixental","latitude":47.4498,"longitude":12.15659},{"id":2329,"name":"Hopfgarten in Defereggen","latitude":46.91917,"longitude":12.53639},{"id":2345,"name":"Hötting","latitude":47.26815,"longitude":11.36868},{"id":2350,"name":"Igls","latitude":47.23127,"longitude":11.41018},{"id":2353,"name":"Imst","latitude":47.24504,"longitude":10.73974},{"id":2354,"name":"Imsterberg","latitude":47.20517,"longitude":10.69605},{"id":2359,"name":"Innervillgraten","latitude":46.81194,"longitude":12.37472},{"id":2360,"name":"Innsbruck","latitude":47.26266,"longitude":11.39454},{"id":2361,"name":"Innsbruck Stadt","latitude":47.28433,"longitude":11.37706},{"id":2364,"name":"Inzing","latitude":47.2737,"longitude":11.19751},{"id":2368,"name":"Ischgl","latitude":47.01257,"longitude":10.29179},{"id":2369,"name":"Itter","latitude":47.46667,"longitude":12.13333},{"id":2376,"name":"Jenbach","latitude":47.39173,"longitude":11.77245},{"id":2378,"name":"Jerzens","latitude":47.1512,"longitude":10.74686},{"id":2379,"name":"Jochberg","latitude":47.3792,"longitude":12.41807},{"id":2384,"name":"Jungholz","latitude":47.57409,"longitude":10.44723},{"id":2393,"name":"Kaltenbach","latitude":47.28333,"longitude":11.86667},{"id":2401,"name":"Kapfing","latitude":47.33333,"longitude":11.85},{"id":2403,"name":"Kappl","latitude":47.06667,"longitude":10.38333},{"id":2406,"name":"Karres","latitude":47.21667,"longitude":10.78333},{"id":2407,"name":"Karrösten","latitude":47.2254,"longitude":10.76561},{"id":2408,"name":"Kartitsch","latitude":46.72889,"longitude":12.50083},{"id":2413,"name":"Kauns","latitude":47.07822,"longitude":10.69219},{"id":2417,"name":"Kematen in Tirol","latitude":47.25,"longitude":11.26667},{"id":2431,"name":"Kirchberg in Tirol","latitude":47.44539,"longitude":12.31602},{"id":2433,"name":"Kirchbichl","latitude":47.51743,"longitude":12.09629},{"id":2435,"name":"Kirchdorf in Tirol","latitude":47.55626,"longitude":12.44511},{"id":2443,"name":"Kitzbühel","latitude":47.44637,"longitude":12.39215},{"id":2472,"name":"Kolsass","latitude":47.3,"longitude":11.63333},{"id":2473,"name":"Kolsassberg","latitude":47.2815,"longitude":11.65289},{"id":2512,"name":"Kössen","latitude":47.6699,"longitude":12.40545},{"id":2481,"name":"Kramsach","latitude":47.44312,"longitude":11.87545},{"id":2503,"name":"Kufstein","latitude":47.58333,"longitude":12.16667},{"id":2507,"name":"Kundl","latitude":47.46667,"longitude":11.98333},{"id":2526,"name":"Ladis","latitude":47.07459,"longitude":10.64949},{"id":2530,"name":"Landeck","latitude":47.13988,"longitude":10.56593},{"id":2623,"name":"Längenfeld","latitude":47.07398,"longitude":10.96951},{"id":2548,"name":"Lans","latitude":47.23833,"longitude":11.43139},{"id":2557,"name":"Lavant","latitude":46.79889,"longitude":12.83806},{"id":2560,"name":"Lechaschau","latitude":47.48804,"longitude":10.70652},{"id":2565,"name":"Leisach","latitude":46.8125,"longitude":12.74861},{"id":2587,"name":"Lermoos","latitude":47.40358,"longitude":10.8807},{"id":2588,"name":"Leutasch","latitude":47.3689,"longitude":11.14404},{"id":2596,"name":"Lienz","latitude":46.8289,"longitude":12.76903},{"id":2655,"name":"Mariastein","latitude":47.52772,"longitude":12.05479},{"id":2656,"name":"Mariatal","latitude":47.44788,"longitude":11.8721},{"id":2667,"name":"Matrei am Brenner","latitude":47.12794,"longitude":11.45176},{"id":2668,"name":"Matrei in Osttirol","latitude":47.0,"longitude":12.53333},{"id":2677,"name":"Maurach","latitude":47.42124,"longitude":11.75305},{"id":2682,"name":"Mayrhofen","latitude":47.16667,"longitude":11.86667},{"id":2683,"name":"Medraz","latitude":47.14256,"longitude":11.34287},{"id":2699,"name":"Mieders","latitude":47.16667,"longitude":11.38333},{"id":2700,"name":"Mieming","latitude":47.3,"longitude":10.98333},{"id":2703,"name":"Mils bei Imst","latitude":47.20616,"longitude":10.67485},{"id":2704,"name":"Mils bei Solbad Hall","latitude":47.28333,"longitude":11.53333},{"id":2715,"name":"Mitterndorf","latitude":47.57728,"longitude":12.16968},{"id":2750,"name":"Mötz","latitude":47.28333,"longitude":10.95},{"id":2751,"name":"Mühlau","latitude":47.28333,"longitude":11.4},{"id":2753,"name":"Mühlbachl","latitude":47.13333,"longitude":11.45},{"id":2762,"name":"Münster","latitude":47.42164,"longitude":11.83356},{"id":2737,"name":"Musau","latitude":47.53195,"longitude":10.67339},{"id":2738,"name":"Mutters","latitude":47.23333,"longitude":11.38333},{"id":2770,"name":"Namlos","latitude":47.35,"longitude":10.66667},{"id":2771,"name":"Nassereith","latitude":47.31667,"longitude":10.83333},{"id":2773,"name":"Natters","latitude":47.23414,"longitude":11.37342},{"id":2774,"name":"Nauders","latitude":46.88859,"longitude":10.50126},{"id":2779,"name":"Nesselwängle","latitude":47.48333,"longitude":10.61667},{"id":2815,"name":"Neustift im Stubaital","latitude":47.11667,"longitude":11.31667},{"id":2821,"name":"Niederau","latitude":47.45,"longitude":12.08333},{"id":2822,"name":"Niederbreitenbach","latitude":47.53333,"longitude":12.08333},{"id":2826,"name":"Niederndorf","latitude":47.65,"longitude":12.21667},{"id":2836,"name":"Nikolsdorf","latitude":46.78583,"longitude":12.91333},{"id":2846,"name":"Oberau","latitude":47.44336,"longitude":12.04891},{"id":2856,"name":"Oberhofen im Inntal","latitude":47.3,"longitude":11.08333},{"id":2858,"name":"Oberlienz","latitude":46.84722,"longitude":12.73139},{"id":2860,"name":"Obermieming","latitude":47.3,"longitude":10.98333},{"id":2861,"name":"Obernberg am Brenner","latitude":47.01667,"longitude":11.41667},{"id":2866,"name":"Oberndorf in Tirol","latitude":47.5,"longitude":12.38333},{"id":2869,"name":"Oberperfuss","latitude":47.24451,"longitude":11.24755},{"id":2877,"name":"Obertilliach","latitude":46.71056,"longitude":12.61444},{"id":2889,"name":"Obsteig","latitude":47.3,"longitude":10.93333},{"id":2893,"name":"Oetz","latitude":47.2,"longitude":10.9},{"id":3898,"name":"Ötztal-Bahnhof","latitude":47.23333,"longitude":10.85},{"id":2929,"name":"Patsch","latitude":47.20527,"longitude":11.4151},{"id":2949,"name":"Pettnau","latitude":47.29204,"longitude":11.15962},{"id":2950,"name":"Pettneu","latitude":47.14595,"longitude":10.33655},{"id":2953,"name":"Pfaffenhofen","latitude":47.3,"longitude":11.08333},{"id":2958,"name":"Pflach","latitude":47.51667,"longitude":10.71667},{"id":2959,"name":"Pfons","latitude":47.14201,"longitude":11.46071},{"id":2960,"name":"Pfunds","latitude":46.96667,"longitude":10.55},{"id":2961,"name":"Pians","latitude":47.13486,"longitude":10.51237},{"id":2969,"name":"Pill","latitude":47.32352,"longitude":11.68018},{"id":3011,"name":"Politischer Bezirk Imst","latitude":47.08333,"longitude":10.86667},{"id":3012,"name":"Politischer Bezirk Innsbruck Land","latitude":47.2,"longitude":11.33333},{"id":3015,"name":"Politischer Bezirk Kitzbühel","latitude":47.43333,"longitude":12.38333},{"id":3019,"name":"Politischer Bezirk Kufstein","latitude":47.5,"longitude":12.03333},{"id":3020,"name":"Politischer Bezirk Landeck","latitude":47.12575,"longitude":10.56679},{"id":3023,"name":"Politischer Bezirk Lienz","latitude":46.9,"longitude":12.5},{"id":3038,"name":"Politischer Bezirk Reutte","latitude":47.41667,"longitude":10.55},{"id":3046,"name":"Politischer Bezirk Schwaz","latitude":47.26667,"longitude":11.76667},{"id":3064,"name":"Polling in Tirol","latitude":47.28333,"longitude":11.15},{"id":3072,"name":"Pradl","latitude":47.26539,"longitude":11.4152},{"id":3087,"name":"Prutz","latitude":47.08333,"longitude":10.66667},{"id":3124,"name":"Radfeld","latitude":47.44806,"longitude":11.91424},{"id":3135,"name":"Ramsau im Zillertal","latitude":47.20383,"longitude":11.87545},{"id":3138,"name":"Ranggen","latitude":47.25727,"longitude":11.2112},{"id":3150,"name":"Rattenberg","latitude":47.43941,"longitude":11.89407},{"id":3175,"name":"Reith bei Kitzbühel","latitude":47.46667,"longitude":12.35},{"id":3176,"name":"Reith bei Seefeld","latitude":47.3,"longitude":11.2},{"id":3177,"name":"Reith im Alpbachtal","latitude":47.41694,"longitude":11.87785},{"id":3180,"name":"Rettenschöss","latitude":47.65718,"longitude":12.26872},{"id":3184,"name":"Reutte","latitude":47.48333,"longitude":10.71667},{"id":3186,"name":"Ried im Oberinntal","latitude":47.05,"longitude":10.65},{"id":3188,"name":"Ried im Zillertal","latitude":47.3,"longitude":11.86667},{"id":3194,"name":"Rietz","latitude":47.28593,"longitude":11.03075},{"id":3196,"name":"Rinn","latitude":47.25,"longitude":11.5},{"id":3206,"name":"Rohrberg","latitude":47.23333,"longitude":11.91667},{"id":3209,"name":"Roppen","latitude":47.21667,"longitude":10.81667},{"id":3218,"name":"Rum","latitude":47.28333,"longitude":11.45},{"id":3271,"name":"Sankt Johann in Tirol","latitude":47.5233,"longitude":12.4232},{"id":3338,"name":"Sankt Ulrich am Pillersee","latitude":47.5274,"longitude":12.57239},{"id":3346,"name":"Sankt Veit in Defereggen","latitude":46.92722,"longitude":12.42972},{"id":3351,"name":"Sautens","latitude":47.2,"longitude":10.86667},{"id":3360,"name":"Scharnitz","latitude":47.38899,"longitude":11.26455},{"id":3363,"name":"Schattwald","latitude":47.51427,"longitude":10.46143},{"id":3365,"name":"Scheffau am Wilden Kaiser","latitude":47.52943,"longitude":12.25139},{"id":3372,"name":"Schlaiten","latitude":46.87944,"longitude":12.65417},{"id":3379,"name":"Schlitters","latitude":47.38045,"longitude":11.83888},{"id":3418,"name":"Schönberg im Stubaital","latitude":47.18333,"longitude":11.41667},{"id":3422,"name":"Schönwies","latitude":47.19665,"longitude":10.65742},{"id":3404,"name":"Schwaz","latitude":47.35169,"longitude":11.71014},{"id":3408,"name":"Schwendau","latitude":47.19753,"longitude":11.85897},{"id":3409,"name":"Schwendt","latitude":47.63182,"longitude":12.39266},{"id":3411,"name":"Schwoich","latitude":47.546,"longitude":12.14049},{"id":3427,"name":"See","latitude":47.08333,"longitude":10.46667},{"id":3431,"name":"Seefeld in Tirol","latitude":47.33016,"longitude":11.18786},{"id":3441,"name":"Sellrain","latitude":47.21667,"longitude":11.21667},{"id":3446,"name":"Serfaus","latitude":47.04018,"longitude":10.60339},{"id":3459,"name":"Sillian","latitude":46.75278,"longitude":12.42111},{"id":3460,"name":"Silz","latitude":47.26667,"longitude":10.93333},{"id":3463,"name":"Sistrans","latitude":47.23333,"longitude":11.45},{"id":3566,"name":"Sölden","latitude":46.96667,"longitude":11.0},{"id":3567,"name":"Söll","latitude":47.50378,"longitude":12.19221},{"id":3482,"name":"St Anton am Arlberg","latitude":47.1275,"longitude":10.26372},{"id":3501,"name":"Stams","latitude":47.27603,"longitude":10.98315},{"id":3502,"name":"Stans","latitude":47.36667,"longitude":11.71667},{"id":3503,"name":"Stanz bei Landeck","latitude":47.14758,"longitude":10.5534},{"id":3504,"name":"Stanzach","latitude":47.38333,"longitude":10.56667},{"id":3508,"name":"Steeg","latitude":47.24393,"longitude":10.29436},{"id":3513,"name":"Steinach am Brenner","latitude":47.08333,"longitude":11.46667},{"id":3540,"name":"Strass im Zillertal","latitude":47.39556,"longitude":11.81966},{"id":3541,"name":"Strassen","latitude":46.75389,"longitude":12.48417},{"id":3552,"name":"Strengen","latitude":47.12589,"longitude":10.46199},{"id":3558,"name":"Stumm","latitude":47.29052,"longitude":11.88755},{"id":3559,"name":"Stummerberg","latitude":47.28333,"longitude":11.91667},{"id":3571,"name":"Tannheim","latitude":47.49934,"longitude":10.51641},{"id":3572,"name":"Tarrenz","latitude":47.26667,"longitude":10.76667},{"id":3580,"name":"Telfes im Stubai","latitude":47.16667,"longitude":11.36667},{"id":3581,"name":"Telfs","latitude":47.30707,"longitude":11.06817},{"id":3582,"name":"Terfens","latitude":47.32355,"longitude":11.64388},{"id":3589,"name":"Thaur","latitude":47.29476,"longitude":11.47529},{"id":3595,"name":"Thurn","latitude":46.85056,"longitude":12.76861},{"id":3604,"name":"Tobadill","latitude":47.12513,"longitude":10.51404},{"id":3624,"name":"Trins","latitude":47.08333,"longitude":11.41667},{"id":3625,"name":"Tristach","latitude":46.81611,"longitude":12.78972},{"id":3632,"name":"Tulfes","latitude":47.25806,"longitude":11.53333},{"id":3636,"name":"Tux","latitude":47.15559,"longitude":11.72872},{"id":3639,"name":"Uderns","latitude":47.31667,"longitude":11.86667},{"id":3643,"name":"Umhausen","latitude":47.13503,"longitude":10.92826},{"id":3656,"name":"Unterlangkampfen","latitude":47.55,"longitude":12.1},{"id":3658,"name":"Unterperfuss","latitude":47.26667,"longitude":11.25},{"id":3663,"name":"Untertilliach","latitude":46.70346,"longitude":12.67758},{"id":3671,"name":"Vals","latitude":47.04507,"longitude":11.53281},{"id":3690,"name":"Vils","latitude":47.55,"longitude":10.63333},{"id":3691,"name":"Virgen","latitude":47.00159,"longitude":12.45661},{"id":3695,"name":"Volders","latitude":47.28333,"longitude":11.56667},{"id":3696,"name":"Voldöpp","latitude":47.44469,"longitude":11.88343},{"id":3708,"name":"Völs","latitude":47.25,"longitude":11.33333},{"id":3697,"name":"Vomp","latitude":47.33333,"longitude":11.68333},{"id":3700,"name":"Vorderhornbach","latitude":47.37009,"longitude":10.53947},{"id":3702,"name":"Vorderthiersee","latitude":47.58333,"longitude":12.1},{"id":3720,"name":"Waidring","latitude":47.58333,"longitude":12.56667},{"id":3724,"name":"Walchsee","latitude":47.65163,"longitude":12.31868},{"id":3853,"name":"Wängle","latitude":47.48658,"longitude":10.68995},{"id":3751,"name":"Wattenberg","latitude":47.28333,"longitude":11.6},{"id":3752,"name":"Wattens","latitude":47.29419,"longitude":11.5907},{"id":3753,"name":"Weer","latitude":47.30375,"longitude":11.64498},{"id":3754,"name":"Weerberg","latitude":47.29841,"longitude":11.66592},{"id":3770,"name":"Weissach","latitude":47.57091,"longitude":12.16255},{"id":3771,"name":"Weissenbach am Lech","latitude":47.44162,"longitude":10.64071},{"id":3790,"name":"Wenns","latitude":47.16667,"longitude":10.73333},{"id":3798,"name":"Westendorf","latitude":47.43208,"longitude":12.21406},{"id":3811,"name":"Wiesing","latitude":47.40486,"longitude":11.79708},{"id":3814,"name":"Wildermieming","latitude":47.31667,"longitude":11.01667},{"id":3816,"name":"Wildschönau","latitude":47.40619,"longitude":12.03784},{"id":3821,"name":"Wilten","latitude":47.25829,"longitude":11.38808},{"id":3857,"name":"Wörgl","latitude":47.48906,"longitude":12.06174},{"id":3867,"name":"Zams","latitude":47.15844,"longitude":10.5897},{"id":3871,"name":"Zell","latitude":47.58333,"longitude":12.15},{"id":3875,"name":"Zell am Ziller","latitude":47.23333,"longitude":11.88333},{"id":3879,"name":"Zellberg","latitude":47.23333,"longitude":11.85},{"id":3888,"name":"Zirl","latitude":47.2741,"longitude":11.23961},{"id":3896,"name":"Zöblen","latitude":47.50772,"longitude":10.47971}]