[{"id":10054,"name":"Abadia dos Dourados","latitude":-18.36347,"longitude":-47.46997},{"id":10057,"name":"Abaeté","latitude":-19.11099,"longitude":-45.43051},{"id":10065,"name":"Abre Campo","latitude":-20.27265,"longitude":-42.43908},{"id":10068,"name":"Acaiaca","latitude":-20.4036,"longitude":-43.10077},{"id":10465,"name":"Açucena","latitude":-19.07306,"longitude":-42.54639},{"id":15650,"name":"Água Boa","latitude":-18.06423,"longitude":-42.23027},{"id":15655,"name":"Água Comprida","latitude":-19.99124,"longitude":-48.11035},{"id":10095,"name":"Aguanil","latitude":-20.96959,"longitude":-45.41717},{"id":15666,"name":"Águas Formosas","latitude":-17.08222,"longitude":-40.93583},{"id":15670,"name":"Águas Vermelhas","latitude":-15.74722,"longitude":-41.46},{"id":10102,"name":"Aimorés","latitude":-19.62552,"longitude":-41.20955},{"id":10105,"name":"Aiuruoca","latitude":-21.94703,"longitude":-44.64779},{"id":10107,"name":"Alagoa","latitude":-22.18147,"longitude":-44.66024},{"id":10115,"name":"Albertina","latitude":-22.19908,"longitude":-46.62076},{"id":10201,"name":"Além Paraíba","latitude":-21.80936,"longitude":-42.7574},{"id":10130,"name":"Alfenas","latitude":-21.39287,"longitude":-45.99521},{"id":10133,"name":"Alfredo Vasconcelos","latitude":-21.1424,"longitude":-43.71114},{"id":10142,"name":"Almenara","latitude":-16.10053,"longitude":-40.71006},{"id":10147,"name":"Alpercata","latitude":-18.98379,"longitude":-42.00135},{"id":10149,"name":"Alpinópolis","latitude":-20.81822,"longitude":-46.37937},{"id":10157,"name":"Alterosa","latitude":-21.21904,"longitude":-46.18694},{"id":10168,"name":"Alto Caparaó","latitude":-20.44669,"longitude":-41.87096},{"id":10172,"name":"Alto Jequitibá","latitude":-20.43703,"longitude":-41.95113},{"id":10181,"name":"Alto Rio Doce","latitude":-21.01929,"longitude":-43.40538},{"id":10190,"name":"Alvarenga","latitude":-19.3987,"longitude":-41.68138},{"id":10193,"name":"Alvinópolis","latitude":-20.12078,"longitude":-43.15399},{"id":10197,"name":"Alvorada de Minas","latitude":-18.79532,"longitude":-43.37002},{"id":10220,"name":"Amparo da Serra","latitude":-20.52383,"longitude":-42.79878},{"id":10245,"name":"Andradas","latitude":-22.06984,"longitude":-46.5723},{"id":10247,"name":"Andrelândia","latitude":-21.71132,"longitude":-44.27912},{"id":10252,"name":"Angelândia","latitude":-17.72394,"longitude":-42.26234},{"id":10273,"name":"Antônio Carlos","latitude":-21.40838,"longitude":-43.76937},{"id":10275,"name":"Antônio Dias","latitude":-19.56225,"longitude":-42.88855},{"id":10281,"name":"Antônio Prado de Minas","latitude":-21.02658,"longitude":-42.15497},{"id":10369,"name":"Araçaí","latitude":-19.242,"longitude":-44.22429},{"id":10312,"name":"Aracitaba","latitude":-21.35243,"longitude":-43.40862},{"id":10373,"name":"Araçuaí","latitude":-16.90822,"longitude":-41.98596},{"id":10324,"name":"Araguari","latitude":-18.64722,"longitude":-48.18722},{"id":10335,"name":"Arantina","latitude":-21.89632,"longitude":-44.22633},{"id":10339,"name":"Araponga","latitude":-20.66607,"longitude":-42.51113},{"id":10341,"name":"Araporã","latitude":-18.49061,"longitude":-49.13761},{"id":10344,"name":"Arapuá","latitude":-19.03065,"longitude":-46.09585},{"id":10375,"name":"Araújos","latitude":-19.87542,"longitude":-45.15682},{"id":10365,"name":"Araxá","latitude":-19.59333,"longitude":-46.94056},{"id":10376,"name":"Arceburgo","latitude":-21.36655,"longitude":-46.94472},{"id":10378,"name":"Arcos","latitude":-20.24351,"longitude":-45.5676},{"id":10380,"name":"Areado","latitude":-21.33401,"longitude":-46.16798},{"id":10392,"name":"Argirita","latitude":-21.63912,"longitude":-42.82857},{"id":10393,"name":"Aricanduva","latitude":-17.85789,"longitude":-42.59791},{"id":10394,"name":"Arinos","latitude":-15.80332,"longitude":-45.94198},{"id":10432,"name":"Astolfo Dutra","latitude":-21.30413,"longitude":-42.88194},{"id":10438,"name":"Ataléia","latitude":-18.18353,"longitude":-41.16721},{"id":10446,"name":"Augusto de Lima","latitude":-18.1072,"longitude":-44.16792},{"id":10472,"name":"Baependi","latitude":-21.97623,"longitude":-44.85558},{"id":10482,"name":"Baldim","latitude":-19.23659,"longitude":-43.84684},{"id":10493,"name":"Bambuí","latitude":-20.10451,"longitude":-45.98743},{"id":10497,"name":"Bandeira","latitude":-15.88042,"longitude":-40.59969},{"id":10498,"name":"Bandeira do Sul","latitude":-21.72907,"longitude":-46.38283},{"id":10572,"name":"Barão de Cocais","latitude":-19.8798,"longitude":-43.49476},{"id":10576,"name":"Barão de Monte Alto","latitude":-21.26536,"longitude":-42.27886},{"id":10507,"name":"Barbacena","latitude":-21.25031,"longitude":-43.84171},{"id":10519,"name":"Barra Longa","latitude":-20.27861,"longitude":-43.0717},{"id":10555,"name":"Barreiro do Jaíba","latitude":-15.61532,"longitude":-43.59187},{"id":10568,"name":"Barroso","latitude":-21.17886,"longitude":-43.95708},{"id":10597,"name":"Bela Vista de Minas","latitude":-19.80136,"longitude":-43.10273},{"id":10603,"name":"Belmiro Braga","latitude":-21.9644,"longitude":-43.45933},{"id":10607,"name":"Belo Horizonte","latitude":-19.92083,"longitude":-43.93778},{"id":10610,"name":"Belo Oriente","latitude":-19.25558,"longitude":-42.44289},{"id":10611,"name":"Belo Vale","latitude":-20.41584,"longitude":-44.0647},{"id":10632,"name":"Berilo","latitude":-16.8634,"longitude":-42.48889},{"id":10633,"name":"Berizal","latitude":-15.67761,"longitude":-41.77137},{"id":10640,"name":"Bertópolis","latitude":-16.95442,"longitude":-40.56435},{"id":10642,"name":"Betim","latitude":-19.96778,"longitude":-44.19833},{"id":10646,"name":"Bias Fortes","latitude":-21.63008,"longitude":-43.75508},{"id":10647,"name":"Bicas","latitude":-21.73237,"longitude":-43.10454},{"id":10650,"name":"Biquinhas","latitude":-18.76231,"longitude":-45.54853},{"id":10658,"name":"Boa Esperança","latitude":-21.08132,"longitude":-45.62433},{"id":10681,"name":"Bocaina de Minas","latitude":-22.23436,"longitude":-44.49342},{"id":10683,"name":"Bocaiúva","latitude":-17.38916,"longitude":-43.83571},{"id":10691,"name":"Bom Despacho","latitude":-19.69145,"longitude":-45.25297},{"id":10697,"name":"Bom Jardim de Minas","latitude":-21.9439,"longitude":-44.12193},{"id":10704,"name":"Bom Jesus da Penha","latitude":-20.99902,"longitude":-46.54769},{"id":10708,"name":"Bom Jesus do Amparo","latitude":-19.71668,"longitude":-43.4684},{"id":10710,"name":"Bom Jesus do Galho","latitude":-19.71687,"longitude":-42.37558},{"id":10722,"name":"Bom Repouso","latitude":-22.44963,"longitude":-46.18632},{"id":10726,"name":"Bom Sucesso","latitude":-21.03029,"longitude":-44.79501},{"id":10731,"name":"Bonfim","latitude":-20.31591,"longitude":-44.2074},{"id":10734,"name":"Bonfinópolis de Minas","latitude":-16.54416,"longitude":-46.13266},{"id":10740,"name":"Bonito de Minas","latitude":-14.91015,"longitude":-44.88471},{"id":10752,"name":"Borda da Mata","latitude":-22.25106,"longitude":-46.16707},{"id":10757,"name":"Botelhos","latitude":-21.64903,"longitude":-46.42831},{"id":10759,"name":"Botumirim","latitude":-16.9095,"longitude":-43.00848},{"id":10813,"name":"Brás Pires","latitude":-20.87837,"longitude":-43.22442},{"id":10771,"name":"Brasilândia de Minas","latitude":-16.93061,"longitude":-45.96385},{"id":10777,"name":"Brasília de Minas","latitude":-16.25246,"longitude":-44.45712},{"id":10783,"name":"Braúnas","latitude":-19.02181,"longitude":-42.71399},{"id":10779,"name":"Brazópolis","latitude":-22.48169,"longitude":-45.62802},{"id":10809,"name":"Brumadinho","latitude":-20.20447,"longitude":-44.15388},{"id":10814,"name":"Bueno Brandão","latitude":-22.50459,"longitude":-46.35271},{"id":10816,"name":"Buenópolis","latitude":-17.87455,"longitude":-44.02374},{"id":10818,"name":"Bugre","latitude":-19.36701,"longitude":-42.30815},{"id":10835,"name":"Buritis","latitude":-15.41389,"longitude":-46.5547},{"id":10837,"name":"Buritizeiro","latitude":-17.40582,"longitude":-45.30446},{"id":10847,"name":"Cabeceira Grande","latitude":-16.06178,"longitude":-47.17573},{"id":10854,"name":"Cabo Verde","latitude":-21.48702,"longitude":-46.37999},{"id":10867,"name":"Cachoeira da Prata","latitude":-19.51865,"longitude":-44.4625},{"id":10869,"name":"Cachoeira de Minas","latitude":-22.35563,"longitude":-45.79447},{"id":10870,"name":"Cachoeira de Pajeú","latitude":-15.97163,"longitude":-41.49303},{"id":10863,"name":"Cachoeira Dourada","latitude":-18.59094,"longitude":-49.47013},{"id":10889,"name":"Caetanópolis","latitude":-19.33473,"longitude":-44.41002},{"id":10891,"name":"Caeté","latitude":-19.87017,"longitude":-43.6506},{"id":10899,"name":"Caiana","latitude":-20.7308,"longitude":-41.90016},{"id":10921,"name":"Cajuri","latitude":-20.78744,"longitude":-42.76259},{"id":10923,"name":"Caldas","latitude":-21.88671,"longitude":-46.35924},{"id":10935,"name":"Camacho","latitude":-20.64216,"longitude":-45.14334},{"id":10938,"name":"Camanducaia","latitude":-22.75528,"longitude":-46.14472},{"id":10950,"name":"Cambuí","latitude":-22.58243,"longitude":-46.06121},{"id":10949,"name":"Cambuquira","latitude":-21.85379,"longitude":-45.2717},{"id":10956,"name":"Campanário","latitude":-18.2749,"longitude":-41.73907},{"id":10955,"name":"Campanha","latitude":-21.81412,"longitude":-45.39753},{"id":10958,"name":"Campestre","latitude":-21.73436,"longitude":-46.22571},{"id":10964,"name":"Campina Verde","latitude":-19.46113,"longitude":-49.73967},{"id":10981,"name":"Campo Azul","latitude":-16.52161,"longitude":-44.80679},{"id":10982,"name":"Campo Belo","latitude":-20.89722,"longitude":-45.27722},{"id":11006,"name":"Campo do Meio","latitude":-21.12604,"longitude":-45.79572},{"id":10987,"name":"Campo Florido","latitude":-19.69262,"longitude":-48.65664},{"id":11008,"name":"Campos Altos","latitude":-19.63694,"longitude":-46.19815},{"id":11011,"name":"Campos Gerais","latitude":-21.235,"longitude":-45.75861},{"id":11021,"name":"Cana Verde","latitude":-21.02062,"longitude":-45.18335},{"id":11030,"name":"Canaã","latitude":-20.66128,"longitude":-42.63787},{"id":11061,"name":"Canápolis","latitude":-18.77777,"longitude":-49.27579},{"id":11034,"name":"Candeias","latitude":-20.73894,"longitude":-45.28719},{"id":11053,"name":"Cantagalo","latitude":-18.51033,"longitude":-42.6498},{"id":11064,"name":"Caparaó","latitude":-20.52613,"longitude":-41.9022},{"id":11067,"name":"Capela Nova","latitude":-20.91843,"longitude":-43.61587},{"id":11071,"name":"Capelinha","latitude":-17.69167,"longitude":-42.50214},{"id":11072,"name":"Capetinga","latitude":-20.65301,"longitude":-47.01826},{"id":11074,"name":"Capim Branco","latitude":-19.57826,"longitude":-44.16662},{"id":11078,"name":"Capinópolis","latitude":-18.69222,"longitude":-49.57943},{"id":11081,"name":"Capitão Andrade","latitude":-19.04293,"longitude":-41.82608},{"id":11082,"name":"Capitão Enéas","latitude":-16.05629,"longitude":-43.6747},{"id":11087,"name":"Capitólio","latitude":-20.61528,"longitude":-46.05},{"id":11093,"name":"Caputira","latitude":-20.18512,"longitude":-42.25284},{"id":11115,"name":"Caraí","latitude":-17.18089,"longitude":-41.54964},{"id":11105,"name":"Caranaíba","latitude":-20.88526,"longitude":-43.71231},{"id":11106,"name":"Carandaí","latitude":-20.9884,"longitude":-43.83413},{"id":11107,"name":"Carangola","latitude":-20.70784,"longitude":-42.10486},{"id":11110,"name":"Caratinga","latitude":-19.68877,"longitude":-41.88778},{"id":11120,"name":"Carbonita","latitude":-17.47884,"longitude":-43.04885},{"id":11124,"name":"Careaçu","latitude":-22.07964,"longitude":-45.66541},{"id":11139,"name":"Carlos Chagas","latitude":-17.67817,"longitude":-40.88519},{"id":11151,"name":"Carmésia","latitude":-19.06534,"longitude":-43.18402},{"id":11143,"name":"Carmo da Cachoeira","latitude":-21.43323,"longitude":-45.18036},{"id":11144,"name":"Carmo da Mata","latitude":-20.56847,"longitude":-44.88516},{"id":11145,"name":"Carmo de Minas","latitude":-22.08863,"longitude":-45.14949},{"id":11146,"name":"Carmo do Cajuru","latitude":-20.18782,"longitude":-44.71399},{"id":11147,"name":"Carmo do Paranaíba","latitude":-18.87335,"longitude":-46.14425},{"id":11148,"name":"Carmo do Rio Claro","latitude":-20.97974,"longitude":-46.10445},{"id":11153,"name":"Carmópolis de Minas","latitude":-20.54914,"longitude":-44.64527},{"id":11159,"name":"Carneirinho","latitude":-19.71424,"longitude":-50.80874},{"id":11163,"name":"Carrancas","latitude":-21.49589,"longitude":-44.61042},{"id":11169,"name":"Carvalhópolis","latitude":-21.77488,"longitude":-45.82688},{"id":11168,"name":"Carvalhos","latitude":-22.03096,"longitude":-44.47544},{"id":11172,"name":"Casa Grande","latitude":-20.84072,"longitude":-43.93951},{"id":11175,"name":"Cascalho Rico","latitude":-18.54617,"longitude":-47.85132},{"id":11543,"name":"Cássia","latitude":-20.59294,"longitude":-46.91761},{"id":11193,"name":"Cataguases","latitude":-21.34548,"longitude":-42.64976},{"id":11199,"name":"Catas Altas","latitude":-20.07049,"longitude":-43.42197},{"id":11200,"name":"Catas Altas da Noruega","latitude":-20.68094,"longitude":-43.4978},{"id":11207,"name":"Catuji","latitude":-17.36328,"longitude":-41.48183},{"id":11212,"name":"Catuti","latitude":-15.3236,"longitude":-43.11391},{"id":11216,"name":"Caxambu","latitude":-21.97722,"longitude":-44.9325},{"id":11233,"name":"Cedro do Abaeté","latitude":-19.11465,"longitude":-45.7007},{"id":11239,"name":"Central de Minas","latitude":-18.76784,"longitude":-41.28963},{"id":11241,"name":"Centralina","latitude":-18.60922,"longitude":-49.16062},{"id":11285,"name":"Chácara","latitude":-21.67919,"longitude":-43.21835},{"id":11258,"name":"Chalé","latitude":-20.03354,"longitude":-41.67809},{"id":11263,"name":"Chapada do Norte","latitude":-17.16293,"longitude":-42.37718},{"id":11260,"name":"Chapada Gaúcha","latitude":-15.57934,"longitude":-45.41242},{"id":11276,"name":"Chiador","latitude":-21.97253,"longitude":-43.00735},{"id":11294,"name":"Cipotânea","latitude":-20.93027,"longitude":-43.36547},{"id":11297,"name":"Claraval","latitude":-20.35681,"longitude":-47.25241},{"id":11298,"name":"Claro dos Poções","latitude":-17.09679,"longitude":-44.233},{"id":11302,"name":"Cláudio","latitude":-20.39006,"longitude":-44.79135},{"id":11316,"name":"Coimbra","latitude":-20.84494,"longitude":-42.79834},{"id":11332,"name":"Coluna","latitude":-18.26842,"longitude":-42.82813},{"id":11340,"name":"Comendador Gomes","latitude":-19.6533,"longitude":-49.08738},{"id":11342,"name":"Comercinho","latitude":-16.28896,"longitude":-41.77346},{"id":11345,"name":"Conceição da Aparecida","latitude":-21.1012,"longitude":-46.22626},{"id":11347,"name":"Conceição da Barra de Minas","latitude":-21.14228,"longitude":-44.48863},{"id":11349,"name":"Conceição das Alagoas","latitude":-19.95627,"longitude":-48.3051},{"id":11350,"name":"Conceição das Pedras","latitude":-22.13866,"longitude":-45.42694},{"id":11351,"name":"Conceição de Ipanema","latitude":-19.91781,"longitude":-41.70024},{"id":11360,"name":"Conceição do Mato Dentro","latitude":-18.9001,"longitude":-43.50229},{"id":11361,"name":"Conceição do Pará","latitude":-19.7855,"longitude":-44.87016},{"id":11362,"name":"Conceição do Rio Verde","latitude":-21.90132,"longitude":-45.07975},{"id":11364,"name":"Conceição dos Ouros","latitude":-22.45037,"longitude":-45.77976},{"id":11558,"name":"Cônego Marinho","latitude":-14.98755,"longitude":-44.60965},{"id":11375,"name":"Confins","latitude":-19.65686,"longitude":-43.98131},{"id":11378,"name":"Congonhal","latitude":-22.13543,"longitude":-46.03992},{"id":11379,"name":"Congonhas","latitude":-20.50525,"longitude":-43.8588},{"id":11380,"name":"Congonhas do Norte","latitude":-18.88604,"longitude":-43.6962},{"id":11382,"name":"Conquista","latitude":-19.86841,"longitude":-47.63352},{"id":11384,"name":"Conselheiro Lafaiete","latitude":-20.66028,"longitude":-43.78611},{"id":11386,"name":"Conselheiro Pena","latitude":-19.17411,"longitude":-41.458},{"id":11387,"name":"Consolação","latitude":-22.54002,"longitude":-45.90414},{"id":11389,"name":"Contagem","latitude":-19.93167,"longitude":-44.05361},{"id":11392,"name":"Coqueiral","latitude":-21.17947,"longitude":-45.43619},{"id":11396,"name":"Coração de Jesus","latitude":-16.68619,"longitude":-44.36279},{"id":11403,"name":"Cordisburgo","latitude":-19.09925,"longitude":-44.16458},{"id":11404,"name":"Cordislândia","latitude":-21.7875,"longitude":-45.67156},{"id":11409,"name":"Corinto","latitude":-18.35246,"longitude":-44.60589},{"id":11411,"name":"Coroaci","latitude":-18.61187,"longitude":-42.25835},{"id":11414,"name":"Coromandel","latitude":-18.40456,"longitude":-47.15161},{"id":11419,"name":"Coronel Fabriciano","latitude":-19.51861,"longitude":-42.62889},{"id":11426,"name":"Coronel Murta","latitude":-16.58925,"longitude":-42.19742},{"id":11427,"name":"Coronel Pacheco","latitude":-21.60865,"longitude":-43.29006},{"id":11431,"name":"Coronel Xavier Chaves","latitude":-21.02869,"longitude":-44.20221},{"id":11553,"name":"Córrego Danta","latitude":-19.81349,"longitude":-45.96149},{"id":11556,"name":"Córrego do Bom Jesus","latitude":-22.62998,"longitude":-45.99681},{"id":11554,"name":"Córrego Fundo","latitude":-20.45029,"longitude":-45.53592},{"id":11555,"name":"Córrego Novo","latitude":-19.82874,"longitude":-42.44214},{"id":11456,"name":"Couto de Magalhães de Minas","latitude":-18.11856,"longitude":-43.41813},{"id":11481,"name":"Crisólita","latitude":-17.24147,"longitude":-40.97498},{"id":11467,"name":"Cristais","latitude":-20.80957,"longitude":-45.52448},{"id":11479,"name":"Cristália","latitude":-16.72547,"longitude":-42.8187},{"id":11474,"name":"Cristiano Otoni","latitude":-20.83688,"longitude":-43.82931},{"id":11476,"name":"Cristina","latitude":-22.21592,"longitude":-45.2882},{"id":11487,"name":"Crucilândia","latitude":-20.4066,"longitude":-44.35991},{"id":11495,"name":"Cruzeiro da Fortaleza","latitude":-18.96712,"longitude":-46.65779},{"id":11504,"name":"Cruzília","latitude":-21.73596,"longitude":-44.79827},{"id":11519,"name":"Cuparaque","latitude":-18.99664,"longitude":-41.13368},{"id":11532,"name":"Curral de Dentro","latitude":-15.84632,"longitude":-41.75405},{"id":11538,"name":"Curvelo","latitude":-18.78525,"longitude":-44.41599},{"id":11563,"name":"Datas","latitude":-18.48073,"longitude":-43.65216},{"id":11567,"name":"Delfim Moreira","latitude":-22.51165,"longitude":-45.28972},{"id":11568,"name":"Delfinópolis","latitude":-20.34248,"longitude":-46.83952},{"id":11570,"name":"Delta","latitude":-19.93414,"longitude":-47.80435},{"id":11578,"name":"Descoberto","latitude":-21.45167,"longitude":-42.97128},{"id":11580,"name":"Desterro de Entre Rios","latitude":-20.64186,"longitude":-44.28135},{"id":11581,"name":"Desterro do Melo","latitude":-21.1429,"longitude":-43.52011},{"id":11588,"name":"Diamantina","latitude":-17.97795,"longitude":-43.60415},{"id":11593,"name":"Diogo de Vasconcelos","latitude":-20.47593,"longitude":-43.19094},{"id":11594,"name":"Dionísio","latitude":-19.83679,"longitude":-42.68817},{"id":11605,"name":"Divinésia","latitude":-20.99465,"longitude":-42.99513},{"id":11600,"name":"Divino","latitude":-20.58996,"longitude":-42.1755},{"id":11601,"name":"Divino das Laranjeiras","latitude":-18.77778,"longitude":-41.47972},{"id":11604,"name":"Divinolândia de Minas","latitude":-18.77559,"longitude":-42.57075},{"id":11606,"name":"Divinópolis","latitude":-20.14355,"longitude":-44.89065},{"id":11609,"name":"Divisa Alegre","latitude":-15.69447,"longitude":-41.39107},{"id":11610,"name":"Divisa Nova","latitude":-21.52382,"longitude":-46.24417},{"id":11611,"name":"Divisópolis","latitude":-15.7674,"longitude":-40.92393},{"id":11624,"name":"Dom Bosco","latitude":-16.81133,"longitude":-46.28457},{"id":11625,"name":"Dom Cavati","latitude":-19.38835,"longitude":-42.09365},{"id":11630,"name":"Dom Joaquim","latitude":-18.92927,"longitude":-43.26602},{"id":11635,"name":"Dom Silvério","latitude":-20.12728,"longitude":-42.94651},{"id":11636,"name":"Dom Viçoso","latitude":-22.23185,"longitude":-45.1488},{"id":11640,"name":"Dona Eusébia","latitude":-21.32337,"longitude":-42.80829},{"id":11643,"name":"Dores de Campos","latitude":-21.11373,"longitude":-43.99358},{"id":11644,"name":"Dores de Guanhães","latitude":-19.04398,"longitude":-42.92816},{"id":11645,"name":"Dores do Indaiá","latitude":-19.47427,"longitude":-45.54046},{"id":11647,"name":"Dores do Turvo","latitude":-21.02779,"longitude":-43.16365},{"id":11648,"name":"Doresópolis","latitude":-20.29693,"longitude":-45.86864},{"id":11653,"name":"Douradoquara","latitude":-18.44204,"longitude":-47.61478},{"id":11670,"name":"Durandé","latitude":-20.15179,"longitude":-41.7824},{"id":11686,"name":"Elói Mendes","latitude":-21.60067,"longitude":-45.59466},{"id":11699,"name":"Engenheiro Caldas","latitude":-19.1135,"longitude":-42.01786},{"id":11701,"name":"Engenheiro Navarro","latitude":-17.30933,"longitude":-44.03465},{"id":11704,"name":"Entre Folhas","latitude":-19.65964,"longitude":-42.24102},{"id":11707,"name":"Entre Rios de Minas","latitude":-20.70275,"longitude":-44.10687},{"id":11723,"name":"Ervália","latitude":-20.84684,"longitude":-42.61968},{"id":11726,"name":"Esmeraldas","latitude":-19.7625,"longitude":-44.31389},{"id":11727,"name":"Espera Feliz","latitude":-20.59349,"longitude":-41.91981},{"id":11736,"name":"Espinosa","latitude":-14.85978,"longitude":-42.99177},{"id":11740,"name":"Espírito Santo do Dourado","latitude":-22.006,"longitude":-45.99},{"id":11745,"name":"Estiva","latitude":-22.45283,"longitude":-46.02238},{"id":11749,"name":"Estrela Dalva","latitude":-21.69328,"longitude":-42.46834},{"id":11753,"name":"Estrela do Indaiá","latitude":-19.58083,"longitude":-45.81189},{"id":11756,"name":"Estrela do Sul","latitude":-18.72229,"longitude":-47.69732},{"id":11761,"name":"Eugenópolis","latitude":-20.99897,"longitude":-42.24618},{"id":11765,"name":"Ewbank da Câmara","latitude":-21.57233,"longitude":-43.55342},{"id":11767,"name":"Extrema","latitude":-22.8265,"longitude":-46.28351},{"id":11773,"name":"Fama","latitude":-21.46845,"longitude":-45.82005},{"id":11774,"name":"Faria Lemos","latitude":-20.78262,"longitude":-42.02787},{"id":11801,"name":"Felício dos Santos","latitude":-18.15506,"longitude":-43.24046},{"id":11796,"name":"Felisburgo","latitude":-16.66153,"longitude":-40.71814},{"id":11797,"name":"Felixlândia","latitude":-18.69406,"longitude":-44.91938},{"id":11803,"name":"Fernandes Tourinho","latitude":-19.10298,"longitude":-42.09459},{"id":11814,"name":"Ferros","latitude":-19.23796,"longitude":-42.97023},{"id":11815,"name":"Fervedouro","latitude":-20.68788,"longitude":-42.34214},{"id":11839,"name":"Florestal","latitude":-19.86521,"longitude":-44.44251},{"id":11850,"name":"Formiga","latitude":-20.46444,"longitude":-45.42639},{"id":11857,"name":"Formoso","latitude":-15.14747,"longitude":-46.09371},{"id":11864,"name":"Fortaleza de Minas","latitude":-20.88169,"longitude":-46.77437},{"id":11870,"name":"Fortuna de Minas","latitude":-19.54845,"longitude":-44.5023},{"id":11878,"name":"Francisco Badaró","latitude":-16.95297,"longitude":-42.28055},{"id":11881,"name":"Francisco Dumont","latitude":-17.39766,"longitude":-44.21775},{"id":11885,"name":"Francisco Sá","latitude":-16.47583,"longitude":-43.48833},{"id":11886,"name":"Franciscópolis","latitude":-18.00982,"longitude":-41.98437},{"id":11891,"name":"Frei Gaspar","latitude":-18.14006,"longitude":-41.49292},{"id":11892,"name":"Frei Inocêncio","latitude":-18.51403,"longitude":-41.87101},{"id":11893,"name":"Frei Lagonegro","latitude":-18.14293,"longitude":-42.76064},{"id":11898,"name":"Fronteira","latitude":-20.22276,"longitude":-49.1764},{"id":11899,"name":"Fronteira dos Vales","latitude":-16.89172,"longitude":-40.83008},{"id":11901,"name":"Fruta de Leite","latitude":-16.16212,"longitude":-42.52859},{"id":11902,"name":"Frutal","latitude":-20.02472,"longitude":-48.94056},{"id":11905,"name":"Funilândia","latitude":-19.35187,"longitude":-44.08205},{"id":11912,"name":"Galiléia","latitude":-18.86897,"longitude":-41.52503},{"id":11917,"name":"Gameleiras","latitude":-14.97096,"longitude":-43.3061},{"id":11947,"name":"Glaucilândia","latitude":-16.89532,"longitude":-43.66081},{"id":11956,"name":"Goiabeira","latitude":-19.02964,"longitude":-41.22725},{"id":11962,"name":"Goianá","latitude":-21.56063,"longitude":-43.18511},{"id":11974,"name":"Gonçalves","latitude":-22.67479,"longitude":-45.8378},{"id":11973,"name":"Gonzaga","latitude":-18.87874,"longitude":-42.49507},{"id":11976,"name":"Gouveia","latitude":-18.5358,"longitude":-43.85363},{"id":11990,"name":"Governador Valadares","latitude":-18.85111,"longitude":-41.94944},{"id":12008,"name":"Grão Mogol","latitude":-16.49009,"longitude":-42.96535},{"id":12007,"name":"Grupiara","latitude":-18.47962,"longitude":-47.77141},{"id":12025,"name":"Guanhães","latitude":-18.85705,"longitude":-42.8052},{"id":12032,"name":"Guapé","latitude":-20.77404,"longitude":-45.89935},{"id":12037,"name":"Guaraciaba","latitude":-20.56919,"longitude":-43.01146},{"id":12040,"name":"Guaraciama","latitude":-17.08074,"longitude":-43.60308},{"id":12050,"name":"Guaranésia","latitude":-21.2882,"longitude":-46.82229},{"id":12043,"name":"Guarani","latitude":-21.35038,"longitude":-43.05888},{"id":12056,"name":"Guarará","latitude":-21.75802,"longitude":-43.02469},{"id":12063,"name":"Guarda-Mor","latitude":-17.76393,"longitude":-47.14784},{"id":12074,"name":"Guaxupé","latitude":-21.29181,"longitude":-46.6811},{"id":12080,"name":"Guidoval","latitude":-21.17678,"longitude":-42.79015},{"id":12081,"name":"Guimarânia","latitude":-18.81689,"longitude":-46.73553},{"id":12084,"name":"Guiricema","latitude":-21.01294,"longitude":-42.69893},{"id":12085,"name":"Gurinhatã","latitude":-19.06643,"longitude":-49.86875},{"id":12094,"name":"Heliodora","latitude":-22.04159,"longitude":-45.5443},{"id":12116,"name":"Iapu","latitude":-19.3509,"longitude":-42.23727},{"id":12127,"name":"Ibertioga","latitude":-21.4514,"longitude":-43.94316},{"id":12164,"name":"Ibiá","latitude":-19.54368,"longitude":-46.61732},{"id":12133,"name":"Ibiaí","latitude":-16.81004,"longitude":-44.79235},{"id":12144,"name":"Ibiracatu","latitude":-15.66695,"longitude":-44.13281},{"id":12145,"name":"Ibiraci","latitude":-20.40137,"longitude":-47.14267},{"id":12155,"name":"Ibirité","latitude":-20.02194,"longitude":-44.05889},{"id":12162,"name":"Ibitiúra de Minas","latitude":-22.06721,"longitude":-46.40735},{"id":12163,"name":"Ibituruna","latitude":-21.16363,"longitude":-44.77552},{"id":12168,"name":"Icaraí de Minas","latitude":-16.22108,"longitude":-44.85922},{"id":12181,"name":"Igarapé","latitude":-20.05423,"longitude":-44.31636},{"id":12189,"name":"Igaratinga","latitude":-19.96011,"longitude":-44.72106},{"id":12199,"name":"Iguatama","latitude":-20.14528,"longitude":-45.74194},{"id":12204,"name":"Ijaci","latitude":-21.18351,"longitude":-44.9224},{"id":12215,"name":"Ilicínea","latitude":-20.93023,"longitude":-45.81821},{"id":12224,"name":"Imbé de Minas","latitude":-19.61863,"longitude":-41.96773},{"id":12230,"name":"Inconfidentes","latitude":-22.34042,"longitude":-46.28495},{"id":12231,"name":"Indaiabira","latitude":-15.57633,"longitude":-42.15728},{"id":12237,"name":"Indianópolis","latitude":-18.97216,"longitude":-47.88555},{"id":12244,"name":"Ingaí","latitude":-21.41317,"longitude":-44.93685},{"id":12250,"name":"Inhapim","latitude":-19.48349,"longitude":-42.10953},{"id":12251,"name":"Inhaúma","latitude":-19.49972,"longitude":-44.42415},{"id":12254,"name":"Inimutaba","latitude":-18.71149,"longitude":-44.27571},{"id":12259,"name":"Ipaba","latitude":-19.4056,"longitude":-42.36072},{"id":12261,"name":"Ipanema","latitude":-19.75724,"longitude":-41.76801},{"id":12264,"name":"Ipatinga","latitude":-19.46833,"longitude":-42.53667},{"id":12271,"name":"Ipiaçu","latitude":-18.70679,"longitude":-49.91749},{"id":12295,"name":"Ipuiúna","latitude":-22.00732,"longitude":-46.12468},{"id":12316,"name":"Iraí de Minas","latitude":-19.0633,"longitude":-47.43698},{"id":12333,"name":"Itabira","latitude":-19.61917,"longitude":-43.22694},{"id":12334,"name":"Itabirinha","latitude":-18.52982,"longitude":-41.2537},{"id":12335,"name":"Itabirito","latitude":-20.23843,"longitude":-43.78016},{"id":12339,"name":"Itacambira","latitude":-16.88654,"longitude":-43.30766},{"id":12340,"name":"Itacarambi","latitude":-15.10222,"longitude":-44.09194},{"id":12351,"name":"Itaguara","latitude":-20.37868,"longitude":-44.54609},{"id":12361,"name":"Itaipé","latitude":-17.42738,"longitude":-41.65509},{"id":12370,"name":"Itajubá","latitude":-22.42051,"longitude":-45.42137},{"id":12377,"name":"Itamarandiba","latitude":-17.85429,"longitude":-42.89409},{"id":12379,"name":"Itamarati de Minas","latitude":-21.41883,"longitude":-42.83387},{"id":12381,"name":"Itambacuri","latitude":-18.1851,"longitude":-41.88894},{"id":12386,"name":"Itambé do Mato Dentro","latitude":-19.40318,"longitude":-43.34103},{"id":12387,"name":"Itamogi","latitude":-21.08608,"longitude":-47.05061},{"id":12388,"name":"Itamonte","latitude":-22.28733,"longitude":-44.75274},{"id":12390,"name":"Itanhandu","latitude":-22.29583,"longitude":-44.93472},{"id":12393,"name":"Itanhomi","latitude":-19.15484,"longitude":-41.83333},{"id":12395,"name":"Itaobim","latitude":-16.56326,"longitude":-41.53486},{"id":12399,"name":"Itapagipe","latitude":-19.75086,"longitude":-49.42853},{"id":12404,"name":"Itapecerica","latitude":-20.45398,"longitude":-45.08814},{"id":12415,"name":"Itapeva","latitude":-22.69829,"longitude":-46.21291},{"id":12455,"name":"Itatiaiuçu","latitude":-20.22155,"longitude":-44.46588},{"id":12469,"name":"Itaú de Minas","latitude":-20.7179,"longitude":-46.77932},{"id":12471,"name":"Itaúna","latitude":-20.0744,"longitude":-44.58626},{"id":12465,"name":"Itaverava","latitude":-20.70813,"longitude":-43.59276},{"id":12473,"name":"Itinga","latitude":-16.60721,"longitude":-41.83181},{"id":12485,"name":"Itueta","latitude":-19.37775,"longitude":-41.09757},{"id":12486,"name":"Ituiutaba","latitude":-19.01507,"longitude":-49.55042},{"id":12488,"name":"Itumirim","latitude":-21.28468,"longitude":-44.83316},{"id":12492,"name":"Iturama","latitude":-19.6946,"longitude":-50.38219},{"id":12493,"name":"Itutinga","latitude":-21.34817,"longitude":-44.72387},{"id":12516,"name":"Jaboticatubas","latitude":-19.41909,"longitude":-43.74554},{"id":12525,"name":"Jacinto","latitude":-16.19209,"longitude":-40.33175},{"id":12534,"name":"Jacuí","latitude":-21.01103,"longitude":-46.71842},{"id":12533,"name":"Jacutinga","latitude":-22.29632,"longitude":-46.61044},{"id":12539,"name":"Jaguaraçu","latitude":-19.63591,"longitude":-42.71705},{"id":12608,"name":"Jaíba","latitude":-15.21645,"longitude":-43.67032},{"id":12554,"name":"Jampruca","latitude":-18.47226,"longitude":-41.75735},{"id":12555,"name":"Janaúba","latitude":-15.77877,"longitude":-43.36757},{"id":12564,"name":"Januária","latitude":-15.32133,"longitude":-45.20135},{"id":12568,"name":"Japaraíba","latitude":-20.12931,"longitude":-45.53733},{"id":12573,"name":"Japonvar","latitude":-15.9472,"longitude":-44.34835},{"id":12611,"name":"Jeceaba","latitude":-20.55578,"longitude":-44.03107},{"id":12612,"name":"Jenipapo de Minas","latitude":-17.18727,"longitude":-42.21222},{"id":12614,"name":"Jequeri","latitude":-20.48079,"longitude":-42.61567},{"id":12615,"name":"Jequitaí","latitude":-17.16894,"longitude":-44.46191},{"id":12616,"name":"Jequitibá","latitude":-19.21472,"longitude":-44.03049},{"id":12617,"name":"Jequitinhonha","latitude":-16.40683,"longitude":-41.05778},{"id":12625,"name":"Jesuânia","latitude":-22.00846,"longitude":-45.28235},{"id":12642,"name":"Joaíma","latitude":-16.80375,"longitude":-41.01105},{"id":12634,"name":"Joanésia","latitude":-19.20319,"longitude":-42.70665},{"id":12663,"name":"João Monlevade","latitude":-19.83861,"longitude":-43.15561},{"id":12666,"name":"João Pinheiro","latitude":-17.55732,"longitude":-45.97307},{"id":12636,"name":"Joaquim Felício","latitude":-17.62324,"longitude":-44.09366},{"id":12646,"name":"Jordânia","latitude":-15.87487,"longitude":-40.30532},{"id":12652,"name":"José Gonçalves de Minas","latitude":-16.90496,"longitude":-42.66905},{"id":12653,"name":"José Raydan","latitude":-18.26371,"longitude":-42.46528},{"id":12649,"name":"Josenópolis","latitude":-16.55307,"longitude":-42.51701},{"id":12671,"name":"Juatuba","latitude":-19.95194,"longitude":-44.34278},{"id":12680,"name":"Juiz de Fora","latitude":-21.76417,"longitude":-43.35028},{"id":12694,"name":"Juramento","latitude":-16.83343,"longitude":-43.58833},{"id":12700,"name":"Juruaia","latitude":-21.22649,"longitude":-46.51449},{"id":12712,"name":"Juvenília","latitude":-14.3993,"longitude":-43.95055},{"id":12722,"name":"Ladainha","latitude":-17.64365,"longitude":-41.83262},{"id":12725,"name":"Lagamar","latitude":-17.97706,"longitude":-46.70095},{"id":12751,"name":"Lagoa da Prata","latitude":-19.99802,"longitude":-45.49952},{"id":12766,"name":"Lagoa dos Patos","latitude":-17.01433,"longitude":-44.66633},{"id":12736,"name":"Lagoa Dourada","latitude":-20.91034,"longitude":-44.06512},{"id":12737,"name":"Lagoa Formosa","latitude":-18.76494,"longitude":-46.29006},{"id":12739,"name":"Lagoa Grande","latitude":-17.74523,"longitude":-46.53558},{"id":12744,"name":"Lagoa Santa","latitude":-19.62683,"longitude":-43.87993},{"id":12786,"name":"Lajinha","latitude":-20.12411,"longitude":-41.61531},{"id":12788,"name":"Lambari","latitude":-21.9859,"longitude":-45.35167},{"id":12790,"name":"Lamim","latitude":-20.77481,"longitude":-43.48487},{"id":12795,"name":"Laranjal","latitude":-21.3592,"longitude":-42.45663},{"id":12801,"name":"Lassance","latitude":-17.91014,"longitude":-44.70859},{"id":12808,"name":"Lavras","latitude":-21.26738,"longitude":-45.0419},{"id":12813,"name":"Leandro Ferreira","latitude":-19.67492,"longitude":-45.06134},{"id":12816,"name":"Leme do Prado","latitude":-17.05253,"longitude":-42.74591},{"id":12820,"name":"Leopoldina","latitude":-21.53489,"longitude":-42.64473},{"id":12824,"name":"Liberdade","latitude":-22.01634,"longitude":-44.34756},{"id":12828,"name":"Lima Duarte","latitude":-21.79037,"longitude":-43.89583},{"id":12830,"name":"Limeira do Oeste","latitude":-19.38786,"longitude":-50.6128},{"id":12850,"name":"Lontra","latitude":-15.83942,"longitude":-44.27821},{"id":12863,"name":"Luisburgo","latitude":-20.44641,"longitude":-42.07286},{"id":12864,"name":"Luislândia","latitude":-16.19922,"longitude":-44.60969},{"id":12868,"name":"Luminárias","latitude":-21.51526,"longitude":-44.92617},{"id":12873,"name":"Luz","latitude":-19.8419,"longitude":-45.67539},{"id":12897,"name":"Machacalis","latitude":-17.0881,"longitude":-40.71826},{"id":12900,"name":"Machado","latitude":-21.69549,"longitude":-45.88809},{"id":12908,"name":"Madre de Deus de Minas","latitude":-21.48464,"longitude":-44.33264},{"id":12924,"name":"Malacacheta","latitude":-17.838,"longitude":-42.08895},{"id":12934,"name":"Mamonas","latitude":-15.03302,"longitude":-42.94513},{"id":12946,"name":"Manga","latitude":-14.65871,"longitude":-44.12621},{"id":12949,"name":"Manhuaçu","latitude":-20.18647,"longitude":-42.08653},{"id":12950,"name":"Manhumirim","latitude":-20.34755,"longitude":-41.93559},{"id":12958,"name":"Mantena","latitude":-18.6855,"longitude":-41.10755},{"id":12962,"name":"Mar de Espanha","latitude":-21.87597,"longitude":-43.02192},{"id":12987,"name":"Maravilhas","latitude":-19.51232,"longitude":-44.67995},{"id":13005,"name":"Maria da Fé","latitude":-22.32718,"longitude":-45.3172},{"id":13007,"name":"Mariana","latitude":-20.37778,"longitude":-43.41611},{"id":13013,"name":"Marilac","latitude":-18.49516,"longitude":-42.06556},{"id":13290,"name":"Mário Campos","latitude":-20.0723,"longitude":-44.17602},{"id":13021,"name":"Maripá de Minas","latitude":-21.70096,"longitude":-42.95929},{"id":13026,"name":"Marliéria","latitude":-19.69241,"longitude":-42.62724},{"id":13028,"name":"Marmelópolis","latitude":-22.4597,"longitude":-45.16973},{"id":13031,"name":"Martinho Campos","latitude":-19.42013,"longitude":-45.17974},{"id":13033,"name":"Martins Soares","latitude":-20.25994,"longitude":-41.8398},{"id":13048,"name":"Mata Verde","latitude":-15.76794,"longitude":-40.69882},{"id":13053,"name":"Materlândia","latitude":-18.44658,"longitude":-43.01437},{"id":13054,"name":"Mateus Leme","latitude":-20.0163,"longitude":-44.43422},{"id":13055,"name":"Mathias Lobato","latitude":-18.60479,"longitude":-41.96192},{"id":13056,"name":"Matias Barbosa","latitude":-21.87484,"longitude":-43.30507},{"id":13057,"name":"Matias Cardoso","latitude":-14.84562,"longitude":-43.69791},{"id":13063,"name":"Matipó","latitude":-20.30226,"longitude":-42.31613},{"id":13069,"name":"Mato Verde","latitude":-15.42884,"longitude":-42.87463},{"id":13071,"name":"Matozinhos","latitude":-19.5207,"longitude":-44.05031},{"id":13076,"name":"Matutina","latitude":-19.19364,"longitude":-45.99564},{"id":13090,"name":"Medeiros","latitude":-20.01139,"longitude":-46.358},{"id":13094,"name":"Medina","latitude":-16.30152,"longitude":-41.53818},{"id":13098,"name":"Mendes Pimentel","latitude":-18.62642,"longitude":-41.34871},{"id":13101,"name":"Mercês","latitude":-21.18716,"longitude":-43.33657},{"id":13105,"name":"Mesquita","latitude":-19.24964,"longitude":-42.61603},{"id":13122,"name":"Minas Novas","latitude":-17.355,"longitude":-42.40892},{"id":13125,"name":"Minduri","latitude":-21.66835,"longitude":-44.59475},{"id":13130,"name":"Mirabela","latitude":-16.2791,"longitude":-44.16713},{"id":13136,"name":"Miradouro","latitude":-20.85191,"longitude":-42.38714},{"id":13153,"name":"Miraí","latitude":-21.14581,"longitude":-42.60077},{"id":13152,"name":"Miravânia","latitude":-14.75285,"longitude":-44.42057},{"id":13162,"name":"Moeda","latitude":-20.33273,"longitude":-44.0166},{"id":13163,"name":"Moema","latitude":-19.84295,"longitude":-45.42119},{"id":13176,"name":"Monjolos","latitude":-18.37562,"longitude":-44.02596},{"id":13179,"name":"Monsenhor Paulo","latitude":-21.72267,"longitude":-45.46795},{"id":13182,"name":"Montalvânia","latitude":-14.41086,"longitude":-44.44214},{"id":13189,"name":"Monte Alegre de Minas","latitude":-18.81882,"longitude":-48.91823},{"id":13196,"name":"Monte Azul","latitude":-15.21266,"longitude":-43.02334},{"id":13198,"name":"Monte Belo","latitude":-21.32001,"longitude":-46.33519},{"id":13201,"name":"Monte Carmelo","latitude":-18.6396,"longitude":-47.49788},{"id":13204,"name":"Monte Formoso","latitude":-16.87599,"longitude":-41.27134},{"id":13209,"name":"Monte Santo de Minas","latitude":-21.20428,"longitude":-46.95403},{"id":13211,"name":"Monte Sião","latitude":-22.43134,"longitude":-46.56796},{"id":13212,"name":"Monte Verde","latitude":-22.86417,"longitude":-46.035},{"id":13220,"name":"Montes Claros","latitude":-16.58789,"longitude":-43.89995},{"id":13222,"name":"Montezuma","latitude":-15.19248,"longitude":-42.48132},{"id":13228,"name":"Morada Nova de Minas","latitude":-18.56612,"longitude":-45.47222},{"id":13247,"name":"Morro da Garça","latitude":-18.61746,"longitude":-44.63238},{"id":13250,"name":"Morro do Pilar","latitude":-19.23372,"longitude":-43.4014},{"id":13272,"name":"Munhoz","latitude":-22.62898,"longitude":-46.30889},{"id":13278,"name":"Muriaé","latitude":-21.13056,"longitude":-42.36639},{"id":13285,"name":"Mutum","latitude":-19.92677,"longitude":-41.44835},{"id":13288,"name":"Muzambinho","latitude":-21.3524,"longitude":-46.51842},{"id":13294,"name":"Nacip Raydan","latitude":-18.47447,"longitude":-42.17506},{"id":13296,"name":"Nanuque","latitude":-17.73565,"longitude":-40.44441},{"id":13297,"name":"Naque","latitude":-19.18321,"longitude":-42.33843},{"id":13300,"name":"Natalândia","latitude":-16.56307,"longitude":-46.51392},{"id":13305,"name":"Natércia","latitude":-22.13227,"longitude":-45.49689},{"id":13308,"name":"Nazareno","latitude":-21.20793,"longitude":-44.60851},{"id":13317,"name":"Nepomuceno","latitude":-21.24027,"longitude":-45.24015},{"id":13327,"name":"Ninheira","latitude":-15.42231,"longitude":-41.65775},{"id":13357,"name":"Nova Belém","latitude":-18.49977,"longitude":-41.11879},{"id":13372,"name":"Nova Era","latitude":-19.7097,"longitude":-43.01401},{"id":13398,"name":"Nova Lima","latitude":-19.98556,"longitude":-43.84667},{"id":13406,"name":"Nova Módica","latitude":-18.45009,"longitude":-41.51304},{"id":13419,"name":"Nova Ponte","latitude":-19.28646,"longitude":-47.71367},{"id":13420,"name":"Nova Porteirinha","latitude":-15.71578,"longitude":-43.28155},{"id":13426,"name":"Nova Resende","latitude":-21.09898,"longitude":-46.41684},{"id":13436,"name":"Nova Serrana","latitude":-19.84529,"longitude":-44.97669},{"id":13443,"name":"Nova União","latitude":-19.64356,"longitude":-43.57796},{"id":13457,"name":"Novo Cruzeiro","latitude":-17.39233,"longitude":-41.96978},{"id":13472,"name":"Novo Oriente de Minas","latitude":-17.25169,"longitude":-41.22927},{"id":13483,"name":"Novorizonte","latitude":-16.01733,"longitude":-42.38889},{"id":13493,"name":"Olaria","latitude":-21.90638,"longitude":-43.96851},{"id":13501,"name":"Olhos-d'Água","latitude":-17.48888,"longitude":-43.54347},{"id":13512,"name":"Olímpio Noronha","latitude":-22.08551,"longitude":-45.2873},{"id":13506,"name":"Oliveira","latitude":-20.7382,"longitude":-44.71612},{"id":13507,"name":"Oliveira Fortes","latitude":-21.33869,"longitude":-43.51985},{"id":13514,"name":"Onça de Pitangui","latitude":-19.71041,"longitude":-44.74654},{"id":13515,"name":"Oratórios","latitude":-20.43729,"longitude":-42.79741},{"id":13520,"name":"Orizânia","latitude":-20.50549,"longitude":-42.21156},{"id":13540,"name":"Ouro Branco","latitude":-20.52994,"longitude":-43.69422},{"id":13541,"name":"Ouro Fino","latitude":-22.25689,"longitude":-46.37384},{"id":13542,"name":"Ouro Preto","latitude":-20.39304,"longitude":-43.64191},{"id":13548,"name":"Ouro Verde de Minas","latitude":-18.03431,"longitude":-41.29473},{"id":13562,"name":"Padre Carvalho","latitude":-16.26316,"longitude":-42.60251},{"id":13564,"name":"Padre Paraíso","latitude":-17.061,"longitude":-41.53826},{"id":13566,"name":"Pai Pedro","latitude":-15.32734,"longitude":-43.19505},{"id":13569,"name":"Paineiras","latitude":-18.91817,"longitude":-45.53737},{"id":13571,"name":"Pains","latitude":-20.37374,"longitude":-45.73139},{"id":13572,"name":"Paiva","latitude":-21.28809,"longitude":-43.41715},{"id":13581,"name":"Palma","latitude":-21.43106,"longitude":-42.32065},{"id":13610,"name":"Palmópolis","latitude":-16.77843,"longitude":-40.37475},{"id":13620,"name":"Papagaios","latitude":-19.39686,"longitude":-44.69502},{"id":13684,"name":"Pará de Minas","latitude":-19.82122,"longitude":-44.61286},{"id":13624,"name":"Paracatu","latitude":-17.13285,"longitude":-46.88258},{"id":13627,"name":"Paraguaçu","latitude":-21.58081,"longitude":-45.74296},{"id":13632,"name":"Paraisópolis","latitude":-22.57668,"longitude":-45.84583},{"id":13650,"name":"Paraopeba","latitude":-19.27228,"longitude":-44.45274},{"id":13685,"name":"Passa Quatro","latitude":-22.40871,"longitude":-44.95994},{"id":13687,"name":"Passa Tempo","latitude":-20.6435,"longitude":-44.49857},{"id":13689,"name":"Passa-Vinte","latitude":-22.17877,"longitude":-44.26002},{"id":13690,"name":"Passabém","latitude":-19.35651,"longitude":-43.18735},{"id":13700,"name":"Passos","latitude":-20.71889,"longitude":-46.60972},{"id":13703,"name":"Patis","latitude":-16.05798,"longitude":-44.11137},{"id":13707,"name":"Patos de Minas","latitude":-18.57889,"longitude":-46.51806},{"id":13709,"name":"Patrocínio","latitude":-19.01305,"longitude":-47.0679},{"id":13711,"name":"Patrocínio do Muriaé","latitude":-21.16714,"longitude":-42.25572},{"id":13721,"name":"Paula Cândido","latitude":-20.86034,"longitude":-42.98154},{"id":13729,"name":"Paulistas","latitude":-18.43393,"longitude":-42.86603},{"id":13741,"name":"Pavão","latitude":-17.4678,"longitude":-41.07743},{"id":13822,"name":"Peçanha","latitude":-18.5454,"longitude":-42.49385},{"id":13746,"name":"Pedra Azul","latitude":-15.96404,"longitude":-41.22145},{"id":13748,"name":"Pedra Bonita","latitude":-20.46665,"longitude":-42.37756},{"id":13758,"name":"Pedra do Anta","latitude":-20.59796,"longitude":-42.71247},{"id":13759,"name":"Pedra do Indaiá","latitude":-20.282,"longitude":-45.21859},{"id":13752,"name":"Pedra Dourada","latitude":-20.82636,"longitude":-42.15154},{"id":13760,"name":"Pedralva","latitude":-22.25067,"longitude":-45.45324},{"id":13765,"name":"Pedras de Maria da Cruz","latitude":-15.63347,"longitude":-44.30841},{"id":13771,"name":"Pedrinópolis","latitude":-19.19064,"longitude":-47.50212},{"id":13779,"name":"Pedro Leopoldo","latitude":-19.64468,"longitude":-44.03938},{"id":13782,"name":"Pedro Teixeira","latitude":-21.728,"longitude":-43.72046},{"id":13799,"name":"Pequeri","latitude":-21.81623,"longitude":-43.14007},{"id":13800,"name":"Pequi","latitude":-19.61044,"longitude":-44.63355},{"id":13802,"name":"Perdigão","latitude":-19.92135,"longitude":-45.0807},{"id":13803,"name":"Perdizes","latitude":-19.36522,"longitude":-47.15986},{"id":13804,"name":"Perdões","latitude":-21.0709,"longitude":-45.0671},{"id":13809,"name":"Periquito","latitude":-19.04695,"longitude":-42.21606},{"id":13815,"name":"Pescador","latitude":-18.32119,"longitude":-41.55163},{"id":13826,"name":"Piau","latitude":-21.50206,"longitude":-43.31473},{"id":13832,"name":"Piedade de Caratinga","latitude":-19.75899,"longitude":-42.03936},{"id":13833,"name":"Piedade de Ponte Nova","latitude":-20.2441,"longitude":-42.71587},{"id":13834,"name":"Piedade do Rio Grande","latitude":-21.50287,"longitude":-44.16154},{"id":13835,"name":"Piedade dos Gerais","latitude":-20.48078,"longitude":-44.2531},{"id":13844,"name":"Pimenta","latitude":-20.48505,"longitude":-45.83344},{"id":13857,"name":"Pingo-d'Água","latitude":-19.7372,"longitude":-42.42838},{"id":13877,"name":"Pintópolis","latitude":-16.0112,"longitude":-45.21931},{"id":13885,"name":"Piracema","latitude":-20.51921,"longitude":-44.41751},{"id":13889,"name":"Pirajuba","latitude":-19.94073,"longitude":-48.70306},{"id":13892,"name":"Piranga","latitude":-20.62892,"longitude":-43.28354},{"id":13895,"name":"Piranguçu","latitude":-22.56347,"longitude":-45.51039},{"id":13894,"name":"Piranguinho","latitude":-22.34876,"longitude":-45.59462},{"id":13899,"name":"Pirapetinga","latitude":-21.66797,"longitude":-42.36515},{"id":13900,"name":"Pirapora","latitude":-17.41957,"longitude":-44.85974},{"id":13913,"name":"Piraúba","latitude":-21.26468,"longitude":-43.01397},{"id":13924,"name":"Pitangui","latitude":-19.57287,"longitude":-44.87568},{"id":13928,"name":"Piuí","latitude":-20.46528,"longitude":-45.95806},{"id":13927,"name":"Piumhi","latitude":-20.43261,"longitude":-46.06077},{"id":13943,"name":"Planura","latitude":-20.06924,"longitude":-48.67523},{"id":14047,"name":"Poço Fundo","latitude":-21.82067,"longitude":-45.98826},{"id":14053,"name":"Poços de Caldas","latitude":-21.7934,"longitude":-46.53571},{"id":13948,"name":"Pocrane","latitude":-19.57501,"longitude":-41.56271},{"id":13955,"name":"Pompéu","latitude":-19.14952,"longitude":-44.91485},{"id":13970,"name":"Ponte Nova","latitude":-20.40703,"longitude":-42.92058},{"id":13976,"name":"Ponto Chique","latitude":-16.63769,"longitude":-44.93803},{"id":13978,"name":"Ponto dos Volantes","latitude":-16.8544,"longitude":-41.46344},{"id":13988,"name":"Porteirinha","latitude":-15.6869,"longitude":-43.14041},{"id":14006,"name":"Porto Firme","latitude":-20.66732,"longitude":-43.06871},{"id":14037,"name":"Poté","latitude":-17.79279,"longitude":-41.76522},{"id":14038,"name":"Pouso Alegre","latitude":-22.23,"longitude":-45.93639},{"id":14039,"name":"Pouso Alto","latitude":-22.17957,"longitude":-44.95271},{"id":14061,"name":"Prados","latitude":-21.10761,"longitude":-44.06479},{"id":14069,"name":"Prata","latitude":-19.37346,"longitude":-48.94362},{"id":14072,"name":"Pratápolis","latitude":-20.78572,"longitude":-46.84447},{"id":14071,"name":"Pratinha","latitude":-19.74704,"longitude":-46.42881},{"id":14076,"name":"Presidente Bernardes","latitude":-20.77329,"longitude":-43.1621},{"id":14085,"name":"Presidente Juscelino","latitude":-18.73883,"longitude":-44.07767},{"id":14089,"name":"Presidente Kubitschek","latitude":-18.64982,"longitude":-43.57979},{"id":14094,"name":"Presidente Olegário","latitude":-18.16191,"longitude":-46.40629},{"id":14113,"name":"Prudente de Morais","latitude":-19.46809,"longitude":-44.11363},{"id":14127,"name":"Quartel Geral","latitude":-19.28715,"longitude":-45.58434},{"id":14144,"name":"Queluzito","latitude":-20.73147,"longitude":-43.89355},{"id":14175,"name":"Raposos","latitude":-19.97619,"longitude":-43.79018},{"id":14176,"name":"Raul Soares","latitude":-20.01424,"longitude":-42.40893},{"id":14180,"name":"Recreio","latitude":-21.52854,"longitude":-42.44327},{"id":14187,"name":"Reduto","latitude":-20.22867,"longitude":-41.94273},{"id":14198,"name":"Resende Costa","latitude":-20.84128,"longitude":-44.2811},{"id":14203,"name":"Resplendor","latitude":-19.20265,"longitude":-41.14336},{"id":14204,"name":"Ressaquinha","latitude":-21.09458,"longitude":-43.78435},{"id":14209,"name":"Riachinho","latitude":-16.24455,"longitude":-45.89421},{"id":14217,"name":"Riacho dos Machados","latitude":-16.06608,"longitude":-42.97549},{"id":14247,"name":"Ribeirão das Neves","latitude":-19.76694,"longitude":-44.08667},{"id":14245,"name":"Ribeirão Vermelho","latitude":-21.15385,"longitude":-45.07881},{"id":14257,"name":"Rio Acima","latitude":-20.11704,"longitude":-43.76542},{"id":14268,"name":"Rio Casca","latitude":-20.12888,"longitude":-42.66076},{"id":14315,"name":"Rio do Prado","latitude":-16.68344,"longitude":-40.56002},{"id":14272,"name":"Rio Doce","latitude":-20.20614,"longitude":-42.89246},{"id":14273,"name":"Rio Espera","latitude":-20.85358,"longitude":-43.52051},{"id":14280,"name":"Rio Manso","latitude":-20.24916,"longitude":-44.34028},{"id":14285,"name":"Rio Novo","latitude":-21.47241,"longitude":-43.15069},{"id":14287,"name":"Rio Paranaíba","latitude":-19.19894,"longitude":-46.29215},{"id":14289,"name":"Rio Pardo de Minas","latitude":-15.73003,"longitude":-42.5732},{"id":14290,"name":"Rio Piracicaba","latitude":-19.97486,"longitude":-43.16111},{"id":14291,"name":"Rio Pomba","latitude":-21.25409,"longitude":-43.17161},{"id":14292,"name":"Rio Preto","latitude":-22.04485,"longitude":-43.86975},{"id":14302,"name":"Rio Vermelho","latitude":-18.26867,"longitude":-43.07424},{"id":14323,"name":"Ritápolis","latitude":-20.99288,"longitude":-44.37052},{"id":14327,"name":"Rochedo de Minas","latitude":-21.64268,"longitude":-43.03311},{"id":14330,"name":"Rodeiro","latitude":-21.21255,"longitude":-42.84086},{"id":14338,"name":"Romaria","latitude":-18.89336,"longitude":-47.5813},{"id":14352,"name":"Rosário da Limeira","latitude":-20.986,"longitude":-42.51507},{"id":14357,"name":"Rubelita","latitude":-16.34214,"longitude":-42.228},{"id":14359,"name":"Rubim","latitude":-16.45147,"longitude":-40.49301},{"id":14366,"name":"Sabará","latitude":-19.85393,"longitude":-43.78326},{"id":14368,"name":"Sabinópolis","latitude":-18.64885,"longitude":-43.06554},{"id":14372,"name":"Sacramento","latitude":-19.88039,"longitude":-47.226},{"id":14387,"name":"Salinas","latitude":-16.11853,"longitude":-42.17403},{"id":14398,"name":"Salto da Divisa","latitude":-16.08589,"longitude":-40.04463},{"id":14423,"name":"Santa Bárbara","latitude":-20.02361,"longitude":-43.44495},{"id":14426,"name":"Santa Bárbara do Leste","latitude":-19.94064,"longitude":-42.10329},{"id":14427,"name":"Santa Bárbara do Monte Verde","latitude":-21.9769,"longitude":-43.69324},{"id":14430,"name":"Santa Bárbara do Tugúrio","latitude":-21.23902,"longitude":-43.5238},{"id":14448,"name":"Santa Cruz de Minas","latitude":-21.12001,"longitude":-44.21369},{"id":14450,"name":"Santa Cruz de Salinas","latitude":-16.06175,"longitude":-41.79919},{"id":14453,"name":"Santa Cruz do Escalvado","latitude":-20.23339,"longitude":-42.8211},{"id":14459,"name":"Santa Efigênia de Minas","latitude":-18.86234,"longitude":-42.40032},{"id":14466,"name":"Santa Fé de Minas","latitude":-16.68124,"longitude":-45.59725},{"id":14475,"name":"Santa Helena de Minas","latitude":-16.90289,"longitude":-40.66215},{"id":14486,"name":"Santa Juliana","latitude":-19.35572,"longitude":-47.53705},{"id":14490,"name":"Santa Luzia","latitude":-19.76972,"longitude":-43.85139},{"id":14500,"name":"Santa Margarida","latitude":-20.43571,"longitude":-42.27056},{"id":14509,"name":"Santa Maria de Itabira","latitude":-19.43588,"longitude":-43.06843},{"id":14515,"name":"Santa Maria do Salto","latitude":-16.3044,"longitude":-40.11096},{"id":14516,"name":"Santa Maria do Suaçuí","latitude":-18.25258,"longitude":-42.33882},{"id":14527,"name":"Santa Rita de Caldas","latitude":-22.01936,"longitude":-46.27369},{"id":14529,"name":"Santa Rita de Ibitipoca","latitude":-21.56153,"longitude":-43.95797},{"id":14530,"name":"Santa Rita de Jacutinga","latitude":-22.10905,"longitude":-44.10325},{"id":14531,"name":"Santa Rita de Minas","latitude":-19.86922,"longitude":-42.127},{"id":14533,"name":"Santa Rita do Itueto","latitude":-19.41798,"longitude":-41.40277},{"id":14537,"name":"Santa Rita do Sapucaí","latitude":-22.25623,"longitude":-45.67459},{"id":14541,"name":"Santa Rosa da Serra","latitude":-19.53874,"longitude":-45.98},{"id":14565,"name":"Santa Vitória","latitude":-19.09193,"longitude":-50.29906},{"id":14572,"name":"Santana da Vargem","latitude":-21.26761,"longitude":-45.48969},{"id":14573,"name":"Santana de Cataguases","latitude":-21.28322,"longitude":-42.5658},{"id":14576,"name":"Santana de Pirapama","latitude":-18.90777,"longitude":-43.92702},{"id":14580,"name":"Santana do Deserto","latitude":-21.94535,"longitude":-43.17445},{"id":14581,"name":"Santana do Garambéu","latitude":-21.64675,"longitude":-44.06937},{"id":14584,"name":"Santana do Jacaré","latitude":-20.88867,"longitude":-45.07914},{"id":14586,"name":"Santana do Manhuaçu","latitude":-20.05562,"longitude":-41.8977},{"id":14590,"name":"Santana do Paraíso","latitude":-19.3801,"longitude":-42.54068},{"id":14592,"name":"Santana do Riacho","latitude":-19.1842,"longitude":-43.6838},{"id":14596,"name":"Santana dos Montes","latitude":-20.79856,"longitude":-43.64577},{"id":14621,"name":"Santo Antônio do Amparo","latitude":-20.9166,"longitude":-44.95511},{"id":14623,"name":"Santo Antônio do Aventureiro","latitude":-21.74424,"longitude":-42.811},{"id":14626,"name":"Santo Antônio do Grama","latitude":-20.32329,"longitude":-42.61551},{"id":14627,"name":"Santo Antônio do Itambé","latitude":-18.49169,"longitude":-43.26278},{"id":14629,"name":"Santo Antônio do Jacinto","latitude":-16.50934,"longitude":-40.27997},{"id":14633,"name":"Santo Antônio do Monte","latitude":-20.07993,"longitude":-45.30587},{"id":14638,"name":"Santo Antônio do Retiro","latitude":-15.30144,"longitude":-42.64417},{"id":14639,"name":"Santo Antônio do Rio Abaixo","latitude":-19.25051,"longitude":-43.253},{"id":14649,"name":"Santo Hipólito","latitude":-18.38378,"longitude":-44.17728},{"id":14654,"name":"Santos Dumont","latitude":-21.46453,"longitude":-43.52573},{"id":14837,"name":"São Bento Abade","latitude":-21.55981,"longitude":-45.06653},{"id":14851,"name":"São Brás do Suaçuí","latitude":-20.62195,"longitude":-43.96923},{"id":14866,"name":"São Domingos das Dores","latitude":-19.51985,"longitude":-42.03401},{"id":14873,"name":"São Domingos do Prata","latitude":-19.89785,"longitude":-42.88422},{"id":14901,"name":"São Félix de Minas","latitude":-18.55894,"longitude":-41.44459},{"id":14882,"name":"São Francisco","latitude":-15.88365,"longitude":-44.84306},{"id":14888,"name":"São Francisco de Paula","latitude":-20.71868,"longitude":-44.99234},{"id":14889,"name":"São Francisco de Sales","latitude":-19.77179,"longitude":-49.8104},{"id":14892,"name":"São Francisco do Glória","latitude":-20.78528,"longitude":-42.28488},{"id":14912,"name":"São Geraldo","latitude":-20.90833,"longitude":-42.82833},{"id":14913,"name":"São Geraldo da Piedade","latitude":-18.91396,"longitude":-42.31056},{"id":14915,"name":"São Geraldo do Baixio","latitude":-18.91798,"longitude":-41.36253},{"id":14917,"name":"São Gonçalo do Abaeté","latitude":-18.23315,"longitude":-45.61317},{"id":14921,"name":"São Gonçalo do Pará","latitude":-19.9729,"longitude":-44.84024},{"id":14923,"name":"São Gonçalo do Rio Abaixo","latitude":-19.81182,"longitude":-43.32838},{"id":14924,"name":"São Gonçalo do Rio Preto","latitude":-18.0763,"longitude":-43.35534},{"id":14925,"name":"São Gonçalo do Sapucaí","latitude":-21.91053,"longitude":-45.60119},{"id":14927,"name":"São Gotardo","latitude":-19.31111,"longitude":-46.04889},{"id":15002,"name":"São João Batista do Glória","latitude":-20.53122,"longitude":-46.4458},{"id":15010,"name":"São João da Lagoa","latitude":-16.87872,"longitude":-44.34205},{"id":15011,"name":"São João da Mata","latitude":-21.93521,"longitude":-45.933},{"id":15014,"name":"São João da Ponte","latitude":-15.90314,"longitude":-43.83053},{"id":15019,"name":"São João das Missões","latitude":-14.88665,"longitude":-44.21265},{"id":15023,"name":"São João del Rei","latitude":-21.25033,"longitude":-44.24481},{"id":15032,"name":"São João do Manhuaçu","latitude":-20.38351,"longitude":-42.15632},{"id":15033,"name":"São João do Manteninha","latitude":-18.7395,"longitude":-41.15749},{"id":15035,"name":"São João do Oriente","latitude":-19.34848,"longitude":-42.17407},{"id":15036,"name":"São João do Pacuí","latitude":-16.53392,"longitude":-44.54062},{"id":15038,"name":"São João do Paraíso","latitude":-15.37652,"longitude":-41.95693},{"id":15003,"name":"São João Evangelista","latitude":-18.50849,"longitude":-42.78221},{"id":15004,"name":"São João Nepomuceno","latitude":-21.58615,"longitude":-43.01503},{"id":14932,"name":"São Joaquim de Bicas","latitude":-20.05781,"longitude":-44.24979},{"id":14939,"name":"São José da Barra","latitude":-20.7505,"longitude":-46.28526},{"id":14945,"name":"São José da Lapa","latitude":-19.69017,"longitude":-43.99106},{"id":14946,"name":"São José da Safira","latitude":-18.33059,"longitude":-42.10391},{"id":14948,"name":"São José da Varginha","latitude":-19.6891,"longitude":-44.55308},{"id":14959,"name":"São José do Alegre","latitude":-22.34058,"longitude":-45.52023},{"id":14969,"name":"São José do Divino","latitude":-18.40103,"longitude":-41.37248},{"id":14971,"name":"São José do Goiabal","latitude":-19.9236,"longitude":-42.69184},{"id":14975,"name":"São José do Jacuri","latitude":-18.2516,"longitude":-42.67396},{"id":14977,"name":"São José do Mantimento","latitude":-20.02453,"longitude":-41.76334},{"id":15052,"name":"São Lourenço","latitude":-22.11746,"longitude":-45.03226},{"id":15086,"name":"São Miguel do Anta","latitude":-20.73482,"longitude":-42.69789},{"id":15111,"name":"São Pedro da União","latitude":-21.1129,"longitude":-46.6476},{"id":15120,"name":"São Pedro do Suaçuí","latitude":-18.35451,"longitude":-42.5957},{"id":15124,"name":"São Pedro dos Ferros","latitude":-20.06522,"longitude":-42.56304},{"id":15130,"name":"São Romão","latitude":-16.35912,"longitude":-45.46775},{"id":15132,"name":"São Roque de Minas","latitude":-20.16741,"longitude":-46.47292},{"id":15138,"name":"São Sebastião da Bela Vista","latitude":-22.16425,"longitude":-45.78515},{"id":15141,"name":"São Sebastião da Vargem Alegre","latitude":-21.02882,"longitude":-42.59877},{"id":15144,"name":"São Sebastião do Anta","latitude":-19.51787,"longitude":-41.93921},{"id":15146,"name":"São Sebastião do Maranhão","latitude":-18.06833,"longitude":-42.5373},{"id":15147,"name":"São Sebastião do Oeste","latitude":-20.24378,"longitude":-45.04068},{"id":15148,"name":"São Sebastião do Paraíso","latitude":-20.91694,"longitude":-46.99139},{"id":15150,"name":"São Sebastião do Rio Preto","latitude":-19.29918,"longitude":-43.22996},{"id":15151,"name":"São Sebastião do Rio Verde","latitude":-22.21276,"longitude":-45.02049},{"id":15158,"name":"São Thomé das Letras","latitude":-21.73939,"longitude":-44.96812},{"id":15159,"name":"São Tiago","latitude":-20.93607,"longitude":-44.55961},{"id":15160,"name":"São Tomás de Aquino","latitude":-20.80317,"longitude":-47.13081},{"id":15172,"name":"São Vicente de Minas","latitude":-21.67023,"longitude":-44.4665},{"id":14664,"name":"Sapucaí-Mirim","latitude":-22.79166,"longitude":-45.84222},{"id":14670,"name":"Sardoá","latitude":-18.77353,"longitude":-42.40303},{"id":14672,"name":"Sarzedo","latitude":-20.04463,"longitude":-44.13442},{"id":14691,"name":"Sem-Peixe","latitude":-20.07337,"longitude":-42.81556},{"id":14694,"name":"Senador Amaral","latitude":-22.55358,"longitude":-46.22421},{"id":14696,"name":"Senador Cortes","latitude":-21.76164,"longitude":-42.91138},{"id":14698,"name":"Senador Firmino","latitude":-20.8968,"longitude":-43.11033},{"id":14701,"name":"Senador José Bento","latitude":-22.15837,"longitude":-46.14282},{"id":14704,"name":"Senador Modestino Gonçalves","latitude":-17.91341,"longitude":-43.21328},{"id":14711,"name":"Senhora de Oliveira","latitude":-20.8018,"longitude":-43.34536},{"id":14712,"name":"Senhora do Porto","latitude":-18.90274,"longitude":-43.08578},{"id":14713,"name":"Senhora dos Remédios","latitude":-21.02878,"longitude":-43.5968},{"id":14717,"name":"Sericita","latitude":-20.49536,"longitude":-42.45991},{"id":14719,"name":"Seritinga","latitude":-21.91887,"longitude":-44.463},{"id":14724,"name":"Serra Azul de Minas","latitude":-18.38225,"longitude":-43.20251},{"id":14736,"name":"Serra da Saudade","latitude":-19.38394,"longitude":-45.80002},{"id":14741,"name":"Serra do Salitre","latitude":-19.1499,"longitude":-46.65307},{"id":14742,"name":"Serra dos Aimorés","latitude":-17.75022,"longitude":-40.27113},{"id":14744,"name":"Serrania","latitude":-21.5551,"longitude":-46.10712},{"id":14748,"name":"Serranópolis de Minas","latitude":-15.89984,"longitude":-42.85134},{"id":14746,"name":"Serranos","latitude":-21.82389,"longitude":-44.54236},{"id":14755,"name":"Serro","latitude":-18.52041,"longitude":-43.38075},{"id":14765,"name":"Sete Lagoas","latitude":-19.46583,"longitude":-44.24667},{"id":14768,"name":"Setubinha","latitude":-17.66692,"longitude":-42.19505},{"id":14779,"name":"Silveirânia","latitude":-21.14447,"longitude":-43.19826},{"id":14781,"name":"Silvianópolis","latitude":-22.05297,"longitude":-45.81579},{"id":14787,"name":"Simão Pereira","latitude":-21.96631,"longitude":-43.2903},{"id":14784,"name":"Simonésia","latitude":-19.99894,"longitude":-41.98726},{"id":14799,"name":"Sobrália","latitude":-19.21309,"longitude":-42.14818},{"id":14804,"name":"Soledade de Minas","latitude":-22.02216,"longitude":-45.04271},{"id":15191,"name":"Tabuleiro","latitude":-21.35779,"longitude":-43.24828},{"id":15202,"name":"Taiobeiras","latitude":-15.838,"longitude":-42.09039},{"id":15224,"name":"Taparuba","latitude":-19.72752,"longitude":-41.60277},{"id":15233,"name":"Tapira","latitude":-19.9337,"longitude":-46.91795},{"id":15237,"name":"Tapiraí","latitude":-19.87272,"longitude":-46.13291},{"id":15244,"name":"Taquaraçu de Minas","latitude":-19.63354,"longitude":-43.69161},{"id":15256,"name":"Tarumirim","latitude":-19.30041,"longitude":-41.91984},{"id":15268,"name":"Teixeiras","latitude":-20.63003,"longitude":-42.85443},{"id":15301,"name":"Teófilo Otoni","latitude":-17.6791,"longitude":-41.33738},{"id":15319,"name":"Timóteo","latitude":-19.58106,"longitude":-42.64953},{"id":15321,"name":"Tiradentes","latitude":-21.11854,"longitude":-44.16072},{"id":15323,"name":"Tiros","latitude":-18.85727,"longitude":-45.84049},{"id":15325,"name":"Tocantins","latitude":-21.18115,"longitude":-43.02555},{"id":15328,"name":"Tocos do Moji","latitude":-22.35665,"longitude":-46.14951},{"id":15330,"name":"Toledo","latitude":-22.70569,"longitude":-46.39041},{"id":15333,"name":"Tombos","latitude":-20.88046,"longitude":-42.06821},{"id":15373,"name":"Três Corações","latitude":-21.7026,"longitude":-45.21421},{"id":15378,"name":"Três Marias","latitude":-18.28891,"longitude":-45.02559},{"id":15381,"name":"Três Pontas","latitude":-21.40521,"longitude":-45.49443},{"id":15392,"name":"Tumiritinga","latitude":-19.02399,"longitude":-41.72297},{"id":15398,"name":"Tupaciguara","latitude":-18.59222,"longitude":-48.705},{"id":15413,"name":"Turmalina","latitude":-17.25347,"longitude":-42.83041},{"id":15420,"name":"Turvolândia","latitude":-21.87243,"longitude":-45.80089},{"id":15438,"name":"Ubá","latitude":-21.12,"longitude":-42.94278},{"id":15431,"name":"Ubaí","latitude":-16.38337,"longitude":-44.85525},{"id":15427,"name":"Ubaporanga","latitude":-19.66187,"longitude":-42.05903},{"id":15433,"name":"Uberaba","latitude":-19.54826,"longitude":-47.94144},{"id":15434,"name":"Uberlândia","latitude":-19.02333,"longitude":-48.33477},{"id":15448,"name":"Umburatiba","latitude":-17.25657,"longitude":-40.66878},{"id":15453,"name":"Unaí","latitude":-16.58634,"longitude":-46.77009},{"id":15460,"name":"União de Minas","latitude":-19.34087,"longitude":-50.35738},{"id":15470,"name":"Uruana de Minas","latitude":-16.07488,"longitude":-46.33829},{"id":15478,"name":"Urucânia","latitude":-20.32243,"longitude":-42.71972},{"id":15476,"name":"Urucuia","latitude":-16.01822,"longitude":-45.61731},{"id":15508,"name":"Vargem Alegre","latitude":-19.60085,"longitude":-42.3233},{"id":15510,"name":"Vargem Bonita","latitude":-20.40556,"longitude":-46.31426},{"id":15514,"name":"Vargem Grande do Rio Pardo","latitude":-15.34182,"longitude":-42.30107},{"id":15517,"name":"Varginha","latitude":-21.55139,"longitude":-45.43028},{"id":15520,"name":"Varjão de MInas","latitude":-18.45617,"longitude":-45.89854},{"id":15621,"name":"Várzea da Palma","latitude":-17.46025,"longitude":-44.74043},{"id":15523,"name":"Varzelândia","latitude":-15.65541,"longitude":-43.92043},{"id":15525,"name":"Vazante","latitude":-17.78783,"longitude":-46.79546},{"id":15540,"name":"Verdelândia","latitude":-15.54677,"longitude":-43.68013},{"id":15542,"name":"Veredinha","latitude":-17.50571,"longitude":-42.74858},{"id":15547,"name":"Veríssimo","latitude":-19.59178,"longitude":-48.35893},{"id":15543,"name":"Vermelho Novo","latitude":-20.03087,"longitude":-42.27068},{"id":15548,"name":"Vespasiano","latitude":-19.69194,"longitude":-43.92333},{"id":15607,"name":"Viçosa","latitude":-20.73527,"longitude":-42.89525},{"id":15562,"name":"Vieiras","latitude":-20.90888,"longitude":-42.28015},{"id":15582,"name":"Virgem da Lapa","latitude":-16.71637,"longitude":-42.34853},{"id":15585,"name":"Virgínia","latitude":-22.35515,"longitude":-45.11577},{"id":15583,"name":"Virginópolis","latitude":-18.81508,"longitude":-42.66943},{"id":15584,"name":"Virgolândia","latitude":-18.44284,"longitude":-42.30736},{"id":15587,"name":"Visconde do Rio Branco","latitude":-20.9951,"longitude":-42.85289},{"id":15609,"name":"Volta Grande","latitude":-21.75298,"longitude":-42.57357},{"id":15628,"name":"Wenceslau Braz","latitude":-22.53974,"longitude":-45.40214}]