[{"id":18859,"name":"Abengourou","latitude":6.72972,"longitude":-3.49639},{"id":18862,"name":"Aboisso","latitude":5.46779,"longitude":-3.20711},{"id":18863,"name":"Adiaké","latitude":5.28634,"longitude":-3.30403},{"id":18867,"name":"Agnibilékrou","latitude":7.13113,"longitude":-3.20415},{"id":18872,"name":"Ayamé","latitude":5.6052,"longitude":-3.15709},{"id":18880,"name":"Bonoua","latitude":5.27247,"longitude":-3.59625},{"id":18903,"name":"Grand-Bassam","latitude":5.2118,"longitude":-3.73884},{"id":18913,"name":"Indénié-Djuablin","latitude":6.74434,"longitude":-3.494},{"id":18931,"name":"Sud-Comoé","latitude":5.49961,"longitude":-3.2408}]