[{"id":10066,"name":"Abreu e Lima","latitude":-7.86865,"longitude":-35.08171},{"id":10085,"name":"Afogados da Ingazeira","latitude":-7.72298,"longitude":-37.61781},{"id":10089,"name":"Afrânio","latitude":-8.62589,"longitude":-41.05768},{"id":10091,"name":"Agrestina","latitude":-8.45191,"longitude":-35.93238},{"id":15663,"name":"Água Preta","latitude":-8.7075,"longitude":-35.53056},{"id":15665,"name":"Águas Belas","latitude":-9.11139,"longitude":-37.12306},{"id":10111,"name":"Alagoinha","latitude":-8.53497,"longitude":-36.75607},{"id":10137,"name":"Aliança","latitude":-7.59698,"longitude":-35.16536},{"id":10158,"name":"Altinho","latitude":-8.45151,"longitude":-36.08155},{"id":10206,"name":"Amaraji","latitude":-8.37192,"longitude":-35.48991},{"id":10250,"name":"Angelim","latitude":-8.89154,"longitude":-36.27674},{"id":10370,"name":"Araçoiaba","latitude":-7.79387,"longitude":-35.07645},{"id":10355,"name":"Araripina","latitude":-7.57611,"longitude":-40.49833},{"id":10379,"name":"Arcoverde","latitude":-8.41889,"longitude":-37.05389},{"id":10524,"name":"Barra de Guabiraba","latitude":-8.3945,"longitude":-35.62054},{"id":10556,"name":"Barreiros","latitude":-8.81833,"longitude":-35.18639},{"id":10617,"name":"Belém de Maria","latitude":-8.57849,"longitude":-35.82495},{"id":10618,"name":"Belém de São Francisco","latitude":-8.75389,"longitude":-38.96583},{"id":10621,"name":"Belém do São Francisco","latitude":-8.53386,"longitude":-38.98166},{"id":10608,"name":"Belo Jardim","latitude":-8.33556,"longitude":-36.42417},{"id":10643,"name":"Betânia","latitude":-8.28789,"longitude":-37.97622},{"id":10645,"name":"Bezerros","latitude":-8.23333,"longitude":-35.79694},{"id":10685,"name":"Bodocó","latitude":-7.78881,"longitude":-39.95255},{"id":10690,"name":"Bom Conselho","latitude":-9.16972,"longitude":-36.67972},{"id":10692,"name":"Bom Jardim","latitude":-7.79583,"longitude":-35.58722},{"id":10736,"name":"Bonito","latitude":-8.47028,"longitude":-35.72861},{"id":10799,"name":"Brejão","latitude":-9.036,"longitude":-36.56056},{"id":10786,"name":"Brejinho","latitude":-7.34462,"longitude":-37.33463},{"id":10793,"name":"Brejo da Madre de Deus","latitude":-8.14583,"longitude":-36.37111},{"id":10815,"name":"Buenos Aires","latitude":-7.72,"longitude":-35.32},{"id":10839,"name":"Buíque","latitude":-8.62306,"longitude":-37.15583},{"id":10852,"name":"Cabo","latitude":-8.28333,"longitude":-35.03333},{"id":10855,"name":"Cabo de Santo Agostinho","latitude":-8.27727,"longitude":-35.0909},{"id":10857,"name":"Cabrobó","latitude":-8.51417,"longitude":-39.31},{"id":10876,"name":"Cachoeirinha","latitude":-8.48639,"longitude":-36.23306},{"id":10892,"name":"Caetés","latitude":-8.77306,"longitude":-36.6225},{"id":10932,"name":"Calçado","latitude":-8.7358,"longitude":-36.33149},{"id":10931,"name":"Calumbi","latitude":-8.0191,"longitude":-38.09799},{"id":10941,"name":"Camaragibe","latitude":-7.9878,"longitude":-34.99136},{"id":10954,"name":"Camocim de São Félix","latitude":-8.35861,"longitude":-35.76194},{"id":11020,"name":"Camutanga","latitude":-7.43515,"longitude":-35.30172},{"id":11045,"name":"Canhotinho","latitude":-8.88222,"longitude":-36.19111},{"id":11092,"name":"Capoeiras","latitude":-8.73472,"longitude":-36.62667},{"id":11157,"name":"Carnaíba","latitude":-8.7,"longitude":-37.66667},{"id":11156,"name":"Carnaubeira da Penha","latitude":-8.42648,"longitude":-38.76523},{"id":11162,"name":"Carpina","latitude":-7.85083,"longitude":-35.25472},{"id":11166,"name":"Caruaru","latitude":-8.17924,"longitude":-36.02794},{"id":11181,"name":"Casinhas","latitude":-7.75811,"longitude":-35.69922},{"id":11201,"name":"Catende","latitude":-8.66667,"longitude":-35.71667},{"id":11231,"name":"Cedro","latitude":-7.71879,"longitude":-39.23334},{"id":11288,"name":"Chã de Alegria","latitude":-7.99013,"longitude":-35.18974},{"id":11286,"name":"Chã Grande","latitude":-8.23833,"longitude":-35.46167},{"id":11335,"name":"Colônia Leopoldina","latitude":-8.90889,"longitude":-35.725},{"id":11369,"name":"Condado","latitude":-7.58583,"longitude":-35.10583},{"id":11435,"name":"Correntes","latitude":-9.13378,"longitude":-36.32033},{"id":11437,"name":"Cortês","latitude":-8.44254,"longitude":-35.53378},{"id":11513,"name":"Cumaru","latitude":-8.00611,"longitude":-35.69722},{"id":11520,"name":"Cupira","latitude":-8.61667,"longitude":-35.95},{"id":11540,"name":"Custódia","latitude":-8.12882,"longitude":-37.66208},{"id":11649,"name":"Dormentes","latitude":-8.4302,"longitude":-40.59717},{"id":11724,"name":"Escada","latitude":-8.35917,"longitude":-35.22361},{"id":11769,"name":"Exu","latitude":-7.51194,"longitude":-39.72417},{"id":11790,"name":"Feira Nova","latitude":-7.93474,"longitude":-35.39248},{"id":11807,"name":"Fernando de Noronha","latitude":-3.85071,"longitude":-32.41997},{"id":11808,"name":"Fernando de Noronha (Distrito Estadual)","latitude":-3.84028,"longitude":-32.41083},{"id":11813,"name":"Ferreiros","latitude":-7.48644,"longitude":-35.19997},{"id":11830,"name":"Flores","latitude":-7.86806,"longitude":-37.97472},{"id":11834,"name":"Floresta","latitude":-8.60111,"longitude":-38.56861},{"id":11895,"name":"Frei Miguelinho","latitude":-7.94208,"longitude":-35.89073},{"id":11915,"name":"Gameleira","latitude":-8.58444,"longitude":-35.38667},{"id":11919,"name":"Garanhuns","latitude":-8.88202,"longitude":-36.50216},{"id":11953,"name":"Glória do Goitá","latitude":-8.03865,"longitude":-35.34006},{"id":11957,"name":"Goiana","latitude":-7.56056,"longitude":-35.0025},{"id":11997,"name":"Granito","latitude":-7.7438,"longitude":-39.64021},{"id":12002,"name":"Gravatá","latitude":-8.20111,"longitude":-35.56472},{"id":12011,"name":"Guabiraba","latitude":-8.41667,"longitude":-35.66667},{"id":12118,"name":"Iati","latitude":-9.19129,"longitude":-36.94946},{"id":12139,"name":"Ibimirim","latitude":-8.54056,"longitude":-37.69028},{"id":12147,"name":"Ibirajuba","latitude":-8.6129,"longitude":-36.15399},{"id":12188,"name":"Igarassu","latitude":-7.83417,"longitude":-34.90639},{"id":12197,"name":"Iguaracy","latitude":-7.84183,"longitude":-37.40822},{"id":12211,"name":"Ilha de Itamaracá","latitude":-7.74665,"longitude":-34.84728},{"id":12228,"name":"Inajá","latitude":-8.78778,"longitude":-37.78853},{"id":12243,"name":"Ingazeira","latitude":-7.71728,"longitude":-37.42461},{"id":12283,"name":"Ipojuca","latitude":-8.39889,"longitude":-35.06389},{"id":12290,"name":"Ipubi","latitude":-7.65194,"longitude":-40.14889},{"id":12344,"name":"Itacuruba","latitude":-8.76952,"longitude":-38.71917},{"id":12467,"name":"Itaíba","latitude":-8.9475,"longitude":-37.42278},{"id":12375,"name":"Itamaracá","latitude":-7.74778,"longitude":-34.82556},{"id":12385,"name":"Itambé","latitude":-7.44733,"longitude":-35.17356},{"id":12412,"name":"Itapetim","latitude":-7.39642,"longitude":-37.13113},{"id":12426,"name":"Itapissuma","latitude":-7.77639,"longitude":-34.89222},{"id":12446,"name":"Itaquitinga","latitude":-7.66778,"longitude":-35.10167},{"id":12508,"name":"Jaboatão","latitude":-8.18028,"longitude":-35.00139},{"id":12509,"name":"Jaboatão dos Guararapes","latitude":-8.14568,"longitude":-34.97381},{"id":12577,"name":"Jaqueira","latitude":-8.7388,"longitude":-35.7985},{"id":12599,"name":"Jataúba","latitude":-8.05299,"longitude":-36.57103},{"id":12602,"name":"Jatobá","latitude":-9.18306,"longitude":-38.26889},{"id":12657,"name":"João Alfredo","latitude":-7.85583,"longitude":-35.58833},{"id":12638,"name":"Joaquim Nabuco","latitude":-8.62444,"longitude":-35.53333},{"id":12676,"name":"Jucati","latitude":-8.75067,"longitude":-36.4775},{"id":12690,"name":"Jupi","latitude":-8.71547,"longitude":-36.39397},{"id":12697,"name":"Jurema","latitude":-8.78579,"longitude":-36.13364},{"id":12753,"name":"Lagoa de Itaenga","latitude":-7.90293,"longitude":-35.29323},{"id":12758,"name":"Lagoa do Carro","latitude":-7.85419,"longitude":-35.33637},{"id":12759,"name":"Lagoa do Itaenga","latitude":-7.93611,"longitude":-35.29028},{"id":12761,"name":"Lagoa do Ouro","latitude":-9.16636,"longitude":-36.48221},{"id":12765,"name":"Lagoa dos Gatos","latitude":-8.67965,"longitude":-35.88979},{"id":12738,"name":"Lagoa Grande","latitude":-8.78698,"longitude":-40.25356},{"id":12781,"name":"Lajedo","latitude":-8.66361,"longitude":-36.32},{"id":12831,"name":"Limoeiro","latitude":-7.85092,"longitude":-35.44512},{"id":12886,"name":"Macaparana","latitude":-7.52866,"longitude":-35.4443},{"id":12901,"name":"Machados","latitude":-7.71477,"longitude":-35.51882},{"id":12938,"name":"Manari","latitude":-8.88175,"longitude":-37.5876},{"id":12975,"name":"Maraial","latitude":-8.7825,"longitude":-35.80889},{"id":13140,"name":"Mirandiba","latitude":-8.13454,"longitude":-38.74089},{"id":13230,"name":"Moreilândia","latitude":-7.63092,"longitude":-39.52167},{"id":13232,"name":"Moreno","latitude":-8.11861,"longitude":-35.09222},{"id":13313,"name":"Nazaré da Mata","latitude":-7.74167,"longitude":-35.22778},{"id":13502,"name":"Olinda","latitude":-8.00889,"longitude":-34.85528},{"id":13523,"name":"Orobó","latitude":-7.745,"longitude":-35.60222},{"id":13524,"name":"Orocó","latitude":-8.49405,"longitude":-39.5779},{"id":13532,"name":"Ouricuri","latitude":-7.8825,"longitude":-40.08167},{"id":13583,"name":"Palmares","latitude":-8.68333,"longitude":-35.59167},{"id":13600,"name":"Palmeirina","latitude":-9.02961,"longitude":-36.24198},{"id":13615,"name":"Panelas","latitude":-8.66651,"longitude":-36.04783},{"id":13642,"name":"Paranatama","latitude":-8.89811,"longitude":-36.68199},{"id":13679,"name":"Parnamirim","latitude":-8.09056,"longitude":-39.57833},{"id":13695,"name":"Passira","latitude":-7.995,"longitude":-35.58056},{"id":13719,"name":"Paudalho","latitude":-7.94302,"longitude":-35.13559},{"id":13725,"name":"Paulista","latitude":-7.94083,"longitude":-34.87306},{"id":13745,"name":"Pedra","latitude":-8.49694,"longitude":-36.94083},{"id":13816,"name":"Pesqueira","latitude":-8.35778,"longitude":-36.69639},{"id":13819,"name":"Petrolândia","latitude":-8.84265,"longitude":-38.30348},{"id":13817,"name":"Petrolina","latitude":-9.39861,"longitude":-40.50083},{"id":14054,"name":"Poção","latitude":-8.21385,"longitude":-36.72266},{"id":13952,"name":"Pombos","latitude":-8.22536,"longitude":-35.41692},{"id":14101,"name":"Primavera","latitude":-8.33678,"longitude":-35.37539},{"id":14153,"name":"Quipapá","latitude":-8.82778,"longitude":-36.01167},{"id":14159,"name":"Quixaba","latitude":-7.72105,"longitude":-37.87276},{"id":14179,"name":"Recife","latitude":-8.05389,"longitude":-34.88111},{"id":14212,"name":"Riacho das Almas","latitude":-8.05397,"longitude":-35.82633},{"id":14236,"name":"Ribeirão","latitude":-8.50755,"longitude":-35.39342},{"id":14274,"name":"Rio Formoso","latitude":-8.66877,"longitude":-35.16277},{"id":14375,"name":"Sairé","latitude":-8.30128,"longitude":-35.68372},{"id":14381,"name":"Salgadinho","latitude":-7.92406,"longitude":-35.59677},{"id":14386,"name":"Salgueiro","latitude":-8.07417,"longitude":-39.11917},{"id":14392,"name":"Saloá","latitude":-9.06487,"longitude":-36.76158},{"id":14415,"name":"Sanharó","latitude":-8.29191,"longitude":-36.52169},{"id":14439,"name":"Santa Cruz","latitude":-8.30615,"longitude":-40.3189},{"id":14442,"name":"Santa Cruz da Baixa Verde","latitude":-7.84821,"longitude":-38.15341},{"id":14452,"name":"Santa Cruz do Capibaribe","latitude":-7.9575,"longitude":-36.20472},{"id":14462,"name":"Santa Filomena","latitude":-8.28797,"longitude":-40.59304},{"id":14505,"name":"Santa Maria da Boa Vista","latitude":-8.80778,"longitude":-39.82556},{"id":14511,"name":"Santa Maria do Cambucá","latitude":-7.81441,"longitude":-35.88175},{"id":14558,"name":"Santa Terezinha","latitude":-7.42664,"longitude":-37.44422},{"id":14833,"name":"São Benedito do Sul","latitude":-8.77212,"longitude":-35.90168},{"id":14843,"name":"São Bento do Una","latitude":-8.53733,"longitude":-36.48122},{"id":14854,"name":"São Caitano","latitude":-8.33931,"longitude":-36.16156},{"id":14999,"name":"São João","latitude":-8.86322,"longitude":-36.39102},{"id":14933,"name":"São Joaquim do Monte","latitude":-8.4325,"longitude":-35.80444},{"id":14942,"name":"São José da Coroa Grande","latitude":-8.89778,"longitude":-35.14778},{"id":14961,"name":"São José do Belmonte","latitude":-7.86139,"longitude":-38.75972},{"id":14970,"name":"São José do Egito","latitude":-7.47889,"longitude":-37.27444},{"id":15053,"name":"São Lourenço da Mata","latitude":-8.00222,"longitude":-35.01833},{"id":15171,"name":"São Vicente Férrer","latitude":-7.60222,"longitude":-35.50216},{"id":14734,"name":"Serra Talhada","latitude":-7.99194,"longitude":-38.29833},{"id":14754,"name":"Serrita","latitude":-7.84008,"longitude":-39.40812},{"id":14759,"name":"Sertânia","latitude":-8.07361,"longitude":-37.26444},{"id":14793,"name":"Sirinhaém","latitude":-8.59083,"longitude":-35.11611},{"id":14805,"name":"Solidão","latitude":-7.59117,"longitude":-37.65945},{"id":14826,"name":"Surubim","latitude":-7.83306,"longitude":-35.75472},{"id":15187,"name":"Tabira","latitude":-7.59075,"longitude":-37.49202},{"id":15193,"name":"Tacaimbó","latitude":-8.32284,"longitude":-36.24711},{"id":15194,"name":"Tacaratu","latitude":-8.9568,"longitude":-38.07649},{"id":15208,"name":"Tamandaré","latitude":-8.74874,"longitude":-35.13941},{"id":15247,"name":"Taquaritinga do Norte","latitude":-7.84571,"longitude":-36.12633},{"id":15287,"name":"Terezinha","latitude":-9.08773,"longitude":-36.6121},{"id":15291,"name":"Terra Nova","latitude":-8.16981,"longitude":-39.39098},{"id":15311,"name":"Timbaúba","latitude":-7.53194,"longitude":-35.35625},{"id":15337,"name":"Toritama","latitude":-7.99823,"longitude":-36.06332},{"id":15346,"name":"Tracunhaém","latitude":-7.7246,"longitude":-35.1548},{"id":15360,"name":"Trindade","latitude":-7.78327,"longitude":-40.33408},{"id":15363,"name":"Triunfo","latitude":-7.84766,"longitude":-38.05176},{"id":15399,"name":"Tupanatinga","latitude":-8.67328,"longitude":-37.34532},{"id":15404,"name":"Tuparetama","latitude":-7.71335,"longitude":-37.24523},{"id":15529,"name":"Venturosa","latitude":-8.6033,"longitude":-36.79818},{"id":15539,"name":"Verdejante","latitude":-7.9847,"longitude":-38.99816},{"id":15544,"name":"Vertente do Lério","latitude":-7.78986,"longitude":-35.80318},{"id":15545,"name":"Vertentes","latitude":-7.90936,"longitude":-35.97775},{"id":15559,"name":"Vicência","latitude":-7.65645,"longitude":-35.39117},{"id":15601,"name":"Vitória de Santo Antão","latitude":-8.11806,"longitude":-35.29139},{"id":15640,"name":"Xexéu","latitude":-8.86469,"longitude":-35.64275}]