[{"id":9278,"name":"Bolyarovo","latitude":42.14962,"longitude":26.81116},{"id":9325,"name":"Elhovo","latitude":42.16667,"longitude":26.56667},{"id":9432,"name":"Obshtina Bolyarovo","latitude":42.15,"longitude":26.85},{"id":9471,"name":"Obshtina Elhovo","latitude":42.11667,"longitude":26.61667},{"id":9600,"name":"Obshtina Straldzha","latitude":42.48333,"longitude":26.78333},{"id":9618,"name":"Obshtina Tundzha","latitude":42.35,"longitude":26.45},{"id":9634,"name":"Obshtina Yambol","latitude":42.48333,"longitude":26.5},{"id":9708,"name":"Straldzha","latitude":42.6,"longitude":26.68333},{"id":9746,"name":"Yambol","latitude":42.48333,"longitude":26.5}]