[{"id":16199,"name":"Bay Roberts","latitude":47.59989,"longitude":-53.26478},{"id":16200,"name":"Bay St. George South","latitude":48.22781,"longitude":-58.84162},{"id":16228,"name":"Bonavista","latitude":48.64989,"longitude":-53.11474},{"id":16230,"name":"Botwood","latitude":49.14994,"longitude":-55.34819},{"id":16251,"name":"Burgeo","latitude":47.61668,"longitude":-57.61516},{"id":16276,"name":"Carbonear","latitude":47.73319,"longitude":-53.21478},{"id":16287,"name":"Catalina","latitude":48.51659,"longitude":-53.08135},{"id":16294,"name":"Channel-Port aux Basques","latitude":47.57286,"longitude":-59.13808},{"id":16313,"name":"Clarenville-Shoal Harbour","latitude":48.1805,"longitude":-53.96982},{"id":16327,"name":"Conception Bay South","latitude":47.49989,"longitude":-52.99806},{"id":16336,"name":"Corner Brook","latitude":48.95001,"longitude":-57.95202},{"id":16362,"name":"Deer Lake","latitude":49.16671,"longitude":-57.43163},{"id":16425,"name":"Fogo Island","latitude":49.71649,"longitude":-54.16981},{"id":16445,"name":"Gambo","latitude":48.7832,"longitude":-54.21482},{"id":16460,"name":"Goulds","latitude":47.45532,"longitude":-52.77552},{"id":16462,"name":"Grand Bank","latitude":47.09995,"longitude":-55.76504},{"id":16464,"name":"Grand Falls-Windsor","latitude":48.93324,"longitude":-55.66492},{"id":16491,"name":"Happy Valley-Goose Bay","latitude":53.3038,"longitude":-60.32576},{"id":16492,"name":"Harbour Breton","latitude":47.48325,"longitude":-55.79833},{"id":16574,"name":"Labrador City","latitude":52.94626,"longitude":-66.91137},{"id":16615,"name":"Lewisporte","latitude":49.24993,"longitude":-55.04816},{"id":16664,"name":"Marystown","latitude":47.16663,"longitude":-55.14829},{"id":16724,"name":"Mount Pearl","latitude":47.51659,"longitude":-52.78135},{"id":16802,"name":"Pasadena","latitude":49.01671,"longitude":-57.59837},{"id":17063,"name":"Springdale","latitude":49.49995,"longitude":-56.06492},{"id":17069,"name":"St. Anthony","latitude":51.37039,"longitude":-55.59743},{"id":17072,"name":"St. John's","latitude":47.56494,"longitude":-52.70931},{"id":17076,"name":"Stephenville","latitude":48.55001,"longitude":-58.5818},{"id":17077,"name":"Stephenville Crossing","latitude":48.50001,"longitude":-58.4318},{"id":17120,"name":"Torbay","latitude":47.66659,"longitude":-52.73135},{"id":17135,"name":"Upper Island Cove","latitude":47.64989,"longitude":-53.21478},{"id":17164,"name":"Wabana","latitude":47.63319,"longitude":-52.94806}]