[{"id":10062,"name":"Abdon Batista","latitude":-27.58981,"longitude":-51.04023},{"id":10064,"name":"Abelardo Luz","latitude":-26.59825,"longitude":-52.22321},{"id":10093,"name":"Agrolândia","latitude":-27.46387,"longitude":-49.83759},{"id":10094,"name":"Agronômica","latitude":-27.31658,"longitude":-49.73117},{"id":15656,"name":"Água Doce","latitude":-26.79693,"longitude":-51.63639},{"id":15672,"name":"Águas de Chapecó","latitude":-27.07229,"longitude":-52.96389},{"id":15667,"name":"Águas Frias","latitude":-26.85757,"longitude":-52.85062},{"id":15669,"name":"Águas Mornas","latitude":-27.74227,"longitude":-48.92023},{"id":10134,"name":"Alfredo Wagner","latitude":-27.70481,"longitude":-49.34069},{"id":10166,"name":"Alto Bela Vista","latitude":-27.40999,"longitude":-51.93145},{"id":10241,"name":"Anchieta","latitude":-26.52666,"longitude":-53.35459},{"id":10251,"name":"Angelina","latitude":-27.5345,"longitude":-49.08558},{"id":10264,"name":"Anita Garibaldi","latitude":-27.72616,"longitude":-51.05838},{"id":10265,"name":"Anitápolis","latitude":-27.90194,"longitude":-49.12861},{"id":10274,"name":"Antônio Carlos","latitude":-27.49807,"longitude":-48.83918},{"id":10296,"name":"Apiúna","latitude":-27.10736,"longitude":-49.38129},{"id":10307,"name":"Arabutã","latitude":-27.14142,"longitude":-52.18125},{"id":10346,"name":"Araquari","latitude":-26.46833,"longitude":-48.80083},{"id":10348,"name":"Araranguá","latitude":-28.93954,"longitude":-49.51119},{"id":10400,"name":"Armação","latitude":-27.74963,"longitude":-48.50713},{"id":10399,"name":"Armazém","latitude":-28.22409,"longitude":-49.00779},{"id":10411,"name":"Arroio Trinta","latitude":-26.91617,"longitude":-51.34527},{"id":10420,"name":"Arvoredo","latitude":-27.06908,"longitude":-52.44892},{"id":10423,"name":"Ascurra","latitude":-26.98578,"longitude":-49.37084},{"id":10437,"name":"Atalanta","latitude":-27.44296,"longitude":-49.76089},{"id":10451,"name":"Aurora","latitude":-27.3393,"longitude":-49.57823},{"id":10484,"name":"Balneário Arroio do Silva","latitude":-29.00699,"longitude":-49.47849},{"id":10485,"name":"Balneário Barra do Sul","latitude":-26.4189,"longitude":-48.65147},{"id":10486,"name":"Balneário Camboriú","latitude":-26.99056,"longitude":-48.63472},{"id":10487,"name":"Balneário Gaivota","latitude":-29.13006,"longitude":-49.61187},{"id":10489,"name":"Balneário Piçarras","latitude":-26.7558,"longitude":-48.76},{"id":10490,"name":"Balneário Rincão","latitude":-28.82679,"longitude":-49.25425},{"id":10499,"name":"Bandeirante","latitude":-26.76857,"longitude":-53.64907},{"id":10517,"name":"Barra Bonita","latitude":-26.68537,"longitude":-53.41393},{"id":10521,"name":"Barra Velha","latitude":-26.63222,"longitude":-48.68472},{"id":10601,"name":"Bela Vista do Toldo","latitude":-26.45944,"longitude":-50.51061},{"id":10605,"name":"Belmonte","latitude":-26.85317,"longitude":-53.61399},{"id":10624,"name":"Benedito Novo","latitude":-26.78592,"longitude":-49.43603},{"id":10648,"name":"Biguaçu","latitude":-27.49417,"longitude":-48.65556},{"id":10656,"name":"Blumenau","latitude":-26.91944,"longitude":-49.06611},{"id":10682,"name":"Bocaina do Sul","latitude":-27.73891,"longitude":-49.91707},{"id":10695,"name":"Bom Jardim da Serra","latitude":-28.36743,"longitude":-49.64216},{"id":10702,"name":"Bom Jesus","latitude":-26.74082,"longitude":-52.39184},{"id":10713,"name":"Bom Jesus do Oeste","latitude":-26.69047,"longitude":-53.09669},{"id":10723,"name":"Bom Retiro","latitude":-27.76046,"longitude":-49.61964},{"id":10730,"name":"Bombinhas","latitude":-27.17876,"longitude":-48.50195},{"id":10761,"name":"Botuverá","latitude":-27.20456,"longitude":-49.11175},{"id":10780,"name":"Braço do Norte","latitude":-28.275,"longitude":-49.16556},{"id":10781,"name":"Braço do Trombudo","latitude":-27.37888,"longitude":-49.91379},{"id":10811,"name":"Brunópolis","latitude":-27.34781,"longitude":-50.83631},{"id":10812,"name":"Brusque","latitude":-27.09795,"longitude":-48.91281},{"id":11221,"name":"Caçador","latitude":-26.77528,"longitude":-51.015},{"id":10902,"name":"Caibi","latitude":-27.03422,"longitude":-53.27842},{"id":10930,"name":"Calmon","latitude":-26.64037,"longitude":-51.02439},{"id":10947,"name":"Camboriú","latitude":-27.07562,"longitude":-48.7153},{"id":10969,"name":"Campinas","latitude":-27.59444,"longitude":-48.60694},{"id":10977,"name":"Campo Alegre","latitude":-26.08532,"longitude":-49.18746},{"id":10983,"name":"Campo Belo do Sul","latitude":-27.8394,"longitude":-50.76583},{"id":10986,"name":"Campo Erê","latitude":-26.45834,"longitude":-53.18257},{"id":11013,"name":"Campos Novos","latitude":-27.40167,"longitude":-51.225},{"id":11041,"name":"Canelinha","latitude":-27.24874,"longitude":-48.78781},{"id":11050,"name":"Canoinhas","latitude":-26.17722,"longitude":-50.39},{"id":11095,"name":"Capão Alto","latitude":-28.06834,"longitude":-50.62921},{"id":11076,"name":"Capinzal","latitude":-27.34361,"longitude":-51.61194},{"id":11089,"name":"Capivari de Baixo","latitude":-28.45237,"longitude":-48.95364},{"id":11128,"name":"Carianos","latitude":-27.66088,"longitude":-48.54318},{"id":11170,"name":"Carvoeira","latitude":-27.59898,"longitude":-48.52618},{"id":11197,"name":"Catanduvas","latitude":-27.0539,"longitude":-51.72395},{"id":11217,"name":"Caxambu do Sul","latitude":-27.13095,"longitude":-52.91856},{"id":11234,"name":"Celso Ramos","latitude":-27.63444,"longitude":-51.33639},{"id":11255,"name":"Cerro Negro","latitude":-27.7727,"longitude":-50.94035},{"id":11267,"name":"Chapadão do Lageado","latitude":-27.58487,"longitude":-49.55644},{"id":11269,"name":"Chapecó","latitude":-27.09639,"longitude":-52.61833},{"id":11305,"name":"Cocal","latitude":-28.60321,"longitude":-49.32767},{"id":11308,"name":"Cocal do Sul","latitude":-28.59988,"longitude":-49.32582},{"id":11367,"name":"Concórdia","latitude":-27.22936,"longitude":-52.00106},{"id":11402,"name":"Cordilheira Alta","latitude":-26.97554,"longitude":-52.63305},{"id":11420,"name":"Coronel Freitas","latitude":-26.89431,"longitude":-52.76329},{"id":11425,"name":"Coronel Martins","latitude":-26.54773,"longitude":-52.67392},{"id":11432,"name":"Corrego Grande","latitude":-27.60141,"longitude":-48.50593},{"id":11433,"name":"Correia Pinto","latitude":-27.58472,"longitude":-50.36111},{"id":11444,"name":"Corupá","latitude":-26.42528,"longitude":-49.24306},{"id":11450,"name":"Costeira do Pirajubae","latitude":-27.63586,"longitude":-48.5212},{"id":11465,"name":"Criciúma","latitude":-28.6775,"longitude":-49.36972},{"id":11517,"name":"Cunha Porã","latitude":-26.86612,"longitude":-53.2102},{"id":11518,"name":"Cunhataí","latitude":-26.97742,"longitude":-53.10785},{"id":11525,"name":"Curitibanos","latitude":-27.27414,"longitude":-50.60962},{"id":11577,"name":"Descanso","latitude":-26.87384,"longitude":-53.48415},{"id":11595,"name":"Dionísio Cerqueira","latitude":-26.3334,"longitude":-53.53403},{"id":11639,"name":"Dona Emma","latitude":-26.97694,"longitude":-49.81076},{"id":11657,"name":"Doutor Pedrinho","latitude":-26.71142,"longitude":-49.55827},{"id":11706,"name":"Entre Rios","latitude":-26.7314,"longitude":-52.59697},{"id":11718,"name":"Ermo","latitude":-28.9744,"longitude":-49.6494},{"id":11722,"name":"Erval Velho","latitude":-27.29027,"longitude":-51.38648},{"id":11783,"name":"Faxinal dos Guedes","latitude":-26.8315,"longitude":-52.26214},{"id":11826,"name":"Flor do Sertão","latitude":-26.75638,"longitude":-53.33675},{"id":11843,"name":"Florianópolis","latitude":-27.59667,"longitude":-48.54917},{"id":11856,"name":"Formosa do Sul","latitude":-26.64697,"longitude":-52.80427},{"id":11862,"name":"Forquilhinha","latitude":-28.7475,"longitude":-49.47222},{"id":11873,"name":"Fraiburgo","latitude":-27.0479,"longitude":-50.80694},{"id":11890,"name":"Freguesia do Ribeirao da Ilha","latitude":-27.71773,"longitude":-48.56266},{"id":11897,"name":"Frei Rogério","latitude":-27.21783,"longitude":-50.77022},{"id":11914,"name":"Galvão","latitude":-26.45882,"longitude":-52.68535},{"id":11922,"name":"Garopaba","latitude":-28.02744,"longitude":-48.6145},{"id":11925,"name":"Garuva","latitude":-26.06047,"longitude":-48.87082},{"id":11927,"name":"Gaspar","latitude":-26.93139,"longitude":-48.95889},{"id":11979,"name":"Governador Celso Ramos","latitude":-27.37201,"longitude":-48.57908},{"id":12009,"name":"Grão Pará","latitude":-28.1358,"longitude":-49.31612},{"id":12000,"name":"Gravatal","latitude":-28.31534,"longitude":-49.04351},{"id":12012,"name":"Guabiruba","latitude":-27.11189,"longitude":-49.02215},{"id":12038,"name":"Guaraciaba","latitude":-26.57386,"longitude":-53.59786},{"id":12042,"name":"Guaramirim","latitude":-26.47306,"longitude":-49.00278},{"id":12069,"name":"Guarujá do Sul","latitude":-26.40561,"longitude":-53.47207},{"id":12072,"name":"Guatambú","latitude":-27.11045,"longitude":-52.78938},{"id":12098,"name":"Herval d'Oeste","latitude":-27.20408,"longitude":-51.42029},{"id":12128,"name":"Ibiam","latitude":-27.20944,"longitude":-51.2223},{"id":12135,"name":"Ibicaré","latitude":-27.09743,"longitude":-51.37144},{"id":12148,"name":"Ibirama","latitude":-27.05694,"longitude":-49.51778},{"id":12506,"name":"Içara","latitude":-28.71333,"longitude":-49.3},{"id":12213,"name":"Ilhota","latitude":-26.85404,"longitude":-48.88648},{"id":12218,"name":"Imaruí","latitude":-28.19624,"longitude":-48.82316},{"id":12220,"name":"Imbituba","latitude":-28.24,"longitude":-48.67028},{"id":12222,"name":"Imbuia","latitude":-27.51118,"longitude":-49.40656},{"id":12232,"name":"Indaial","latitude":-26.89778,"longitude":-49.23167},{"id":12258,"name":"Iomerê","latitude":-26.98588,"longitude":-51.26049},{"id":12274,"name":"Ipira","latitude":-27.38715,"longitude":-51.79708},{"id":12287,"name":"Iporã do Oeste","latitude":-26.99157,"longitude":-53.49023},{"id":12289,"name":"Ipuaçu","latitude":-26.67076,"longitude":-52.48261},{"id":12296,"name":"Ipumirim","latitude":-27.04778,"longitude":-52.14024},{"id":12302,"name":"Iraceminha","latitude":-26.85495,"longitude":-53.31848},{"id":12307,"name":"Irani","latitude":-27.03626,"longitude":-51.91783},{"id":12313,"name":"Irati","latitude":-26.64113,"longitude":-52.89959},{"id":12319,"name":"Irineópolis","latitude":-26.33324,"longitude":-50.78333},{"id":12495,"name":"Itá","latitude":-27.2441,"longitude":-52.33213},{"id":12343,"name":"Itacorubi","latitude":-27.58315,"longitude":-48.49503},{"id":12365,"name":"Itaiópolis","latitude":-26.47612,"longitude":-49.90456},{"id":12366,"name":"Itajaí","latitude":-26.90778,"longitude":-48.66194},{"id":12408,"name":"Itapema","latitude":-27.10715,"longitude":-48.6244},{"id":12422,"name":"Itapiranga","latitude":-27.10055,"longitude":-53.72164},{"id":12435,"name":"Itapoá","latitude":-26.04546,"longitude":-48.66869},{"id":12491,"name":"Ituporanga","latitude":-27.48272,"longitude":-49.49128},{"id":12512,"name":"Jaborá","latitude":-27.12846,"longitude":-51.79869},{"id":12526,"name":"Jacinto Machado","latitude":-29.01184,"longitude":-49.88785},{"id":12548,"name":"Jaguaruna","latitude":-28.62145,"longitude":-49.02529},{"id":12581,"name":"Jaraguá do Sul","latitude":-26.48611,"longitude":-49.06667},{"id":12593,"name":"Jardinópolis","latitude":-26.73553,"longitude":-52.8946},{"id":12641,"name":"Joaçaba","latitude":-27.17806,"longitude":-51.50472},{"id":12645,"name":"Joinville","latitude":-26.30444,"longitude":-48.84556},{"id":12650,"name":"José Boiteux","latitude":-26.83852,"longitude":-49.64618},{"id":12691,"name":"Jupiá","latitude":-26.41103,"longitude":-52.73097},{"id":12721,"name":"Lacerdópolis","latitude":-27.25354,"longitude":-51.58504},{"id":12727,"name":"Lages","latitude":-27.81611,"longitude":-50.32611},{"id":12732,"name":"Lagoa","latitude":-27.60491,"longitude":-48.46713},{"id":12771,"name":"Laguna","latitude":-28.4825,"longitude":-48.78083},{"id":12777,"name":"Lajeado Grande","latitude":-26.85054,"longitude":-52.54065},{"id":12803,"name":"Laurentino","latitude":-27.20853,"longitude":-49.73411},{"id":12804,"name":"Lauro Muller","latitude":-28.39278,"longitude":-49.39667},{"id":12814,"name":"Lebon Régis","latitude":-26.88524,"longitude":-50.67811},{"id":12819,"name":"Leoberto Leal","latitude":-27.48804,"longitude":-49.25121},{"id":12838,"name":"Lindóia do Sul","latitude":-27.03246,"longitude":-52.04059},{"id":12851,"name":"Lontras","latitude":-27.17928,"longitude":-49.49924},{"id":12865,"name":"Luiz Alves","latitude":-26.73625,"longitude":-48.88531},{"id":12874,"name":"Luzerna","latitude":-27.07656,"longitude":-51.49348},{"id":12902,"name":"Macieira","latitude":-26.8107,"longitude":-51.34343},{"id":12910,"name":"Mafra","latitude":-26.11139,"longitude":-49.80528},{"id":12920,"name":"Major Gercino","latitude":-27.42331,"longitude":-49.05744},{"id":12923,"name":"Major Vieira","latitude":-26.49482,"longitude":-50.32712},{"id":12967,"name":"Maracajá","latitude":-28.85185,"longitude":-49.46443},{"id":12986,"name":"Maravilha","latitude":-26.75798,"longitude":-53.18283},{"id":13002,"name":"Marema","latitude":-26.79773,"longitude":-52.62047},{"id":13044,"name":"Massaranduba","latitude":-26.61983,"longitude":-48.98214},{"id":13070,"name":"Matos Costa","latitude":-26.4836,"longitude":-51.16293},{"id":13095,"name":"Meleiro","latitude":-28.85788,"longitude":-49.59973},{"id":13155,"name":"Mirim Doce","latitude":-27.17316,"longitude":-50.18872},{"id":13161,"name":"Modelo","latitude":-26.7729,"longitude":-53.05042},{"id":13174,"name":"Mondaí","latitude":-27.08404,"longitude":-53.43972},{"id":13200,"name":"Monte Carlo","latitude":-27.18677,"longitude":-50.9211},{"id":13203,"name":"Monte Castelo","latitude":-26.61655,"longitude":-50.28851},{"id":13245,"name":"Morro da Cruz","latitude":-27.5849,"longitude":-48.53562},{"id":13246,"name":"Morro da Fumaça","latitude":-28.65083,"longitude":-49.21},{"id":13242,"name":"Morro Grande","latitude":-28.72547,"longitude":-49.74789},{"id":13306,"name":"Navegantes","latitude":-26.89889,"longitude":-48.65417},{"id":13373,"name":"Nova Erechim","latitude":-26.91297,"longitude":-52.89851},{"id":13394,"name":"Nova Itaberaba","latitude":-26.93156,"longitude":-52.84006},{"id":13440,"name":"Nova Trento","latitude":-27.3047,"longitude":-49.0426},{"id":13444,"name":"Nova Veneza","latitude":-28.70447,"longitude":-49.58779},{"id":13462,"name":"Novo Horizonte","latitude":-26.49656,"longitude":-52.781},{"id":13521,"name":"Orleans","latitude":-28.30008,"longitude":-49.35423},{"id":13531,"name":"Otacílio Costa","latitude":-27.48306,"longitude":-50.12194},{"id":13537,"name":"Ouro","latitude":-27.28699,"longitude":-51.68164},{"id":13546,"name":"Ouro Verde","latitude":-26.73257,"longitude":-52.27153},{"id":13567,"name":"Paial","latitude":-27.20297,"longitude":-52.47551},{"id":13570,"name":"Painel","latitude":-27.97471,"longitude":-50.05976},{"id":13580,"name":"Palhoça","latitude":-27.64528,"longitude":-48.66778},{"id":13582,"name":"Palma Sola","latitude":-26.39154,"longitude":-53.33171},{"id":13590,"name":"Palmeira","latitude":-27.55649,"longitude":-50.16497},{"id":13608,"name":"Palmitos","latitude":-27.08066,"longitude":-53.17812},{"id":13617,"name":"Pantanal","latitude":-27.60985,"longitude":-48.51648},{"id":13619,"name":"Pantano do Sul","latitude":-27.77972,"longitude":-48.50861},{"id":13621,"name":"Papanduva","latitude":-26.47628,"longitude":-50.17467},{"id":13660,"name":"Paraíso","latitude":-26.66872,"longitude":-53.6855},{"id":13698,"name":"Passo de Torres","latitude":-29.29393,"longitude":-49.74094},{"id":13701,"name":"Passos Maia","latitude":-26.70774,"longitude":-51.94716},{"id":13735,"name":"Paulo Lopes","latitude":-27.94684,"longitude":-48.74058},{"id":13763,"name":"Pedras Grandes","latitude":-28.4827,"longitude":-49.22027},{"id":13796,"name":"Penha","latitude":-26.80226,"longitude":-48.6271},{"id":13810,"name":"Peritiba","latitude":-27.34845,"longitude":-51.88687},{"id":13820,"name":"Petrolândia","latitude":-27.53735,"longitude":-49.67274},{"id":13864,"name":"Pinhalzinho","latitude":-26.8193,"longitude":-52.97639},{"id":13870,"name":"Pinheiro Preto","latitude":-27.05458,"longitude":-51.22708},{"id":13909,"name":"Piratuba","latitude":-27.45623,"longitude":-51.77474},{"id":13941,"name":"Planalto Alegre","latitude":-27.07348,"longitude":-52.85503},{"id":13953,"name":"Pomerode","latitude":-26.72404,"longitude":-49.16897},{"id":13965,"name":"Ponte Alta","latitude":-27.42574,"longitude":-50.29365},{"id":13967,"name":"Ponte Alta do Norte","latitude":-27.18129,"longitude":-50.4358},{"id":13972,"name":"Ponte Serrada","latitude":-26.86053,"longitude":-51.91066},{"id":14000,"name":"Porto Belo","latitude":-27.15778,"longitude":-48.55306},{"id":14018,"name":"Porto União","latitude":-26.23806,"longitude":-51.07833},{"id":14041,"name":"Pouso Redondo","latitude":-27.30394,"longitude":-49.98473},{"id":14064,"name":"Praia Grande","latitude":-29.20318,"longitude":-50.03412},{"id":14077,"name":"Presidente Castello Branco","latitude":-27.23647,"longitude":-51.77999},{"id":14083,"name":"Presidente Getúlio","latitude":-27.06188,"longitude":-49.71403},{"id":14093,"name":"Presidente Nereu","latitude":-27.2632,"longitude":-49.32267},{"id":14106,"name":"Princesa","latitude":-26.43219,"longitude":-53.62477},{"id":14149,"name":"Quilombo","latitude":-26.72644,"longitude":-52.67673},{"id":14173,"name":"Rancho Queimado","latitude":-27.70731,"longitude":-49.07164},{"id":14202,"name":"Residencia Moacir PU5BHV","latitude":-26.90967,"longitude":-49.36547},{"id":14246,"name":"Ribeirão da Ilha","latitude":-27.69934,"longitude":-48.53219},{"id":14304,"name":"Rio das Antas","latitude":-26.90733,"longitude":-51.02961},{"id":14311,"name":"Rio do Campo","latitude":-26.8609,"longitude":-50.11202},{"id":14313,"name":"Rio do Oeste","latitude":-27.1487,"longitude":-49.84549},{"id":14316,"name":"Rio do Sul","latitude":-27.21417,"longitude":-49.64306},{"id":14318,"name":"Rio dos Cedros","latitude":-26.61087,"longitude":-49.37226},{"id":14275,"name":"Rio Fortuna","latitude":-28.08443,"longitude":-49.2012},{"id":14282,"name":"Rio Negrinho","latitude":-26.25444,"longitude":-49.51833},{"id":14296,"name":"Rio Rufino","latitude":-27.95567,"longitude":-49.7792},{"id":14298,"name":"Rio Tavares","latitude":-27.64529,"longitude":-48.47486},{"id":14322,"name":"Riqueza","latitude":-26.98193,"longitude":-53.33956},{"id":14328,"name":"Rodeio","latitude":-26.92278,"longitude":-49.36639},{"id":14339,"name":"Romelândia","latitude":-26.67239,"longitude":-53.31093},{"id":14371,"name":"Saco dos Limoes","latitude":-27.60864,"longitude":-48.53605},{"id":14380,"name":"Salete","latitude":-26.9376,"longitude":-49.99718},{"id":14394,"name":"Saltinho","latitude":-26.58366,"longitude":-53.02568},{"id":14397,"name":"Salto Veloso","latitude":-26.90818,"longitude":-51.41468},{"id":14414,"name":"Sangão","latitude":-28.67007,"longitude":-49.12209},{"id":14432,"name":"Santa Cecília","latitude":-26.96083,"longitude":-50.42694},{"id":14473,"name":"Santa Helena","latitude":-26.9235,"longitude":-53.60898},{"id":14520,"name":"Santa Monica","latitude":-27.59137,"longitude":-48.50756},{"id":14544,"name":"Santa Rosa de Lima","latitude":-28.01252,"longitude":-49.18941},{"id":14548,"name":"Santa Rosa do Sul","latitude":-29.09751,"longitude":-49.7351},{"id":14559,"name":"Santa Terezinha","latitude":-26.66961,"longitude":-50.0134},{"id":14563,"name":"Santa Terezinha do Progresso","latitude":-26.59871,"longitude":-53.18418},{"id":14601,"name":"Santiago do Sul","latitude":-26.6306,"longitude":-52.67466},{"id":14604,"name":"Santo Amaro da Imperatriz","latitude":-27.68806,"longitude":-48.77861},{"id":14840,"name":"São Bento do Sul","latitude":-26.25028,"longitude":-49.37861},{"id":14844,"name":"São Bernardino","latitude":-26.46259,"longitude":-52.96921},{"id":14847,"name":"São Bonifácio","latitude":-27.95656,"longitude":-48.9397},{"id":14856,"name":"São Carlos","latitude":-27.0445,"longitude":-53.03549},{"id":14859,"name":"São Cristóvão do Sul","latitude":-27.26707,"longitude":-50.37731},{"id":14864,"name":"São Domingos","latitude":-26.56428,"longitude":-52.55695},{"id":14898,"name":"São Francisco do Sul","latitude":-26.24333,"longitude":-48.63806},{"id":15001,"name":"São João Batista","latitude":-27.27611,"longitude":-48.84944},{"id":15029,"name":"São João do Itaperiú","latitude":-26.60265,"longitude":-48.80051},{"id":15034,"name":"São João do Oeste","latitude":-27.0831,"longitude":-53.59218},{"id":15045,"name":"São João do Sul","latitude":-29.20713,"longitude":-49.85103},{"id":14930,"name":"São Joaquim","latitude":-28.29389,"longitude":-49.93167},{"id":14938,"name":"São José","latitude":-28.21171,"longitude":-49.1632},{"id":14966,"name":"São José do Cedro","latitude":-26.48127,"longitude":-53.56285},{"id":14967,"name":"São José do Cerrito","latitude":-27.60401,"longitude":-50.65663},{"id":15055,"name":"São Lourenço do Oeste","latitude":-26.35917,"longitude":-52.85111},{"id":15058,"name":"São Ludgero","latitude":-28.34254,"longitude":-49.17537},{"id":15073,"name":"São Martinho","latitude":-28.10511,"longitude":-48.98564},{"id":15081,"name":"São Miguel da Boa Vista","latitude":-26.68603,"longitude":-53.25718},{"id":15093,"name":"São Miguel do Oeste","latitude":-26.71868,"longitude":-53.5194},{"id":15114,"name":"São Pedro de Alcântara","latitude":-27.57276,"longitude":-48.83917},{"id":14677,"name":"Saudades","latitude":-26.879,"longitude":-53.04038},{"id":14679,"name":"Schroeder","latitude":-26.4125,"longitude":-49.07306},{"id":14681,"name":"Seara","latitude":-27.14478,"longitude":-52.34857},{"id":14722,"name":"Serra Alta","latitude":-26.70236,"longitude":-53.01399},{"id":14772,"name":"Siderópolis","latitude":-28.59778,"longitude":-49.42444},{"id":14808,"name":"Sombrio","latitude":-29.11389,"longitude":-49.61667},{"id":14821,"name":"Sul Brasil","latitude":-26.70686,"longitude":-52.94355},{"id":15205,"name":"Taió","latitude":-27.08902,"longitude":-50.09933},{"id":15216,"name":"Tangará","latitude":-27.12587,"longitude":-51.09938},{"id":15228,"name":"Tapera","latitude":-27.68528,"longitude":-48.55124},{"id":15308,"name":"Tigrinhos","latitude":-26.66573,"longitude":-53.16125},{"id":15309,"name":"Tijucas","latitude":-27.24701,"longitude":-48.71619},{"id":15315,"name":"Timbé do Sul","latitude":-28.79089,"longitude":-49.89509},{"id":15316,"name":"Timbó","latitude":-26.82056,"longitude":-49.28734},{"id":15317,"name":"Timbó Grande","latitude":-26.62458,"longitude":-50.63553},{"id":15370,"name":"Três Barras","latitude":-26.16511,"longitude":-50.27142},{"id":15355,"name":"Treviso","latitude":-28.49941,"longitude":-49.5036},{"id":15357,"name":"Treze de Maio","latitude":-28.53919,"longitude":-49.14504},{"id":15356,"name":"Treze Tílias","latitude":-26.95726,"longitude":-51.43183},{"id":15359,"name":"Trindade","latitude":-27.58612,"longitude":-48.52335},{"id":15368,"name":"Trombudo Central","latitude":-27.30803,"longitude":-49.81251},{"id":15385,"name":"Tubarão","latitude":-28.46667,"longitude":-49.00694},{"id":15397,"name":"Tunápolis","latitude":-26.99245,"longitude":-53.65618},{"id":15419,"name":"Turvo","latitude":-28.89831,"longitude":-49.68268},{"id":15461,"name":"União do Oeste","latitude":-26.7998,"longitude":-52.89258},{"id":15473,"name":"Urubici","latitude":-28.04998,"longitude":-49.57417},{"id":15481,"name":"Urupema","latitude":-28.0416,"longitude":-49.92971},{"id":15484,"name":"Urussanga","latitude":-28.4746,"longitude":-49.31252},{"id":15516,"name":"Vargeão","latitude":-26.84426,"longitude":-52.15332},{"id":15507,"name":"Vargem","latitude":-27.45675,"longitude":-50.95789},{"id":15511,"name":"Vargem Bonita","latitude":-26.93296,"longitude":-51.74642},{"id":15560,"name":"Vidal Ramos","latitude":-27.38973,"longitude":-49.3382},{"id":15561,"name":"Videira","latitude":-27.03437,"longitude":-51.10156},{"id":15594,"name":"Vitor Meireles","latitude":-26.82672,"longitude":-49.85522},{"id":15632,"name":"Witmarsum","latitude":-26.9501,"longitude":-49.8559},{"id":15636,"name":"Xanxerê","latitude":-26.86668,"longitude":-52.4149},{"id":15638,"name":"Xavantina","latitude":-26.98819,"longitude":-52.32905},{"id":15639,"name":"Xaxim","latitude":-26.98685,"longitude":-52.51611},{"id":15646,"name":"Zortéa","latitude":-27.4974,"longitude":-51.50863}]