[{"id":18887,"name":"Béoumi","latitude":7.67395,"longitude":-5.58085},{"id":18881,"name":"Botro","latitude":7.85249,"longitude":-5.31063},{"id":18883,"name":"Bouaké","latitude":7.69385,"longitude":-5.03031},{"id":18890,"name":"Dabakala","latitude":8.36321,"longitude":-4.42863},{"id":18900,"name":"Gbêkê","latitude":7.70271,"longitude":-5.28511},{"id":18910,"name":"Hambol","latitude":8.30368,"longitude":-5.15396},{"id":18916,"name":"Katiola","latitude":8.13728,"longitude":-5.10095},{"id":18927,"name":"Sakassou","latitude":7.45462,"longitude":-5.29263}]