[{"id":16152,"name":"Ajax","latitude":43.85012,"longitude":-79.03288},{"id":16157,"name":"Algoma","latitude":47.88364,"longitude":-84.42406},{"id":16158,"name":"Alliston","latitude":44.15011,"longitude":-79.86635},{"id":16162,"name":"Amherstburg","latitude":42.10009,"longitude":-83.09985},{"id":16163,"name":"Amigo Beach","latitude":44.70011,"longitude":-79.39963},{"id":16166,"name":"Ancaster","latitude":43.21806,"longitude":-79.98716},{"id":16168,"name":"Angus","latitude":44.31681,"longitude":-79.88295},{"id":16174,"name":"Arnprior","latitude":45.43341,"longitude":-76.34939},{"id":16179,"name":"Atikokan","latitude":48.75667,"longitude":-91.62409},{"id":16180,"name":"Attawapiskat","latitude":52.92774,"longitude":-82.41669},{"id":16181,"name":"Aurora","latitude":44.00011,"longitude":-79.46632},{"id":16182,"name":"Aylmer","latitude":42.76679,"longitude":-80.98302},{"id":16183,"name":"Azilda","latitude":46.55008,"longitude":-81.09975},{"id":16188,"name":"Ballantrae","latitude":44.03342,"longitude":-79.2996},{"id":16189,"name":"Bancroft","latitude":45.05752,"longitude":-77.85702},{"id":16193,"name":"Barrie","latitude":44.40011,"longitude":-79.66634},{"id":16197,"name":"Bath","latitude":44.18342,"longitude":-76.78273},{"id":16211,"name":"Belleville","latitude":44.16682,"longitude":-77.38277},{"id":16212,"name":"Bells Corners","latitude":45.31588,"longitude":-75.83012},{"id":16213,"name":"Belmont","latitude":42.88339,"longitude":-81.08303},{"id":16218,"name":"Binbrook","latitude":43.12135,"longitude":-79.81104},{"id":16222,"name":"Bluewater","latitude":43.46679,"longitude":-81.59977},{"id":16233,"name":"Bourget","latitude":45.4334,"longitude":-75.1493},{"id":16236,"name":"Bracebridge","latitude":45.03341,"longitude":-79.31633},{"id":16237,"name":"Brampton","latitude":43.68341,"longitude":-79.76633},{"id":16239,"name":"Brant","latitude":43.1334,"longitude":-80.34967},{"id":16240,"name":"Brantford","latitude":43.1334,"longitude":-80.26636},{"id":16243,"name":"Brockville","latitude":44.59132,"longitude":-75.68705},{"id":16248,"name":"Brussels","latitude":43.73339,"longitude":-81.24975},{"id":16250,"name":"Burford","latitude":43.10292,"longitude":-80.42869},{"id":16252,"name":"Burlington","latitude":43.38621,"longitude":-79.83713},{"id":16261,"name":"Cambridge","latitude":43.3601,"longitude":-80.31269},{"id":16262,"name":"Camlachie","latitude":43.03596,"longitude":-82.1616},{"id":16274,"name":"Capreol","latitude":46.70626,"longitude":-80.92109},{"id":16280,"name":"Carleton Place","latitude":45.13341,"longitude":-76.14938},{"id":16285,"name":"Casselman","latitude":45.3168,"longitude":-75.0826},{"id":16299,"name":"Chatham","latitude":42.41224,"longitude":-82.18494},{"id":16300,"name":"Chatham-Kent","latitude":42.40009,"longitude":-82.1831},{"id":16312,"name":"Clarence-Rockland","latitude":45.5501,"longitude":-75.29101},{"id":16319,"name":"Cobourg","latitude":43.95977,"longitude":-78.16515},{"id":16321,"name":"Cochrane District","latitude":50.00022,"longitude":-82.99979},{"id":16325,"name":"Collingwood","latitude":44.4834,"longitude":-80.21638},{"id":16328,"name":"Concord","latitude":43.80011,"longitude":-79.48291},{"id":16329,"name":"Constance Bay","latitude":45.50011,"longitude":-76.08267},{"id":16333,"name":"Cookstown","latitude":44.18341,"longitude":-79.69964},{"id":16337,"name":"Cornwall","latitude":45.01809,"longitude":-74.72815},{"id":16339,"name":"Corunna","latitude":42.88338,"longitude":-82.43313},{"id":16361,"name":"Deep River","latitude":46.10012,"longitude":-77.49949},{"id":16363,"name":"Delaware","latitude":42.91679,"longitude":-81.41646},{"id":16369,"name":"Deseronto","latitude":44.20012,"longitude":-77.04944},{"id":16380,"name":"Dorchester","latitude":42.98339,"longitude":-81.06643},{"id":16382,"name":"Dowling","latitude":46.59111,"longitude":-81.33917},{"id":16385,"name":"Dryden","latitude":49.78334,"longitude":-92.75032},{"id":16389,"name":"Durham","latitude":44.20012,"longitude":-78.99957},{"id":16390,"name":"Ear Falls","latitude":50.63955,"longitude":-93.23526},{"id":16393,"name":"East Gwillimbury","latitude":44.10087,"longitude":-79.43785},{"id":16395,"name":"East York","latitude":43.69053,"longitude":-79.32794},{"id":16401,"name":"Elliot Lake","latitude":46.38336,"longitude":-82.63315},{"id":16403,"name":"Elmvale","latitude":44.5834,"longitude":-79.86636},{"id":16405,"name":"Englehart","latitude":47.81686,"longitude":-79.8664},{"id":16408,"name":"Espanola","latitude":46.25837,"longitude":-81.76649},{"id":16409,"name":"Essex","latitude":42.17509,"longitude":-82.82483},{"id":16412,"name":"Etobicoke","latitude":43.65421,"longitude":-79.56711},{"id":16427,"name":"Fort Erie","latitude":42.90012,"longitude":-78.93286},{"id":16428,"name":"Fort Frances","latitude":48.61667,"longitude":-93.4003},{"id":16446,"name":"Gananoque","latitude":44.33342,"longitude":-76.16607},{"id":16455,"name":"Glencoe","latitude":42.75009,"longitude":-81.71648},{"id":16457,"name":"Goderich","latitude":43.74171,"longitude":-81.71339},{"id":16459,"name":"Golden","latitude":51.05917,"longitude":-93.73568},{"id":16470,"name":"Gravenhurst","latitude":44.91681,"longitude":-79.36633},{"id":16472,"name":"Greater Napanee","latitude":44.25012,"longitude":-76.94944},{"id":16473,"name":"Greater Sudbury","latitude":46.49,"longitude":-80.99001},{"id":16474,"name":"Greenstone","latitude":49.73343,"longitude":-87.16668},{"id":16478,"name":"Guelph","latitude":43.54594,"longitude":-80.25599},{"id":16480,"name":"Haldimand County","latitude":42.98341,"longitude":-79.86633},{"id":16481,"name":"Haliburton Village","latitude":45.05154,"longitude":-78.52245},{"id":16483,"name":"Halton","latitude":43.50011,"longitude":-79.88294},{"id":16484,"name":"Hamilton","latitude":43.25011,"longitude":-79.84963},{"id":16489,"name":"Hanover","latitude":44.15009,"longitude":-81.03303},{"id":16494,"name":"Harriston","latitude":43.90009,"longitude":-80.88302},{"id":16497,"name":"Hawkesbury","latitude":45.60009,"longitude":-74.61595},{"id":16501,"name":"Hearst","latitude":49.68351,"longitude":-83.66654},{"id":16509,"name":"Hornepayne","latitude":49.21451,"longitude":-84.77617},{"id":16515,"name":"Huntsville","latitude":45.33341,"longitude":-79.21632},{"id":16516,"name":"Huron East","latitude":43.61679,"longitude":-81.29975},{"id":16520,"name":"Ingersoll","latitude":43.03339,"longitude":-80.88302},{"id":16521,"name":"Innisfil","latitude":44.30011,"longitude":-79.64964},{"id":16525,"name":"Iroquois Falls","latitude":48.76688,"longitude":-80.68307},{"id":16527,"name":"Jarvis","latitude":42.88341,"longitude":-80.09965},{"id":16533,"name":"Kanata","latitude":45.3001,"longitude":-75.91606},{"id":16534,"name":"Kapuskasing","latitude":49.41694,"longitude":-82.43308},{"id":16535,"name":"Kawartha Lakes","latitude":44.58342,"longitude":-78.83288},{"id":16537,"name":"Kenora","latitude":49.76741,"longitude":-94.48985},{"id":16541,"name":"Keswick","latitude":44.25011,"longitude":-79.46632},{"id":16546,"name":"Kincardine","latitude":44.18339,"longitude":-81.63307},{"id":16548,"name":"King","latitude":43.96514,"longitude":-79.59011},{"id":16550,"name":"Kingston","latitude":44.22976,"longitude":-76.48098},{"id":16552,"name":"Kirkland Lake","latitude":48.14461,"longitude":-80.03767},{"id":16553,"name":"Kitchener","latitude":43.42537,"longitude":-80.5112},{"id":16560,"name":"L'Orignal","latitude":45.6198,"longitude":-74.6915},{"id":16590,"name":"Lakefield","latitude":44.43342,"longitude":-78.26623},{"id":16591,"name":"Lambton Shores","latitude":43.16678,"longitude":-81.93309},{"id":16601,"name":"Lappe","latitude":48.5668,"longitude":-89.35013},{"id":16607,"name":"Leamington","latitude":42.05009,"longitude":-82.59981},{"id":16617,"name":"Limoges","latitude":45.3334,"longitude":-75.24931},{"id":16619,"name":"Lindsay","latitude":44.35012,"longitude":-78.73286},{"id":16622,"name":"Listowel","latitude":43.7334,"longitude":-80.94973},{"id":16623,"name":"Little Current","latitude":45.97927,"longitude":-81.9248},{"id":16624,"name":"Lively","latitude":46.43338,"longitude":-81.14975},{"id":16627,"name":"London","latitude":42.98339,"longitude":-81.23304},{"id":16633,"name":"Lucan","latitude":43.18339,"longitude":-81.39976},{"id":16643,"name":"Madoc","latitude":44.50842,"longitude":-77.47448},{"id":16650,"name":"Manitoulin District","latitude":45.75007,"longitude":-82.49985},{"id":16651,"name":"Manitouwadge","latitude":49.12152,"longitude":-85.8403},{"id":16658,"name":"Marathon","latitude":48.7501,"longitude":-86.43322},{"id":16661,"name":"Markdale","latitude":44.3168,"longitude":-80.64971},{"id":16662,"name":"Markham","latitude":43.86682,"longitude":-79.2663},{"id":16669,"name":"Mattawa","latitude":46.31681,"longitude":-78.69957},{"id":16674,"name":"Meaford","latitude":44.60725,"longitude":-80.61081},{"id":16683,"name":"Metcalfe","latitude":45.2334,"longitude":-75.46603},{"id":16687,"name":"Midland","latitude":44.7501,"longitude":-79.88296},{"id":16688,"name":"Mildmay","latitude":44.05009,"longitude":-81.11644},{"id":16690,"name":"Millbrook","latitude":44.15012,"longitude":-78.44954},{"id":16692,"name":"Milton","latitude":43.51681,"longitude":-79.88294},{"id":16697,"name":"Mississauga","latitude":43.5789,"longitude":-79.6583},{"id":16698,"name":"Mississauga Beach","latitude":43.26682,"longitude":-79.08287},{"id":16712,"name":"Moose Factory","latitude":51.26689,"longitude":-80.61624},{"id":16716,"name":"Moosonee","latitude":51.27931,"longitude":-80.6345},{"id":16721,"name":"Morrisburg","latitude":44.9001,"longitude":-75.18261},{"id":16722,"name":"Mount Albert","latitude":44.13341,"longitude":-79.3163},{"id":16723,"name":"Mount Brydges","latitude":42.90009,"longitude":-81.48306},{"id":16730,"name":"Napanee","latitude":44.25012,"longitude":-76.94944},{"id":16731,"name":"Napanee Downtown","latitude":44.24832,"longitude":-76.95069},{"id":16733,"name":"Neebing","latitude":48.1668,"longitude":-89.41683},{"id":16736,"name":"Nepean","latitude":45.35215,"longitude":-75.73975},{"id":16740,"name":"New Hamburg","latitude":43.38339,"longitude":-80.6997},{"id":16744,"name":"Newmarket","latitude":44.05011,"longitude":-79.46631},{"id":16745,"name":"Niagara Falls","latitude":43.10012,"longitude":-79.06627},{"id":16748,"name":"Nipissing District","latitude":46.0001,"longitude":-78.99959},{"id":16752,"name":"Norfolk County","latitude":42.8334,"longitude":-80.38297},{"id":16756,"name":"North Bay","latitude":46.3168,"longitude":-79.46633},{"id":16759,"name":"North Perth","latitude":43.7251,"longitude":-80.96723},{"id":16762,"name":"North York","latitude":43.76681,"longitude":-79.4163},{"id":16763,"name":"Norwood","latitude":44.38342,"longitude":-77.98281},{"id":16770,"name":"Oakville","latitude":43.45011,"longitude":-79.68292},{"id":16777,"name":"Omemee","latitude":44.29897,"longitude":-78.55989},{"id":16778,"name":"Orangeville","latitude":43.9168,"longitude":-80.09967},{"id":16779,"name":"Orillia","latitude":44.60868,"longitude":-79.42068},{"id":16782,"name":"Osgoode","latitude":45.14887,"longitude":-75.59778},{"id":16783,"name":"Oshawa","latitude":43.90012,"longitude":-78.84957},{"id":16785,"name":"Ottawa","latitude":45.41117,"longitude":-75.69812},{"id":16789,"name":"Owen Sound","latitude":44.56717,"longitude":-80.94349},{"id":16792,"name":"Paisley","latitude":44.30641,"longitude":-81.27265},{"id":16796,"name":"Paris","latitude":43.2,"longitude":-80.38333},{"id":16797,"name":"Parkhill","latitude":43.15993,"longitude":-81.68464},{"id":16800,"name":"Parry Sound","latitude":45.34732,"longitude":-80.03527},{"id":16801,"name":"Parry Sound District","latitude":45.75011,"longitude":-79.83297},{"id":16806,"name":"Peel","latitude":43.75011,"longitude":-79.78293},{"id":16809,"name":"Pembroke","latitude":45.81681,"longitude":-77.11616},{"id":16812,"name":"Perth","latitude":44.90011,"longitude":-76.24939},{"id":16813,"name":"Petawawa","latitude":45.89452,"longitude":-77.28007},{"id":16814,"name":"Peterborough","latitude":44.30012,"longitude":-78.31623},{"id":16815,"name":"Petrolia","latitude":42.86678,"longitude":-82.14981},{"id":16816,"name":"Pickering","latitude":43.90012,"longitude":-79.13289},{"id":16817,"name":"Picton","latitude":44.00012,"longitude":-77.13275},{"id":16827,"name":"Plantagenet","latitude":45.5326,"longitude":-74.99369},{"id":16828,"name":"Plattsville","latitude":43.3001,"longitude":-80.61639},{"id":16838,"name":"Port Colborne","latitude":42.90012,"longitude":-79.23288},{"id":16841,"name":"Port Hope","latitude":44.01682,"longitude":-78.39953},{"id":16844,"name":"Port Rowan","latitude":42.6168,"longitude":-80.46638},{"id":16845,"name":"Port Stanley","latitude":42.66679,"longitude":-81.21644},{"id":16850,"name":"Powassan","latitude":46.0334,"longitude":-79.34961},{"id":16853,"name":"Prescott","latitude":44.71681,"longitude":-75.51604},{"id":16855,"name":"Prince Edward","latitude":44.00012,"longitude":-77.24946},{"id":16864,"name":"Queenswood Heights","latitude":45.47083,"longitude":-75.50556},{"id":16866,"name":"Quinte West","latitude":44.18342,"longitude":-77.56618},{"id":16868,"name":"Rainy River District","latitude":48.49981,"longitude":-92.50031},{"id":16872,"name":"Rayside-Balfour","latitude":46.60873,"longitude":-81.20763},{"id":16874,"name":"Red Lake","latitude":51.01678,"longitude":-93.82736},{"id":16879,"name":"Regional Municipality of Waterloo","latitude":43.5001,"longitude":-80.49969},{"id":16880,"name":"Renfrew","latitude":45.46681,"longitude":-76.68272},{"id":16887,"name":"Richmond","latitude":45.1834,"longitude":-75.83266},{"id":16888,"name":"Richmond Hill","latitude":43.87111,"longitude":-79.43725},{"id":16890,"name":"Ridgetown","latitude":42.43339,"longitude":-81.89978},{"id":16900,"name":"Rockwood","latitude":43.61899,"longitude":-80.14441},{"id":16909,"name":"Russell","latitude":45.2501,"longitude":-75.36602},{"id":17020,"name":"Sarnia","latitude":42.97866,"longitude":-82.40407},{"id":17022,"name":"Sault Ste. Marie","latitude":46.51677,"longitude":-84.33325},{"id":17023,"name":"Scarborough","latitude":43.77223,"longitude":-79.25666},{"id":17024,"name":"Seaforth","latitude":43.55009,"longitude":-81.39976},{"id":17036,"name":"Shelburne","latitude":44.0787,"longitude":-80.20408},{"id":17045,"name":"Simcoe","latitude":42.8334,"longitude":-80.29967},{"id":17046,"name":"Sioux Lookout","latitude":50.06676,"longitude":-91.98358},{"id":17048,"name":"Skatepark","latitude":44.25122,"longitude":-76.94424},{"id":17051,"name":"Smiths Falls","latitude":44.90452,"longitude":-76.02333},{"id":17057,"name":"South Huron","latitude":43.31679,"longitude":-81.51647},{"id":17059,"name":"South River","latitude":45.8334,"longitude":-79.38293},{"id":17070,"name":"St. Catharines","latitude":43.17126,"longitude":-79.24267},{"id":17071,"name":"St. George","latitude":43.24495,"longitude":-80.25144},{"id":17073,"name":"St. Thomas","latitude":42.77361,"longitude":-81.18038},{"id":17079,"name":"Stirling","latitude":44.30012,"longitude":-77.54948},{"id":17081,"name":"Stoney Point","latitude":44.26681,"longitude":-79.53292},{"id":17083,"name":"Stratford","latitude":43.36679,"longitude":-80.94972},{"id":17085,"name":"Sudbury","latitude":47.16679,"longitude":-81.9998},{"id":17100,"name":"Tavistock","latitude":43.31679,"longitude":-80.83302},{"id":17101,"name":"Temiskaming Shores","latitude":47.49376,"longitude":-79.71529},{"id":17106,"name":"Thessalon","latitude":46.25006,"longitude":-83.5666},{"id":149581,"name":"Thornhill","latitude":43.8170848,"longitude":-79.4501194},{"id":17109,"name":"Thorold","latitude":43.11682,"longitude":-79.19958},{"id":17111,"name":"Thunder Bay","latitude":48.38202,"longitude":-89.25018},{"id":17112,"name":"Thunder Bay District","latitude":49.50011,"longitude":-88.50004},{"id":17114,"name":"Timiskaming District","latitude":47.75016,"longitude":-80.33303},{"id":17115,"name":"Timmins","latitude":48.46686,"longitude":-81.33312},{"id":17117,"name":"Tobermory","latitude":45.25007,"longitude":-81.66647},{"id":17121,"name":"Toronto","latitude":43.70011,"longitude":-79.4163},{"id":17122,"name":"Toronto county","latitude":43.69655,"longitude":-79.42909},{"id":17123,"name":"Tottenham","latitude":44.02437,"longitude":-79.80553},{"id":17130,"name":"Tweed","latitude":44.47512,"longitude":-77.31616},{"id":17136,"name":"Uxbridge","latitude":44.10012,"longitude":-79.11628},{"id":17142,"name":"Valley East","latitude":46.66773,"longitude":-81.00028},{"id":17147,"name":"Vanier","latitude":45.4399,"longitude":-75.66498},{"id":17150,"name":"Vaughan","latitude":43.8361,"longitude":-79.49827},{"id":17160,"name":"Vineland","latitude":43.15012,"longitude":-79.3996},{"id":17162,"name":"Virgil","latitude":43.21682,"longitude":-79.13288},{"id":17169,"name":"Walpole Island","latitude":42.6152,"longitude":-82.51398},{"id":17172,"name":"Wasaga Beach","latitude":44.5168,"longitude":-80.01637},{"id":17175,"name":"Waterford","latitude":42.9334,"longitude":-80.28296},{"id":17176,"name":"Waterloo","latitude":43.4668,"longitude":-80.51639},{"id":17178,"name":"Watford","latitude":42.95008,"longitude":-81.88309},{"id":17181,"name":"Wawa","latitude":47.98877,"longitude":-84.77411},{"id":17184,"name":"Welland","latitude":42.98342,"longitude":-79.24958},{"id":17185,"name":"Wellesley","latitude":43.47691,"longitude":-80.76209},{"id":17188,"name":"Wendover","latitude":45.57275,"longitude":-75.12757},{"id":17191,"name":"West Lorne","latitude":42.60009,"longitude":-81.59976},{"id":17208,"name":"Willowdale","latitude":43.76672,"longitude":-79.39909},{"id":17209,"name":"Winchester","latitude":45.0834,"longitude":-75.34933},{"id":17212,"name":"Windsor","latitude":42.30008,"longitude":-83.01654},{"id":17213,"name":"Wingham","latitude":43.88793,"longitude":-81.31145},{"id":17217,"name":"Woodstock","latitude":43.13339,"longitude":-80.7497},{"id":17222,"name":"York","latitude":44.00011,"longitude":-79.46632}]