[{"id":8456,"name":"Bagerhat","latitude":22.4,"longitude":89.75},{"id":8467,"name":"Bhātpāra Abhaynagar","latitude":23.01472,"longitude":89.43936},{"id":8464,"name":"Bherāmāra","latitude":24.02452,"longitude":88.99234},{"id":8482,"name":"Chuadanga","latitude":23.63333,"longitude":88.85},{"id":8504,"name":"Jessore","latitude":23.08333,"longitude":89.16667},{"id":8506,"name":"Jhenaidah","latitude":23.5,"longitude":89.16667},{"id":8507,"name":"Jhingergācha","latitude":23.11134,"longitude":89.09061},{"id":8519,"name":"Kālia","latitude":23.043,"longitude":89.63094},{"id":8520,"name":"Kālīganj","latitude":23.40964,"longitude":89.13801},{"id":8511,"name":"Kesabpur","latitude":22.90725,"longitude":89.21954},{"id":8514,"name":"Khulna","latitude":22.5,"longitude":89.33333},{"id":8518,"name":"Kushtia","latitude":23.83333,"longitude":88.91667},{"id":8528,"name":"Magura","latitude":23.43333,"longitude":89.43333},{"id":8536,"name":"Meherpur","latitude":23.75,"longitude":88.7},{"id":8538,"name":"Morrelgonj","latitude":22.45566,"longitude":89.85584},{"id":8546,"name":"Narail","latitude":23.13333,"longitude":89.6},{"id":8554,"name":"Nowlamary","latitude":23.67346,"longitude":88.98885},{"id":8566,"name":"Phultala","latitude":22.71673,"longitude":89.51194},{"id":8585,"name":"Sarankhola","latitude":22.31006,"longitude":89.79113},{"id":8587,"name":"Satkhira","latitude":22.35,"longitude":89.15},{"id":8606,"name":"Ujalpur","latitude":23.80562,"longitude":88.62444},{"id":8607,"name":"Uttar Char Fasson","latitude":22.22647,"longitude":90.71275}]