[{"id":17409,"name":"Arosa","latitude":46.77793,"longitude":9.67621},{"id":17411,"name":"Arvigo","latitude":46.30211,"longitude":9.113},{"id":17547,"name":"Bonaduz","latitude":46.81103,"longitude":9.39821},{"id":17559,"name":"Breíl","latitude":46.76986,"longitude":9.06036},{"id":17571,"name":"Brusio","latitude":46.25953,"longitude":10.12385},{"id":17585,"name":"Buseno","latitude":46.27381,"longitude":9.10735},{"id":17615,"name":"Cauco","latitude":46.33541,"longitude":9.12129},{"id":17617,"name":"Cazis","latitude":46.7194,"longitude":9.43271},{"id":17618,"name":"Celerina","latitude":46.51217,"longitude":9.85794},{"id":17638,"name":"Chur","latitude":46.84986,"longitude":9.53287},{"id":17639,"name":"Churwalden","latitude":46.78143,"longitude":9.54377},{"id":17677,"name":"Davos","latitude":46.80429,"longitude":9.83723},{"id":17699,"name":"Disentis","latitude":46.70341,"longitude":8.8509},{"id":17700,"name":"Domat","latitude":46.83483,"longitude":9.45075},{"id":17783,"name":"Felsberg","latitude":46.84566,"longitude":9.47588},{"id":17793,"name":"Flims","latitude":46.83705,"longitude":9.28458},{"id":17882,"name":"Grüsch","latitude":46.97965,"longitude":9.64639},{"id":17917,"name":"Hinterrhein","latitude":46.53333,"longitude":9.2},{"id":17947,"name":"Igis","latitude":46.94531,"longitude":9.57218},{"id":17948,"name":"Ilanz","latitude":46.77413,"longitude":9.20461},{"id":17958,"name":"Jenaz","latitude":46.92892,"longitude":9.71275},{"id":17986,"name":"Klosters Serneus","latitude":46.88918,"longitude":9.83826},{"id":18024,"name":"La Punt Chamues-ch","latitude":46.57887,"longitude":9.92015},{"id":18029,"name":"Laax","latitude":46.80452,"longitude":9.25787},{"id":18033,"name":"Landquart","latitude":46.95,"longitude":9.56667},{"id":18067,"name":"Lenzerheide","latitude":46.72215,"longitude":9.55905},{"id":18105,"name":"Luzein","latitude":46.91957,"longitude":9.7608},{"id":18116,"name":"Maienfeld","latitude":47.00472,"longitude":9.53115},{"id":18117,"name":"Malans","latitude":46.98096,"longitude":9.57527},{"id":18155,"name":"Mesocco","latitude":46.3939,"longitude":9.23333},{"id":18318,"name":"Pontresina","latitude":46.4955,"longitude":9.90126},{"id":18321,"name":"Poschiavo","latitude":46.32441,"longitude":10.05823},{"id":18348,"name":"Region Albula","latitude":46.60255,"longitude":9.6515},{"id":18349,"name":"Region Bernina","latitude":46.33488,"longitude":10.07349},{"id":18350,"name":"Region Engiadina Bassa / Val Müstair","latitude":46.75212,"longitude":10.26032},{"id":18351,"name":"Region Imboden","latitude":46.84876,"longitude":9.36225},{"id":18352,"name":"Region Landquart","latitude":46.96403,"longitude":9.56365},{"id":18353,"name":"Region Maloja","latitude":46.47448,"longitude":9.83138},{"id":18354,"name":"Region Moesa","latitude":46.352,"longitude":9.1787},{"id":18355,"name":"Region Plessur","latitude":46.81819,"longitude":9.62542},{"id":18356,"name":"Region Prättigau / Davos","latitude":46.86727,"longitude":9.82014},{"id":18357,"name":"Region Surselva","latitude":46.69564,"longitude":9.04834},{"id":18358,"name":"Region Viamala","latitude":46.58762,"longitude":9.40035},{"id":18367,"name":"Rhäzüns","latitude":46.79891,"longitude":9.39764},{"id":18435,"name":"Samedan","latitude":46.53399,"longitude":9.87276},{"id":18457,"name":"Scharans","latitude":46.71814,"longitude":9.45903},{"id":18460,"name":"Schiers","latitude":46.96973,"longitude":9.6872},{"id":18490,"name":"Scuol","latitude":46.79671,"longitude":10.29804},{"id":18522,"name":"Silvaplana","latitude":46.4581,"longitude":9.79514},{"id":18535,"name":"St. Moritz","latitude":46.49937,"longitude":9.84327},{"id":18572,"name":"Tamins","latitude":46.82964,"longitude":9.40648},{"id":18594,"name":"Thusis","latitude":46.69724,"longitude":9.43938},{"id":18596,"name":"Tiefencastel","latitude":46.66014,"longitude":9.57883},{"id":18604,"name":"Trimmis","latitude":46.90075,"longitude":9.5612},{"id":18610,"name":"Trun","latitude":46.74292,"longitude":8.98716},{"id":18637,"name":"Untervaz","latitude":46.9275,"longitude":9.53422},{"id":18660,"name":"Vals Platz","latitude":46.61647,"longitude":9.18025},{"id":18794,"name":"Zernez","latitude":46.69862,"longitude":10.09268},{"id":18795,"name":"Zizers","latitude":46.93575,"longitude":9.56491},{"id":18804,"name":"Zuoz","latitude":46.60206,"longitude":9.95965}]